Workbook

Sheet Fertilizer
A2: 04-0001 | B2: 46-0-0 | C2: 50
A3: 04-0003 | B3: Borax | C3: 25
A4: 04-0008 | B4: 0-0-60 | C4: 50
A5: 04-0030 | B5: 0-3-0 | C5: 50
A6: 04-0169 | B6: Dolomite | C6: 25

Sheet Terrain
A1: พื้นที่ | B1: แปลง | C1: รหัสบล๊อก | D1: รหัสบล๊อกใหม่ | E1: จน.ไร่ | F1: จน.ต้น | G1: ปีปลูก | H1: ช่วงปี
A2: Lower | B2: Panrai | C2: R-22-C5 | D2: =IF(LEFT(C2,2)="R-",MID(C2,3,FIND("-",C2,3)-3)&"-"&LEFT(MID(C2,FIND("-",C2,3)+1,99),1)&TEXT(--MID(C2,FIND("-",C2,3)+2,99),"00")&"-R",LEFT(C2,FIND("-",C2))&LEFT(MID(C2,FIND("-",C2)+1,99),1)&TEXT(--MID(C2,FIND("-",C2)+2,99),"00")) -> 22-C05-R | E2: 8 | F2: 184 | G2: =2500+VALUE(MID(D2,1,2)) -> 2522 | H2: ปาล์มใหญ่
A3: Lower | B3: Yuansao | C3: 30-PU1 | D3: 30-PU1 | E3: 82 | F3: 1813 | G3: =2500+VALUE(MID(D3,1,2)) -> 2530 | H3: ปาล์มใหญ่
A4: Lower | B4: Yuansao | C4: 30-PU3 | D4: 30-PU3 | E4: 72 | F4: 1574 | G4: =2500+VALUE(MID(D4,1,2)) -> 2530 | H4: ปาล์มใหญ่
A5: Lower | B5: Yuansao | C5: 30-PU4 | D5: 30-PU4 | E5: 69 | F5: 1509 | G5: =2500+VALUE(MID(D5,1,2)) -> 2530 | H5: ปาล์มใหญ่
A6: Lower | B6: Kapao | C6: R-49-A10 | D6: =IF(LEFT(C6,2)="R-",MID(C6,3,FIND("-",C6,3)-3)&"-"&LEFT(MID(C6,FIND("-",C6,3)+1,99),1)&TEXT(--MID(C6,FIND("-",C6,3)+2,99),"00")&"-R",LEFT(C6,FIND("-",C6))&LEFT(MID(C6,FIND("-",C6)+1,99),1)&TEXT(--MID(C6,FIND("-",C6)+2,99),"00")) -> 49-A10-R | E6: 111 | F6: 2785 | G6: =2500+VALUE(MID(D6,1,2)) -> 2549 | H6: 2549 - 2552
A7: Lower | B7: Kapao | C7: R-49-A11 | D7: =IF(LEFT(C7,2)="R-",MID(C7,3,FIND("-",C7,3)-3)&"-"&LEFT(MID(C7,FIND("-",C7,3)+1,99),1)&TEXT(--MID(C7,FIND("-",C7,3)+2,99),"00")&"-R",LEFT(C7,FIND("-",C7))&LEFT(MID(C7,FIND("-",C7)+1,99),1)&TEXT(--MID(C7,FIND("-",C7)+2,99),"00")) -> 49-A11-R | E7: 97 | F7: 2421 | G7: =2500+VALUE(MID(D7,1,2)) -> 2549 | H7: 2549 - 2552
A8: Lower | B8: Kapao | C8: R-49-A12 | D8: =IF(LEFT(C8,2)="R-",MID(C8,3,FIND("-",C8,3)-3)&"-"&LEFT(MID(C8,FIND("-",C8,3)+1,99),1)&TEXT(--MID(C8,FIND("-",C8,3)+2,99),"00")&"-R",LEFT(C8,FIND("-",C8))&LEFT(MID(C8,FIND("-",C8)+1,99),1)&TEXT(--MID(C8,FIND("-",C8)+2,99),"00")) -> 49-A12-R | E8: 151 | F8: 3764 | G8: =2500+VALUE(MID(D8,1,2)) -> 2549 | H8: 2549 - 2552
A9: Lower | B9: Kapao | C9: R-49-A13 | D9: =IF(LEFT(C9,2)="R-",MID(C9,3,FIND("-",C9,3)-3)&"-"&LEFT(MID(C9,FIND("-",C9,3)+1,99),1)&TEXT(--MID(C9,FIND("-",C9,3)+2,99),"00")&"-R",LEFT(C9,FIND("-",C9))&LEFT(MID(C9,FIND("-",C9)+1,99),1)&TEXT(--MID(C9,FIND("-",C9)+2,99),"00")) -> 49-A13-R | E9: 116 | F9: 2893 | G9: =2500+VALUE(MID(D9,1,2)) -> 2549 | H9: 2549 - 2552
A10: Lower | B10: Kapao | C10: 50-A4 | D10: =IF(LEFT(C10,2)="R-",MID(C10,3,FIND("-",C10,3)-3)&"-"&LEFT(MID(C10,FIND("-",C10,3)+1,99),1)&TEXT(--MID(C10,FIND("-",C10,3)+2,99),"00")&"-R",LEFT(C10,FIND("-",C10))&LEFT(MID(C10,FIND("-",C10)+1,99),1)&TEXT(--MID(C10,FIND("-",C10)+2,99),"00")) -> 50-A04 | E10: 195 | F10: 4864 | G10: =2500+VALUE(MID(D10,1,2)) -> 2550 | H10: 2549 - 2552
A11: Lower | B11: Kapao | C11: 50-A5 | D11: =IF(LEFT(C11,2)="R-",MID(C11,3,FIND("-",C11,3)-3)&"-"&LEFT(MID(C11,FIND("-",C11,3)+1,99),1)&TEXT(--MID(C11,FIND("-",C11,3)+2,99),"00")&"-R",LEFT(C11,FIND("-",C11))&LEFT(MID(C11,FIND("-",C11)+1,99),1)&TEXT(--MID(C11,FIND("-",C11)+2,99),"00")) -> 50-A05 | E11: 171 | F11: 4608 | G11: =2500+VALUE(MID(D11,1,2)) -> 2550 | H11: 2549 - 2552
A12: Lower | B12: Panrai | C12: R-50-C5 | D12: =IF(LEFT(C12,2)="R-",MID(C12,3,FIND("-",C12,3)-3)&"-"&LEFT(MID(C12,FIND("-",C12,3)+1,99),1)&TEXT(--MID(C12,FIND("-",C12,3)+2,99),"00")&"-R",LEFT(C12,FIND("-",C12))&LEFT(MID(C12,FIND("-",C12)+1,99),1)&TEXT(--MID(C12,FIND("-",C12)+2,99),"00")) -> 50-C05-R | E12: 103 | F12: 2792 | G12: =2500+VALUE(MID(D12,1,2)) -> 2550 | H12: 2549 - 2552
A13: Lower | B13: Panrai | C13: R-50-C7 | D13: =IF(LEFT(C13,2)="R-",MID(C13,3,FIND("-",C13,3)-3)&"-"&LEFT(MID(C13,FIND("-",C13,3)+1,99),1)&TEXT(--MID(C13,FIND("-",C13,3)+2,99),"00")&"-R",LEFT(C13,FIND("-",C13))&LEFT(MID(C13,FIND("-",C13)+1,99),1)&TEXT(--MID(C13,FIND("-",C13)+2,99),"00")) -> 50-C07-R | E13: 156 | F13: 4202 | G13: =2500+VALUE(MID(D13,1,2)) -> 2550 | H13: 2549 - 2552
A14: Lower | B14: Plairang | C14: 51-P7 | D14: =IF(LEFT(C14,2)="R-",MID(C14,3,FIND("-",C14,3)-3)&"-"&LEFT(MID(C14,FIND("-",C14,3)+1,99),1)&TEXT(--MID(C14,FIND("-",C14,3)+2,99),"00")&"-R",LEFT(C14,FIND("-",C14))&LEFT(MID(C14,FIND("-",C14)+1,99),1)&TEXT(--MID(C14,FIND("-",C14)+2,99),"00")) -> 51-P07 | E14: 6 | F14: 152 | G14: =2500+VALUE(MID(D14,1,2)) -> 2551 | H14: 2549 - 2552
A15: Lower | B15: Plairang | C15: R-51-P7 | D15: =IF(LEFT(C15,2)="R-",MID(C15,3,FIND("-",C15,3)-3)&"-"&LEFT(MID(C15,FIND("-",C15,3)+1,99),1)&TEXT(--MID(C15,FIND("-",C15,3)+2,99),"00")&"-R",LEFT(C15,FIND("-",C15))&LEFT(MID(C15,FIND("-",C15)+1,99),1)&TEXT(--MID(C15,FIND("-",C15)+2,99),"00")) -> 51-P07-R | E15: 15 | F15: 401 | G15: =2500+VALUE(MID(D15,1,2)) -> 2551 | H15: 2549 - 2552
A16: Lower | B16: Plairang | C16: R-55-P7 | D16: =IF(LEFT(C16,2)="R-",MID(C16,3,FIND("-",C16,3)-3)&"-"&LEFT(MID(C16,FIND("-",C16,3)+1,99),1)&TEXT(--MID(C16,FIND("-",C16,3)+2,99),"00")&"-R",LEFT(C16,FIND("-",C16))&LEFT(MID(C16,FIND("-",C16)+1,99),1)&TEXT(--MID(C16,FIND("-",C16)+2,99),"00")) -> 55-P07-R | E16: 4 | F16: 93 | G16: =2500+VALUE(MID(D16,1,2)) -> 2555 | H16: 2555 - 2558
A17: Lower | B17: Kapao | C17: 56-A1 | D17: =IF(LEFT(C17,2)="R-",MID(C17,3,FIND("-",C17,3)-3)&"-"&LEFT(MID(C17,FIND("-",C17,3)+1,99),1)&TEXT(--MID(C17,FIND("-",C17,3)+2,99),"00")&"-R",LEFT(C17,FIND("-",C17))&LEFT(MID(C17,FIND("-",C17)+1,99),1)&TEXT(--MID(C17,FIND("-",C17)+2,99),"00")) -> 56-A01 | E17: 78 | F17: 1950 | G17: =2500+VALUE(MID(D17,1,2)) -> 2556 | H17: 2555 - 2558
... A48: Lower | B48: Monmai | C48: R-65-D5 | D48: =IF(LEFT(C48,2)="R-",MID(C48,3,FIND("-",C48,3)-3)&"-"&LEFT(MID(C48,FIND("-",C48,3)+1,99),1)&TEXT(--MID(C48,FIND("-",C48,3)+2,99),"00")&"-R",LEFT(C48,FIND("-",C48))&LEFT(MID(C48,FIND("-",C48)+1,99),1)&TEXT(--MID(C48,FIND("-",C48)+2,99),"00")) -> 65-D05-R | E48: 122 | F48: 2687 | G48: =2500+VALUE(MID(D48,1,2)) -> 2565 | H48: 2563 - 2565
A49: Lower | B49: Monmai | C49: R-66-D9 | D49: =IF(LEFT(C49,2)="R-",MID(C49,3,FIND("-",C49,3)-3)&"-"&LEFT(MID(C49,FIND("-",C49,3)+1,99),1)&TEXT(--MID(C49,FIND("-",C49,3)+2,99),"00")&"-R",LEFT(C49,FIND("-",C49))&LEFT(MID(C49,FIND("-",C49)+1,99),1)&TEXT(--MID(C49,FIND("-",C49)+2,99),"00")) -> 66-D09-R | E49: 136 | F49: 2999 | G49: =2500+VALUE(MID(D49,1,2)) -> 2566 | H49: 2566
A50: Lower | B50: Plairang | C50: R-66-P3 | D50: =IF(LEFT(C50,2)="R-",MID(C50,3,FIND("-",C50,3)-3)&"-"&LEFT(MID(C50,FIND("-",C50,3)+1,99),1)&TEXT(--MID(C50,FIND("-",C50,3)+2,99),"00")&"-R",LEFT(C50,FIND("-",C50))&LEFT(MID(C50,FIND("-",C50)+1,99),1)&TEXT(--MID(C50,FIND("-",C50)+2,99),"00")) -> 66-P03-R | E50: 116 | F50: 2550 | G50: =2500+VALUE(MID(D50,1,2)) -> 2566 | H50: 2566
A51: Lower | B51: Plairang | C51: R-66-P4 | D51: =IF(LEFT(C51,2)="R-",MID(C51,3,FIND("-",C51,3)-3)&"-"&LEFT(MID(C51,FIND("-",C51,3)+1,99),1)&TEXT(--MID(C51,FIND("-",C51,3)+2,99),"00")&"-R",LEFT(C51,FIND("-",C51))&LEFT(MID(C51,FIND("-",C51)+1,99),1)&TEXT(--MID(C51,FIND("-",C51)+2,99),"00")) -> 66-P04-R | E51: 130 | F51: 2854 | G51: =2500+VALUE(MID(D51,1,2)) -> 2566 | H51: 2566
A52: Lower | B52: Plairang | C52: R-66-P5 | D52: =IF(LEFT(C52,2)="R-",MID(C52,3,FIND("-",C52,3)-3)&"-"&LEFT(MID(C52,FIND("-",C52,3)+1,99),1)&TEXT(--MID(C52,FIND("-",C52,3)+2,99),"00")&"-R",LEFT(C52,FIND("-",C52))&LEFT(MID(C52,FIND("-",C52)+1,99),1)&TEXT(--MID(C52,FIND("-",C52)+2,99),"00")) -> 66-P05-R | E52: 141 | F52: 3111 | G52: =2500+VALUE(MID(D52,1,2)) -> 2566 | H52: 2566
A53: Lower | B53: Yuansao | C53: 66-PU2 | D53: 66-PU2 | E53: 90 | F53: 1970 | G53: =2500+VALUE(MID(D53,1,2)) -> 2566 | H53: 2566
A54: Lower | B54: Monmai | C54: R-67-D6 | D54: =IF(LEFT(C54,2)="R-",MID(C54,3,FIND("-",C54,3)-3)&"-"&LEFT(MID(C54,FIND("-",C54,3)+1,99),1)&TEXT(--MID(C54,FIND("-",C54,3)+2,99),"00")&"-R",LEFT(C54,FIND("-",C54))&LEFT(MID(C54,FIND("-",C54)+1,99),1)&TEXT(--MID(C54,FIND("-",C54)+2,99),"00")) -> 67-D06-R | E54: 130 | F54: 2865 | G54: =2500+VALUE(MID(D54,1,2)) -> 2567 | H54: 2567
A55: Lower | B55: Plairang | C55: R-67-P1 | D55: =IF(LEFT(C55,2)="R-",MID(C55,3,FIND("-",C55,3)-3)&"-"&LEFT(MID(C55,FIND("-",C55,3)+1,99),1)&TEXT(--MID(C55,FIND("-",C55,3)+2,99),"00")&"-R",LEFT(C55,FIND("-",C55))&LEFT(MID(C55,FIND("-",C55)+1,99),1)&TEXT(--MID(C55,FIND("-",C55)+2,99),"00")) -> 67-P01-R | E55: 99 | F55: 2167 | G55: =2500+VALUE(MID(D55,1,2)) -> 2567 | H55: 2567
A56: Lower | B56: Plairang | C56: R-67-P2 | D56: =IF(LEFT(C56,2)="R-",MID(C56,3,FIND("-",C56,3)-3)&"-"&LEFT(MID(C56,FIND("-",C56,3)+1,99),1)&TEXT(--MID(C56,FIND("-",C56,3)+2,99),"00")&"-R",LEFT(C56,FIND("-",C56))&LEFT(MID(C56,FIND("-",C56)+1,99),1)&TEXT(--MID(C56,FIND("-",C56)+2,99),"00")) -> 67-P02-R | E56: 105 | F56: 2320 | G56: =2500+VALUE(MID(D56,1,2)) -> 2567 | H56: 2567
A57: Lower | B57: Yuansao | C57: 68-PU1 | D57: 68-PU1 | E57: 86 | F57: 1892 | G57: =2500+VALUE(MID(D57,1,2)) -> 2568 | H57: 2568
A58: Lower | B58: Yuansao | C58: 68-PU3 | D58: 68-PU3 | E58: 77 | F58: 1686 | G58: =2500+VALUE(MID(D58,1,2)) -> 2568 | H58: 2568
A59: Lower | B59: Yuansao | C59: 68-PU4 | D59: 68-PU4 | E59: 63 | F59: 1380 | G59: =2500+VALUE(MID(D59,1,2)) -> 2568 | H59: 2568
A60: Lower | B60: Yuansao | C60: 68-PU5 | D60: 68-PU5 | E60: 34 | F60: 751 | G60: =2500+VALUE(MID(D60,1,2)) -> 2568 | H60: 2568
A61: Lower | B61: Yuansao | C61: R-68-PU5 | D61: 68-PU5-R | E61: 53 | F61: 1168 | G61: =2500+VALUE(MID(D61,1,2)) -> 2568 | H61: 2568
A62: Lower | B62: Yuansao | C62: 68-PU6 | D62: 68-PU6 | E62: 7 | F62: 145 | G62: =2500+VALUE(MID(D62,1,2)) -> 2568 | H62: 2568
A63: Lower | B63: Yuansao | C63: R-68-PU6 | D63: 68-PU6-R | E63: 70 | F63: 1547 | G63: =2500+VALUE(MID(D63,1,2)) -> 2568 | H63: 2568
A64: Upper | B64: Banggun | C64: 30-B14 | D64: =IF(LEFT(C64,2)="R-",MID(C64,3,FIND("-",C64,3)-3)&"-"&LEFT(MID(C64,FIND("-",C64,3)+1,99),1)&TEXT(--MID(C64,FIND("-",C64,3)+2,99),"00")&"-R",LEFT(C64,FIND("-",C64))&LEFT(MID(C64,FIND("-",C64)+1,99),1)&TEXT(--MID(C64,FIND("-",C64)+2,99),"00")) -> 30-B14 | E64: 6 | F64: 126 | G64: =2500+VALUE(MID(D64,1,2)) -> 2530 | H64: ปาล์มใหญ่
A65: Upper | B65: Takuk | C65: 37-T29 | D65: =IF(LEFT(C65,2)="R-",MID(C65,3,FIND("-",C65,3)-3)&"-"&LEFT(MID(C65,FIND("-",C65,3)+1,99),1)&TEXT(--MID(C65,FIND("-",C65,3)+2,99),"00")&"-R",LEFT(C65,FIND("-",C65))&LEFT(MID(C65,FIND("-",C65)+1,99),1)&TEXT(--MID(C65,FIND("-",C65)+2,99),"00")) -> 37-T29 | E65: 102 | F65: 2243 | G65: =2500+VALUE(MID(D65,1,2)) -> 2537 | H65: ปาล์มใหญ่
A66: Upper | B66: Takuk | C66: 37-T30 | D66: =IF(LEFT(C66,2)="R-",MID(C66,3,FIND("-",C66,3)-3)&"-"&LEFT(MID(C66,FIND("-",C66,3)+1,99),1)&TEXT(--MID(C66,FIND("-",C66,3)+2,99),"00")&"-R",LEFT(C66,FIND("-",C66))&LEFT(MID(C66,FIND("-",C66)+1,99),1)&TEXT(--MID(C66,FIND("-",C66)+2,99),"00")) -> 37-T30 | E66: 113 | F66: 2494 | G66: =2500+VALUE(MID(D66,1,2)) -> 2537 | H66: ปาล์มใหญ่
A67: Upper | B67: Banggun | C67: 49-B13 | D67: =IF(LEFT(C67,2)="R-",MID(C67,3,FIND("-",C67,3)-3)&"-"&LEFT(MID(C67,FIND("-",C67,3)+1,99),1)&TEXT(--MID(C67,FIND("-",C67,3)+2,99),"00")&"-R",LEFT(C67,FIND("-",C67))&LEFT(MID(C67,FIND("-",C67)+1,99),1)&TEXT(--MID(C67,FIND("-",C67)+2,99),"00")) -> 49-B13 | E67: 168 | F67: 4192 | G67: =2500+VALUE(MID(D67,1,2)) -> 2549 | H67: ปาล์มใหญ่
A68: Upper | B68: Banggun | C68: R-49-T20 | D68: =IF(LEFT(C68,2)="R-",MID(C68,3,FIND("-",C68,3)-3)&"-"&LEFT(MID(C68,FIND("-",C68,3)+1,99),1)&TEXT(--MID(C68,FIND("-",C68,3)+2,99),"00")&"-R",LEFT(C68,FIND("-",C68))&LEFT(MID(C68,FIND("-",C68)+1,99),1)&TEXT(--MID(C68,FIND("-",C68)+2,99),"00")) -> 49-T20-R | E68: 113 | F68: 2833 | G68: =2500+VALUE(MID(D68,1,2)) -> 2549 | H68: 2549 - 2552
A69: Upper | B69: Takuk | C69: R-49-T16 | D69: =IF(LEFT(C69,2)="R-",MID(C69,3,FIND("-",C69,3)-3)&"-"&LEFT(MID(C69,FIND("-",C69,3)+1,99),1)&TEXT(--MID(C69,FIND("-",C69,3)+2,99),"00")&"-R",LEFT(C69,FIND("-",C69))&LEFT(MID(C69,FIND("-",C69)+1,99),1)&TEXT(--MID(C69,FIND("-",C69)+2,99),"00")) -> 49-T16-R | E69: 4 | F69: 112 | G69: =2500+VALUE(MID(D69,1,2)) -> 2549 | H69: 2549 - 2552
A70: Upper | B70: Takuk | C70: R-49-T20 | D70: =IF(LEFT(C70,2)="R-",MID(C70,3,FIND("-",C70,3)-3)&"-"&LEFT(MID(C70,FIND("-",C70,3)+1,99),1)&TEXT(--MID(C70,FIND("-",C70,3)+2,99),"00")&"-R",LEFT(C70,FIND("-",C70))&LEFT(MID(C70,FIND("-",C70)+1,99),1)&TEXT(--MID(C70,FIND("-",C70)+2,99),"00")) -> 49-T20-R | E70: 113 | F70: 2833 | G70: =2500+VALUE(MID(D70,1,2)) -> 2549 | H70: 2549 - 2552
A71: Upper | B71: Banggun | C71: 50-B7 | D71: =IF(LEFT(C71,2)="R-",MID(C71,3,FIND("-",C71,3)-3)&"-"&LEFT(MID(C71,FIND("-",C71,3)+1,99),1)&TEXT(--MID(C71,FIND("-",C71,3)+2,99),"00")&"-R",LEFT(C71,FIND("-",C71))&LEFT(MID(C71,FIND("-",C71)+1,99),1)&TEXT(--MID(C71,FIND("-",C71)+2,99),"00")) -> 50-B07 | E71: 157 | F71: 4022 | G71: =2500+VALUE(MID(D71,1,2)) -> 2550 | H71: 2549 - 2552
A72: Upper | B72: Banggun | C72: 50-B10 | D72: =IF(LEFT(C72,2)="R-",MID(C72,3,FIND("-",C72,3)-3)&"-"&LEFT(MID(C72,FIND("-",C72,3)+1,99),1)&TEXT(--MID(C72,FIND("-",C72,3)+2,99),"00")&"-R",LEFT(C72,FIND("-",C72))&LEFT(MID(C72,FIND("-",C72)+1,99),1)&TEXT(--MID(C72,FIND("-",C72)+2,99),"00")) -> 50-B10 | E72: 170 | F72: 4245 | G72: =2500+VALUE(MID(D72,1,2)) -> 2550 | H72: 2549 - 2552
A73: Upper | B73: Takuk | C73: R-50-T10 | D73: =IF(LEFT(C73,2)="R-",MID(C73,3,FIND("-",C73,3)-3)&"-"&LEFT(MID(C73,FIND("-",C73,3)+1,99),1)&TEXT(--MID(C73,FIND("-",C73,3)+2,99),"00")&"-R",LEFT(C73,FIND("-",C73))&LEFT(MID(C73,FIND("-",C73)+1,99),1)&TEXT(--MID(C73,FIND("-",C73)+2,99),"00")) -> 50-T10-R | E73: 115 | F73: 2872 | G73: =2500+VALUE(MID(D73,1,2)) -> 2550 | H73: 2549 - 2552
A74: Upper | B74: Takuk | C74: R-50-T12 | D74: =IF(LEFT(C74,2)="R-",MID(C74,3,FIND("-",C74,3)-3)&"-"&LEFT(MID(C74,FIND("-",C74,3)+1,99),1)&TEXT(--MID(C74,FIND("-",C74,3)+2,99),"00")&"-R",LEFT(C74,FIND("-",C74))&LEFT(MID(C74,FIND("-",C74)+1,99),1)&TEXT(--MID(C74,FIND("-",C74)+2,99),"00")) -> 50-T12-R | E74: 121 | F74: 3030 | G74: =2500+VALUE(MID(D74,1,2)) -> 2550 | H74: 2549 - 2552
A75: Upper | B75: Takuk | C75: R-52-T28 | D75: =IF(LEFT(C75,2)="R-",MID(C75,3,FIND("-",C75,3)-3)&"-"&LEFT(MID(C75,FIND("-",C75,3)+1,99),1)&TEXT(--MID(C75,FIND("-",C75,3)+2,99),"00")&"-R",LEFT(C75,FIND("-",C75))&LEFT(MID(C75,FIND("-",C75)+1,99),1)&TEXT(--MID(C75,FIND("-",C75)+2,99),"00")) -> 52-T28-R | E75: 4 | F75: 92 | G75: =2500+VALUE(MID(D75,1,2)) -> 2552 | H75: 2549 - 2552
... A99: Upper | B99: Banggun | C99: 65-B11 | D99: =IF(LEFT(C99,2)="R-",MID(C99,3,FIND("-",C99,3)-3)&"-"&LEFT(MID(C99,FIND("-",C99,3)+1,99),1)&TEXT(--MID(C99,FIND("-",C99,3)+2,99),"00")&"-R",LEFT(C99,FIND("-",C99))&LEFT(MID(C99,FIND("-",C99)+1,99),1)&TEXT(--MID(C99,FIND("-",C99)+2,99),"00")) -> 65-B11 | E99: 145 | F99: 3193 | G99: =2500+VALUE(MID(D99,1,2)) -> 2565 | H99: 2563 - 2565
A100: Upper | B100: Takuk | C100: 66-T3 | D100: =IF(LEFT(C100,2)="R-",MID(C100,3,FIND("-",C100,3)-3)&"-"&LEFT(MID(C100,FIND("-",C100,3)+1,99),1)&TEXT(--MID(C100,FIND("-",C100,3)+2,99),"00")&"-R",LEFT(C100,FIND("-",C100))&LEFT(MID(C100,FIND("-",C100)+1,99),1)&TEXT(--MID(C100,FIND("-",C100)+2,99),"00")) -> 66-T03 | E100: 111 | F100: 2449 | G100: =2500+VALUE(MID(D100,1,2)) -> 2566 | H100: 2566
A101: Upper | B101: Takuk | C101: 66-T4 | D101: =IF(LEFT(C101,2)="R-",MID(C101,3,FIND("-",C101,3)-3)&"-"&LEFT(MID(C101,FIND("-",C101,3)+1,99),1)&TEXT(--MID(C101,FIND("-",C101,3)+2,99),"00")&"-R",LEFT(C101,FIND("-",C101))&LEFT(MID(C101,FIND("-",C101)+1,99),1)&TEXT(--MID(C101,FIND("-",C101)+2,99),"00")) -> 66-T04 | E101: 92 | F101: 2014 | G101: =2500+VALUE(MID(D101,1,2)) -> 2566 | H101: 2566
A102: Upper | B102: Takuk | C102: 66-T6 | D102: =IF(LEFT(C102,2)="R-",MID(C102,3,FIND("-",C102,3)-3)&"-"&LEFT(MID(C102,FIND("-",C102,3)+1,99),1)&TEXT(--MID(C102,FIND("-",C102,3)+2,99),"00")&"-R",LEFT(C102,FIND("-",C102))&LEFT(MID(C102,FIND("-",C102)+1,99),1)&TEXT(--MID(C102,FIND("-",C102)+2,99),"00")) -> 66-T06 | E102: 132 | F102: 2898 | G102: =2500+VALUE(MID(D102,1,2)) -> 2566 | H102: 2566
A103: Upper | B103: Takuk | C103: 66-T7 | D103: =IF(LEFT(C103,2)="R-",MID(C103,3,FIND("-",C103,3)-3)&"-"&LEFT(MID(C103,FIND("-",C103,3)+1,99),1)&TEXT(--MID(C103,FIND("-",C103,3)+2,99),"00")&"-R",LEFT(C103,FIND("-",C103))&LEFT(MID(C103,FIND("-",C103)+1,99),1)&TEXT(--MID(C103,FIND("-",C103)+2,99),"00")) -> 66-T07 | E103: 107 | F103: 2364 | G103: =2500+VALUE(MID(D103,1,2)) -> 2566 | H103: 2566
A104: Upper | B104: Takuk | C104: 67-T10 | D104: =IF(LEFT(C104,2)="R-",MID(C104,3,FIND("-",C104,3)-3)&"-"&LEFT(MID(C104,FIND("-",C104,3)+1,99),1)&TEXT(--MID(C104,FIND("-",C104,3)+2,99),"00")&"-R",LEFT(C104,FIND("-",C104))&LEFT(MID(C104,FIND("-",C104)+1,99),1)&TEXT(--MID(C104,FIND("-",C104)+2,99),"00")) -> 67-T10 | E104: 3 | F104: 61 | G104: =2500+VALUE(MID(D104,1,2)) -> 2567 | H104: 2567
A105: Upper | B105: Takuk | C105: 67-T18 | D105: =IF(LEFT(C105,2)="R-",MID(C105,3,FIND("-",C105,3)-3)&"-"&LEFT(MID(C105,FIND("-",C105,3)+1,99),1)&TEXT(--MID(C105,FIND("-",C105,3)+2,99),"00")&"-R",LEFT(C105,FIND("-",C105))&LEFT(MID(C105,FIND("-",C105)+1,99),1)&TEXT(--MID(C105,FIND("-",C105)+2,99),"00")) -> 67-T18 | E105: 8 | F105: 171 | G105: =2500+VALUE(MID(D105,1,2)) -> 2567 | H105: 2567
A106: Upper | B106: Takuk | C106: 67-T21 | D106: =IF(LEFT(C106,2)="R-",MID(C106,3,FIND("-",C106,3)-3)&"-"&LEFT(MID(C106,FIND("-",C106,3)+1,99),1)&TEXT(--MID(C106,FIND("-",C106,3)+2,99),"00")&"-R",LEFT(C106,FIND("-",C106))&LEFT(MID(C106,FIND("-",C106)+1,99),1)&TEXT(--MID(C106,FIND("-",C106)+2,99),"00")) -> 67-T21 | E106: 11 | F106: 241 | G106: =2500+VALUE(MID(D106,1,2)) -> 2567 | H106: 2567
A107: Upper | B107: Takuk | C107: 67-T29 | D107: =IF(LEFT(C107,2)="R-",MID(C107,3,FIND("-",C107,3)-3)&"-"&LEFT(MID(C107,FIND("-",C107,3)+1,99),1)&TEXT(--MID(C107,FIND("-",C107,3)+2,99),"00")&"-R",LEFT(C107,FIND("-",C107))&LEFT(MID(C107,FIND("-",C107)+1,99),1)&TEXT(--MID(C107,FIND("-",C107)+2,99),"00")) -> 67-T29 | E107: 140 | F107: 3070 | G107: =2500+VALUE(MID(D107,1,2)) -> 2567 | H107: 2567
A108: Upper | B108: Takuk | C108: 67-T30 | D108: =IF(LEFT(C108,2)="R-",MID(C108,3,FIND("-",C108,3)-3)&"-"&LEFT(MID(C108,FIND("-",C108,3)+1,99),1)&TEXT(--MID(C108,FIND("-",C108,3)+2,99),"00")&"-R",LEFT(C108,FIND("-",C108))&LEFT(MID(C108,FIND("-",C108)+1,99),1)&TEXT(--MID(C108,FIND("-",C108)+2,99),"00")) -> 67-T30 | E108: 149 | F108: 3270 | G108: =2500+VALUE(MID(D108,1,2)) -> 2567 | H108: 2567
A109: Upper | B109: Takuk | C109: 68-T1 | D109: =IF(LEFT(C109,2)="R-",MID(C109,3,FIND("-",C109,3)-3)&"-"&LEFT(MID(C109,FIND("-",C109,3)+1,99),1)&TEXT(--MID(C109,FIND("-",C109,3)+2,99),"00")&"-R",LEFT(C109,FIND("-",C109))&LEFT(MID(C109,FIND("-",C109)+1,99),1)&TEXT(--MID(C109,FIND("-",C109)+2,99),"00")) -> 68-T01 | E109: 144 | F109: 3171 | G109: =2500+VALUE(MID(D109,1,2)) -> 2568 | H109: 2568
A110: Upper | B110: Takuk | C110: 68-T2 | D110: =IF(LEFT(C110,2)="R-",MID(C110,3,FIND("-",C110,3)-3)&"-"&LEFT(MID(C110,FIND("-",C110,3)+1,99),1)&TEXT(--MID(C110,FIND("-",C110,3)+2,99),"00")&"-R",LEFT(C110,FIND("-",C110))&LEFT(MID(C110,FIND("-",C110)+1,99),1)&TEXT(--MID(C110,FIND("-",C110)+2,99),"00")) -> 68-T02 | E110: 134 | F110: 2950 | G110: =2500+VALUE(MID(D110,1,2)) -> 2568 | H110: 2568

Sheet Work system
A1: รหัส | B1: ชื่อแปลง | C1: ปีพ.ศ.ปลูก | D1: บล็อก
A2: 11 | B2: ตะกุก | C2: ปาล์มใหญ่ | D2: 29,30
A3: 12 | B3: บางกัน | C3: ปาล์มใหญ่ | D3: 14
A4: 25 | B4: ยวนสาว | C4: ปาล์มใหญ่ | D4: 1,3,4
A5: 276 | B5: R-ปลายราง | C5: ปาล์มใหญ่ | D5: 1,2,
A6: 277 | B6: หมอนไม้ | C6: ปาล์มใหญ่ | D6: 6-9
A7: 278 | B7: R-พันไร่ | C7: ปาล์มใหญ่ | D7: 5
A8: 310 | B8: R-พันไร่ | C8: 49-52 | D8: 5,7
A9: 312 | B9: R-ปลายราง | C9: 49-52 | D9: 7
A10: 393 | B10: ปลายราง | C10: 49-52 | D10: 7
A11: 315 | B11: กะเปา | C11: 49-52 | D11: 4,5
A12: 317 | B12: R-กะเปา | C12: 49-52 | D12: 10,11,12,13
A13: 320 | B13: R-ตะกุก | C13: 49-52 | D13: 10,12,16,20,28
A14: 322 | B14: บางกัน | C14: 49-52 | D14: 7,10,13
A15: 346 | B15: R-กะเปา | C15: 55-58 | D15: 3,8,9
A16: 347 | B16: กะเปา | C16: 55-58 | D16: 1,2
A17: 348 | B17: R-พันไร่ | C17: 55-58 | D17: 6,10
A18: 392 | B18: พันไร่ | C18: 55-58 | D18: 6
A19: 349 | B19: R-หมอนไม้ | C19: 55-58 | D19: 7
A20: 350 | B20: R-ตะกุก | C20: 55-58 | D20: 8,9,11,13,17,18,19,21,28
A21: 351 | B21: ตะกุก | C21: 55-58 | D21: 8
A22: 352 | B22: บางกัน | C22: 55-58 | D22: 3,12,14
A23: 358 | B23: R-ปลายราง | C23: 55-58 | D23: ปี 55 บ.7
A24: 353 | B24: R-พันไร่ | C24: 59-60 | D24: 1,2,3,4,5,8,9,11
A25: 354 | B25: กะเปา | C25: 59-60 | D25: 6
A26: 355 | B26: บางกัน | C26: 59-60 | D26: 4,8,9
A27: 395 | B27: R-รีเพลนท์หมอนไม้ 63 - 65 | C27: 63-65 | D27: 1,2,3,4,5,8
A28: 381 | B28: R-กะเปา-63 - 65 | C28: 63-65 | D28: 1,3,7
A29: 382 | B29: กะเปา-63 - 65 | C29: 63-65 | D29: 1,7
A30: 383 | B30: R-ปลายราง-63 - 65 | C30: 63-65 | D30: 6,7,8,9
A31: 384 | B31: บางกัน-63 - 64 | C31: 63-64 | D31: 2,5,6
A32: 360 | B32: รีเพลนท์ ยวนสาว ปี 63-65 | C32: 63-65 | D32: 1,3
A33: 385 | B33: R-ตะกุก-63 - 65 | C33: 63-65 | D33: 5,22,23
A34: 396 | B34: รีเพลนท์บางกัน 63-65 | C34: 63-65 | D34: 1,2,5,6,11
A35: 362 | B35: R-รีเพลนท์ปลายราง ปี 66 | C35: 66 | D35: 3,4,5
A36: 363 | B36: R-รีเพลนท์หมอนไม้ ปี 66 | C36: 66 | D36: 9
A37: 364 | B37: รีเพลนท์ ตะกุก ปี 66 | C37: 66 | D37: 3,4,6,7
A38: 368 | B38: รีเพลนท์ ยวนสาว ปี 66 | C38: 66 | D38: 2(ปลูกแซม)
A39: 374 | B39: R-รีเพลนท์ปลายราง 67 | C39: 67 | D39: 1,2
A40: 375 | B40: R-รีเพลนท์หมอนไม้ 67 | C40: 67 | D40: 6
A41: 376 | B41: รีเพลนท์ตะกุก 67 | C41: 67 | D41: 29,30(ปลูกแซม)
A42: 379 | B42: ตะกุก 67 | C42: 67 | D42: 10,18,21(ปลูกเพิ่ม)
A43: 377 | B43: แปลงเพาะ 67 SB170867 | C43: 67
A44: 388 | B44: R-รีเพลนท์ตะกุก 68 | C44: 68 | D44: 1,2
A45: 389 | B45: R-รีเพลนท์ยวนสาว 68 | C45: 68 | D45: 5,6
A46: 390 | B46: รีเพลนท์ยวนสาว 68 | C46: 68 | D46: 1,3,4 ( ปลูกแซม )
A47: 394 | B47: รีเพลนท์ยวนสาว 68 | C47: 68 | D47: 5,6
A48: 378 | B48: รกส.บ้านพักรับรอง(คีรีรัฐนิคม) | D48: งานบ.ดิน - รกส.บ้านพักรับรอง(คีรีรัฐนิคม)
A49: 391 | B49: ทักษิณปาล์ม กม.8 | D49: งานบ.ขี้เลน/บ.ขี้เถ้าจากโรงงานกม8-ในแปลง

Sheet Caltivate
A1: No | B1: date | C1: terrain | D1: material | E1: base_unit | F1: dosage_rate | G1: Tree Count | H1: wo_number | I1: AP Code | J1: sku_unit | K1: base_qty | L1: Stock Required (Base Qty) | M1: Stock Required (Original SKU Qty) | N1: Stock Required (Round SKU Qty) | O1: Rate
A2: 0 | B2: 46023 | C2: 65-D05-R | D2: 04-0008 | E2: กิโลกรัม | F2: 1.25 | G2: 2687 | H2: 713|0 | I2: 395 | J2: BAG 50 Kg | K2: 3358.75 | L2: 3358.75 | M2: 67.175 | N2: 67 | O2: =F2*1000 -> 1250
A3: 1 | B3: 46054 | C3: 56-A01 | D3: 04-0169 | E3: กิโลกรัม | F3: 2 | G3: 1950 | H3: 172|0 | I3: 347 | J3: BAG 25 Kg | K3: 3900 | L3: 3900 | M3: 156 | N3: 156 | O3: =F3*1000 -> 2000
A4: 2 | B4: 46054 | C4: 63-A01-R | D4: 04-0169 | E4: กิโลกรัม | F4: 2 | G4: 534 | H4: 684|0 | I4: 381 | J4: BAG 25 Kg | K4: 1068 | L4: 1068 | M4: 42.72 | N4: 43 | O4: =F4*1000 -> 2000
A5: 3 | B5: 46054 | C5: 56-A02 | D5: 04-0169 | E5: กิโลกรัม | F5: 2 | G5: 3835 | H5: 162|0 | I5: 347 | J5: BAG 25 Kg | K5: 7670 | L5: 7670 | M5: 306.8 | N5: 307 | O5: =F5*1000 -> 2000
A6: 4 | B6: 46054 | C6: 56-A03-R | D6: 04-0169 | E6: กิโลกรัม | F6: 2 | G6: 2119 | H6: 156|0 | I6: 346 | J6: BAG 25 Kg | K6: 4238 | L6: 4238 | M6: 169.52 | N6: 170 | O6: =F6*1000 -> 2000
A7: 5 | B7: 46054 | C7: 63-A03-R | D7: 04-0169 | E7: กิโลกรัม | F7: 2 | G7: 980 | H7: 685|0 | I7: 381 | J7: BAG 25 Kg | K7: 1960 | L7: 1960 | M7: 78.4 | N7: 78 | O7: =F7*1000 -> 2000
A8: 6 | B8: 46054 | C8: 50-A04 | D8: 04-0169 | E8: กิโลกรัม | F8: 1.5 | G8: 4864 | H8: 71|0 | I8: 315 | J8: BAG 25 Kg | K8: 7296 | L8: 7296 | M8: 291.84 | N8: 292 | O8: =F8*1000 -> 1500
A9: 7 | B9: 46054 | C9: 50-A05 | D9: 04-0169 | E9: กิโลกรัม | F9: 1.5 | G9: 4608 | H9: 67|0 | I9: 315 | J9: BAG 25 Kg | K9: 6912 | L9: 6912 | M9: 276.48 | N9: 276 | O9: =F9*1000 -> 1500
A10: 8 | B10: 46054 | C10: 60-A06 | D10: 04-0169 | E10: กิโลกรัม | F10: 2 | G10: 3259 | H10: 158|0 | I10: 354 | J10: BAG 25 Kg | K10: 6518 | L10: 6518 | M10: 260.72 | N10: 261 | O10: =F10*1000 -> 2000
A11: 9 | B11: 46054 | C11: 63-A07 | D11: 04-0169 | E11: กิโลกรัม | F11: 2 | G11: 2388 | H11: 252|0 | I11: 382 | J11: BAG 25 Kg | K11: 4776 | L11: 4776 | M11: 191.04 | N11: 191 | O11: =F11*1000 -> 2000
A12: 10 | B12: 46054 | C12: 63-A07-R | D12: 04-0169 | E12: กิโลกรัม | F12: 2 | G12: 309 | H12: 247|0 | I12: 381 | J12: BAG 25 Kg | K12: 618 | L12: 618 | M12: 24.72 | N12: 25 | O12: =F12*1000 -> 2000
A13: 11 | B13: 46054 | C13: 57-A08-R | D13: 04-0169 | E13: กิโลกรัม | F13: 2 | G13: 4308 | H13: 157|0 | I13: 346 | J13: BAG 25 Kg | K13: 8616 | L13: 8616 | M13: 344.64 | N13: 345 | O13: =F13*1000 -> 2000
... A760: 758 | B760: 46327 | C760: 67-T30 | D760: 04-0001 | E760: กิโลกรัม | F760: 0.75 | G760: 3270 | H760: 652|0 | I760: 376 | J760: BAG 50 Kg | K760: 2452.5 | L760: 2452.5 | M760: 49.05 | N760: 49 | O760: =F760*1000 -> 750

Sheet Raw Data
A1: Month | B1: material | C1: n_material | D1: wo_number | E1: area | F1: terrain | G1: # of Trees | H1: Date Planted | I1: Stock (KG) | J1: Stock (BAG) | K1: BAG(25/50) | L1: Rate | M1: AP Code | N1: Planted year | O1: terrain format
A2: 46054 | B2: 04-0169 | C2: Dolomite | D2: 172|0 | E2: =_xlfn.XLOOKUP(F2,Terrain!D:D,Terrain!A:A,"") -> Lower | F2: 56-A01 | G2: 1950 | H2: =2500+VALUE(MID(F2,1,2)) -> 2556 | I2: 3900 | J2: 156 | K2: 156 | L2: =I2*1000/G2 -> 2000 | M2: 347 | N2: =_xlfn.XLOOKUP(F2,Terrain!D:D,Terrain!H:H,"") -> 2555 - 2558 | O2: =F2 & " | " & G2 & " | " & D2 -> 56-A01 | 1950 | 172|0
A3: 46054 | B3: 04-0169 | C3: Dolomite | D3: 684|0 | E3: =_xlfn.XLOOKUP(F3,Terrain!D:D,Terrain!A:A,"") -> Lower | F3: 63-A01-R | G3: 534 | H3: =2500+VALUE(MID(F3,1,2)) -> 2563 | I3: 1068 | J3: 42.72 | K3: 43 | L3: =I3*1000/G3 -> 2000 | M3: 381 | N3: =_xlfn.XLOOKUP(F3,Terrain!D:D,Terrain!H:H,"") -> 2563 - 2565 | O3: =F3 & " | " & G3 & " | " & D3 -> 63-A01-R | 534 | 684|0
A4: 46054 | B4: 04-0169 | C4: Dolomite | D4: 162|0 | E4: =_xlfn.XLOOKUP(F4,Terrain!D:D,Terrain!A:A,"") -> Lower | F4: 56-A02 | G4: 3835 | H4: =2500+VALUE(MID(F4,1,2)) -> 2556 | I4: 7670 | J4: 306.8 | K4: 307 | L4: =I4*1000/G4 -> 2000 | M4: 347 | N4: =_xlfn.XLOOKUP(F4,Terrain!D:D,Terrain!H:H,"") -> 2555 - 2558 | O4: =F4 & " | " & G4 & " | " & D4 -> 56-A02 | 3835 | 162|0
A5: 46054 | B5: 04-0169 | C5: Dolomite | D5: 156|0 | E5: =_xlfn.XLOOKUP(F5,Terrain!D:D,Terrain!A:A,"") -> Lower | F5: 56-A03-R | G5: 2119 | H5: =2500+VALUE(MID(F5,1,2)) -> 2556 | I5: 4238 | J5: 169.52 | K5: 170 | L5: =I5*1000/G5 -> 2000 | M5: 346 | N5: =_xlfn.XLOOKUP(F5,Terrain!D:D,Terrain!H:H,"") -> 2555 - 2558 | O5: =F5 & " | " & G5 & " | " & D5 -> 56-A03-R | 2119 | 156|0
A6: 46054 | B6: 04-0169 | C6: Dolomite | D6: 685|0 | E6: =_xlfn.XLOOKUP(F6,Terrain!D:D,Terrain!A:A,"") -> Lower | F6: 63-A03-R | G6: 980 | H6: =2500+VALUE(MID(F6,1,2)) -> 2563 | I6: 1960 | J6: 78.4 | K6: 78 | L6: =I6*1000/G6 -> 2000 | M6: 381 | N6: =_xlfn.XLOOKUP(F6,Terrain!D:D,Terrain!H:H,"") -> 2563 - 2565 | O6: =F6 & " | " & G6 & " | " & D6 -> 63-A03-R | 980 | 685|0
A7: 46054 | B7: 04-0169 | C7: Dolomite | D7: 71|0 | E7: =_xlfn.XLOOKUP(F7,Terrain!D:D,Terrain!A:A,"") -> Lower | F7: 50-A04 | G7: 4864 | H7: =2500+VALUE(MID(F7,1,2)) -> 2550 | I7: 7296 | J7: 291.84 | K7: 292 | L7: =I7*1000/G7 -> 1500 | M7: 315 | N7: =_xlfn.XLOOKUP(F7,Terrain!D:D,Terrain!H:H,"") -> 2549 - 2552 | O7: =F7 & " | " & G7 & " | " & D7 -> 50-A04 | 4864 | 71|0
A8: 46054 | B8: 04-0169 | C8: Dolomite | D8: 67|0 | E8: =_xlfn.XLOOKUP(F8,Terrain!D:D,Terrain!A:A,"") -> Lower | F8: 50-A05 | G8: 4608 | H8: =2500+VALUE(MID(F8,1,2)) -> 2550 | I8: 6912 | J8: 276.48 | K8: 276 | L8: =I8*1000/G8 -> 1500 | M8: 315 | N8: =_xlfn.XLOOKUP(F8,Terrain!D:D,Terrain!H:H,"") -> 2549 - 2552 | O8: =F8 & " | " & G8 & " | " & D8 -> 50-A05 | 4608 | 67|0
A9: 46054 | B9: 04-0169 | C9: Dolomite | D9: 158|0 | E9: =_xlfn.XLOOKUP(F9,Terrain!D:D,Terrain!A:A,"") -> Lower | F9: 60-A06 | G9: 3259 | H9: =2500+VALUE(MID(F9,1,2)) -> 2560 | I9: 6518 | J9: 260.72 | K9: 261 | L9: =I9*1000/G9 -> 2000 | M9: 354 | N9: =_xlfn.XLOOKUP(F9,Terrain!D:D,Terrain!H:H,"") -> 2559 - 2560 | O9: =F9 & " | " & G9 & " | " & D9 -> 60-A06 | 3259 | 158|0
A10: 46054 | B10: 04-0169 | C10: Dolomite | D10: 252|0 | E10: =_xlfn.XLOOKUP(F10,Terrain!D:D,Terrain!A:A,"") -> Lower | F10: 63-A07 | G10: 2388 | H10: =2500+VALUE(MID(F10,1,2)) -> 2563 | I10: 4776 | J10: 191.04 | K10: 191 | L10: =I10*1000/G10 -> 2000 | M10: 382 | N10: =_xlfn.XLOOKUP(F10,Terrain!D:D,Terrain!H:H,"") -> 2563 - 2565 | O10: =F10 & " | " & G10 & " | " & D10 -> 63-A07 | 2388 | 252|0
A11: 46054 | B11: 04-0169 | C11: Dolomite | D11: 247|0 | E11: =_xlfn.XLOOKUP(F11,Terrain!D:D,Terrain!A:A,"") -> Lower | F11: 63-A07-R | G11: 309 | H11: =2500+VALUE(MID(F11,1,2)) -> 2563 | I11: 618 | J11: 24.72 | K11: 25 | L11: =I11*1000/G11 -> 2000 | M11: 381 | N11: =_xlfn.XLOOKUP(F11,Terrain!D:D,Terrain!H:H,"") -> 2563 - 2565 | O11: =F11 & " | " & G11 & " | " & D11 -> 63-A07-R | 309 | 247|0
A12: 46054 | B12: 04-0169 | C12: Dolomite | D12: 157|0 | E12: =_xlfn.XLOOKUP(F12,Terrain!D:D,Terrain!A:A,"") -> Lower | F12: 57-A08-R | G12: 4308 | H12: =2500+VALUE(MID(F12,1,2)) -> 2557 | I12: 8616 | J12: 344.64 | K12: 345 | L12: =I12*1000/G12 -> 2000 | M12: 346 | N12: =_xlfn.XLOOKUP(F12,Terrain!D:D,Terrain!H:H,"") -> 2555 - 2558 | O12: =F12 & " | " & G12 & " | " & D12 -> 57-A08-R | 4308 | 157|0
A13: 46054 | B13: 04-0169 | C13: Dolomite | D13: 169|0 | E13: =_xlfn.XLOOKUP(F13,Terrain!D:D,Terrain!A:A,"") -> Lower | F13: 57-A09-R | G13: 3861 | H13: =2500+VALUE(MID(F13,1,2)) -> 2557 | I13: 7722 | J13: 308.88 | K13: 309 | L13: =I13*1000/G13 -> 2000 | M13: 346 | N13: =_xlfn.XLOOKUP(F13,Terrain!D:D,Terrain!H:H,"") -> 2555 - 2558 | O13: =F13 & " | " & G13 & " | " & D13 -> 57-A09-R | 3861 | 169|0
... A759: 46327 | B759: 04-0001 | C759: 46-0-0 (3) | D759: 652|0 | E759: =_xlfn.XLOOKUP(F759,Terrain!D:D,Terrain!A:A,"") -> Upper | F759: 67-T30 | G759: 3270 | H759: =2500+VALUE(MID(F759,1,2)) -> 2567 | I759: 2452.5 | J759: 49.05 | K759: 49 | L759: =I759*1000/G759 -> 750 | M759: 376 | N759: =_xlfn.XLOOKUP(F759,Terrain!D:D,Terrain!H:H,"") -> 2567 | O759: =F759 & " | " & G759 & " | " & D759 -> 67-T30 | 3270 | 652|0
C760: =_xlfn.XLOOKUP(B760,Fertilizer!A:A,Fertilizer!B:B,"") -> 0 | E760: =_xlfn.XLOOKUP(F760,Terrain!D:D,Terrain!A:A,"") | F760: =IF(RIGHT(Table2[[#This Row],[terrain]],2)="-R",MID(Table2[[#This Row],[terrain]],FIND("-",Table2[[#This Row],[terrain]])+1,LEN(Table2[[#This Row],[terrain]])-FIND("-",Table2[[#This Row],[terrain]])-2)&"-"&LEFT(Table2[[#This Row],[terrain]],FIND("-",Table2[[#This Row],[terrain]])-1)&"-R",MID(Table2[[#This Row],[terrain]],FIND("-",Table2[[#This Row],[terrain]])+1,99)&"-"&LEFT(Table2[[#This Row],[terrain]],FIND("-",Table2[[#This Row],[terrain]])-1)) -> 0 | H760: =2500+VALUE(MID(F760,1,2)) -> 2556 | L760: =I760*1000/G760 -> #DIV/0! | N760: =_xlfn.XLOOKUP(F760,Terrain!D:D,Terrain!H:H,"") | O760: =F760 & " | " & G760 & " | " & D760 -> | |
C761: =_xlfn.XLOOKUP(B761,Fertilizer!A:A,Fertilizer!B:B,"") -> 0 | E761: =_xlfn.XLOOKUP(F761,Terrain!D:D,Terrain!A:A,"") | F761: =IF(RIGHT(Table2[[#This Row],[terrain]],2)="-R",MID(Table2[[#This Row],[terrain]],FIND("-",Table2[[#This Row],[terrain]])+1,LEN(Table2[[#This Row],[terrain]])-FIND("-",Table2[[#This Row],[terrain]])-2)&"-"&LEFT(Table2[[#This Row],[terrain]],FIND("-",Table2[[#This Row],[terrain]])-1)&"-R",MID(Table2[[#This Row],[terrain]],FIND("-",Table2[[#This Row],[terrain]])+1,99)&"-"&LEFT(Table2[[#This Row],[terrain]],FIND("-",Table2[[#This Row],[terrain]])-1)) -> 0 | H761: =2500+VALUE(MID(F761,1,2)) -> 2556 | L761: =I761*1000/G761 -> #DIV/0! | N761: =_xlfn.XLOOKUP(F761,Terrain!D:D,Terrain!H:H,"") | O761: =F761 & " | " & G761 & " | " & D761 -> | |
C762: =_xlfn.XLOOKUP(B762,Fertilizer!A:A,Fertilizer!B:B,"") -> 0 | E762: =_xlfn.XLOOKUP(F762,Terrain!D:D,Terrain!A:A,"") -> 0 | F762: =IF(RIGHT(Table2[[#This Row],[terrain]],2)="-R",MID(Table2[[#This Row],[terrain]],FIND("-",Table2[[#This Row],[terrain]])+1,LEN(Table2[[#This Row],[terrain]])-FIND("-",Table2[[#This Row],[terrain]])-2)&"-"&LEFT(Table2[[#This Row],[terrain]],FIND("-",Table2[[#This Row],[terrain]])-1)&"-R",MID(Table2[[#This Row],[terrain]],FIND("-",Table2[[#This Row],[terrain]])+1,99)&"-"&LEFT(Table2[[#This Row],[terrain]],FIND("-",Table2[[#This Row],[terrain]])-1)) -> 0 | H762: =2500+VALUE(MID(F762,1,2)) -> 2556 | L762: =I762*1000/G762 -> #DIV/0! | N762: =_xlfn.XLOOKUP(F762,Terrain!D:D,Terrain!H:H,"") | O762: =F762 & " | " & G762 & " | " & D762 -> | |
C763: =_xlfn.XLOOKUP(B763,Fertilizer!A:A,Fertilizer!B:B,"") -> 0 | E763: =_xlfn.XLOOKUP(F763,Terrain!D:D,Terrain!A:A,"") | F763: =IF(RIGHT(Table2[[#This Row],[terrain]],2)="-R",MID(Table2[[#This Row],[terrain]],FIND("-",Table2[[#This Row],[terrain]])+1,LEN(Table2[[#This Row],[terrain]])-FIND("-",Table2[[#This Row],[terrain]])-2)&"-"&LEFT(Table2[[#This Row],[terrain]],FIND("-",Table2[[#This Row],[terrain]])-1)&"-R",MID(Table2[[#This Row],[terrain]],FIND("-",Table2[[#This Row],[terrain]])+1,99)&"-"&LEFT(Table2[[#This Row],[terrain]],FIND("-",Table2[[#This Row],[terrain]])-1)) -> 0 | H763: =2500+VALUE(MID(F763,1,2)) -> 2556 | L763: =I763*1000/G763 -> #DIV/0! | N763: =_xlfn.XLOOKUP(F763,Terrain!D:D,Terrain!H:H,"") | O763: =F763 & " | " & G763 & " | " & D763 -> | |

Sheet Pivot
A3: Sum of BAG(25/50) | B3: Column Labels
B4: ก.พ. | F4: มี.ค. | I4: เม.ย. | N4: พ.ค. | S4: ก.ค. | V4: ส.ค. | AA4: ก.ย. | AF4: ต.ค. | AH4: พ.ย. | AJ4: Grand Total
B5: Dolomite | F5: 0-3-0 (1) | I5: 0-0-60 (1) | N5: 46-0-0 (1) | S5: Borax | V5: 0-0-60 (2) | AA5: 46-0-0 (2) | AF5: 0-0-60 (3) | AH5: 46-0-0 (3)
A6: Row Labels | B6: 500 | C6: 1000 | D6: 1500 | E6: 2000 | F6: 500 | G6: 1500 | H6: 2000 | I6: 250 | J6: 750 | K6: 1250 | L6: 1500 | M6: 1750 | N6: 350 | O6: 500 | P6: 750 | Q6: 1000 | R6: 1250 | S6: 50 | T6: 100 | U6: 100 | V6: 250 | W6: 1000 | X6: 1250 | Y6: 1500 | Z6: 1750 | AA6: 350 | AB6: 500 | AC6: 750 | AD6: 1000 | AE6: 1250 | AF6: 500 | AG6: 1250 | AH6: 500 | AI6: 750
A7: Lower | B7: 172 | C7: 834 | D7: 1744 | E7: 6320 | F7: 222 | G7: 874 | H7: 3157 | I7: 43 | J7: 111 | K7: 337 | L7: 874 | M7: 2767 | N7: 60 | O7: 74 | P7: 203 | Q7: 581 | R7: 1974 | S7: 17 | T7: 10 | U7: 504 | V7: 43 | W7: 146 | X7: 337 | Y7: 874 | Z7: 2767 | AA7: 60 | AB7: 74 | AC7: 203 | AD7: 581 | AE7: 1974 | AF7: 86 | AG7: 521 | AH7: 86 | AI7: 314 | AJ7: 28944
A8: 2566 | C8: 539 | F8: 136 | K8: 337 | P8: 203 | U8: 53 | X8: 337 | AC8: 203 | AG8: 337 | AI8: 203 | AJ8: 2348
A9: 66-D09-R | C9: 120 | F9: 30 | K9: 75 | P9: 45 | U9: 12 | X9: 75 | AC9: 45 | AG9: 75 | AI9: 45 | AJ9: 522
A10: 66-P03-R | C10: 102 | F10: 26 | K10: 64 | P10: 38 | U10: 10 | X10: 64 | AC10: 38 | AG10: 64 | AI10: 38 | AJ10: 444
A11: 66-P04-R | C11: 114 | F11: 29 | K11: 71 | P11: 43 | U11: 11 | X11: 71 | AC11: 43 | AG11: 71 | AI11: 43 | AJ11: 496
A12: 66-P05-R | C12: 124 | F12: 31 | K12: 78 | P12: 47 | U12: 12 | X12: 78 | AC12: 47 | AG12: 78 | AI12: 47 | AJ12: 542
A13: 66-PU2 | C13: 79 | F13: 20 | K13: 49 | P13: 30 | U13: 8 | X13: 49 | AC13: 30 | AG13: 49 | AI13: 30 | AJ13: 344
A14: 2567 | C14: 295 | J14: 111 | O14: 74 | U14: 29 | W14: 146 | AB14: 74 | AG14: 184 | AI14: 111 | AJ14: 1024
A15: 67-D06-R | C15: 115 | J15: 43 | O15: 29 | U15: 11 | W15: 57 | AB15: 29 | AG15: 72 | AI15: 43 | AJ15: 399
A16: 67-P01-R | C16: 87 | J16: 33 | O16: 22 | U16: 9 | W16: 43 | AB16: 22 | AG16: 54 | AI16: 33 | AJ16: 303
A17: 67-P02-R | C17: 93 | J17: 35 | O17: 23 | U17: 9 | W17: 46 | AB17: 23 | AG17: 58 | AI17: 35 | AJ17: 322
A18: 2568 | B18: 172 | F18: 86 | I18: 43 | N18: 60 | S18: 17 | V18: 43 | AA18: 60 | AF18: 86 | AH18: 86 | AJ18: 653
A19: 68-PU1 | B19: 38 | F19: 19 | I19: 9 | N19: 13 | S19: 4 | V19: 9 | AA19: 13 | AF19: 19 | AH19: 19 | AJ19: 143
A20: 68-PU3 | B20: 34 | F20: 17 | I20: 8 | N20: 12 | S20: 3 | V20: 8 | AA20: 12 | AF20: 17 | AH20: 17 | AJ20: 128
A21: 68-PU4 | B21: 28 | F21: 14 | I21: 7 | N21: 10 | S21: 3 | V21: 7 | AA21: 10 | AF21: 14 | AH21: 14 | AJ21: 107
A22: 68-PU5 | B22: 15 | F22: 8 | I22: 4 | N22: 5 | S22: 2 | V22: 4 | AA22: 5 | AF22: 8 | AH22: 8 | AJ22: 59
A23: 68-PU5-R | B23: 23 | F23: 12 | I23: 6 | N23: 8 | S23: 2 | V23: 6 | AA23: 8 | AF23: 12 | AH23: 12 | AJ23: 89
A24: 68-PU6 | B24: 3 | F24: 1 | I24: 1 | N24: 1 | S24: 0 | V24: 1 | AA24: 1 | AF24: 1 | AH24: 1 | AJ24: 10
A25: 68-PU6-R | B25: 31 | F25: 15 | I25: 8 | N25: 11 | S25: 3 | V25: 8 | AA25: 11 | AF25: 15 | AH25: 15 | AJ25: 117
A26: 2549 - 2552 | D26: 1733 | G26: 868 | L26: 868 | Q26: 577 | U26: 116 | Y26: 868 | AD26: 577 | AJ26: 5607
A27: 49-A10-R | D27: 167 | G27: 84 | L27: 84 | Q27: 56 | U27: 11 | Y27: 84 | AD27: 56 | AJ27: 542
A28: 49-A11-R | D28: 145 | G28: 73 | L28: 73 | Q28: 48 | U28: 10 | Y28: 73 | AD28: 48 | AJ28: 470
A29: 49-A12-R | D29: 226 | G29: 113 | L29: 113 | Q29: 75 | U29: 15 | Y29: 113 | AD29: 75 | AJ29: 730
A30: 49-A13-R | D30: 174 | G30: 87 | L30: 87 | Q30: 58 | U30: 12 | Y30: 87 | AD30: 58 | AJ30: 563
A31: 50-A04 | D31: 292 | G31: 146 | L31: 146 | Q31: 97 | U31: 19 | Y31: 146 | AD31: 97 | AJ31: 943
A32: 50-A05 | D32: 276 | G32: 138 | L32: 138 | Q32: 92 | U32: 18 | Y32: 138 | AD32: 92 | AJ32: 892
A33: 50-C05-R | D33: 168 | G33: 84 | L33: 84 | Q33: 56 | U33: 11 | Y33: 84 | AD33: 56 | AJ33: 543
A34: 50-C07-R | D34: 252 | G34: 126 | L34: 126 | Q34: 84 | U34: 17 | Y34: 126 | AD34: 84 | AJ34: 815
A35: 51-P07 | D35: 9 | G35: 5 | L35: 5 | Q35: 3 | U35: 1 | Y35: 5 | AD35: 3 | AJ35: 31
A36: 51-P07-R | D36: 24 | G36: 12 | L36: 12 | Q36: 8 | U36: 2 | Y36: 12 | AD36: 8 | AJ36: 78
A37: 2555 - 2558 | E37: 2073 | H37: 1035 | M37: 907 | R37: 649 | U37: 102 | Z37: 907 | AE37: 649 | AJ37: 6322
A38: 56-A01 | E38: 156 | H38: 78 | M38: 68 | R38: 49 | U38: 8 | Z38: 68 | AE38: 49 | AJ38: 476
A39: 56-A02 | E39: 307 | H39: 153 | M39: 134 | R39: 96 | U39: 15 | Z39: 134 | AE39: 96 | AJ39: 935
A40: 56-A03-R | E40: 170 | H40: 85 | M40: 74 | R40: 53 | U40: 8 | Z40: 74 | AE40: 53 | AJ40: 517
A41: 56-C10-R | E41: 248 | H41: 124 | M41: 109 | R41: 78 | U41: 12 | Z41: 109 | AE41: 78 | AJ41: 758
A42: 56-D07-R | E42: 314 | H42: 157 | M42: 138 | R42: 98 | U42: 16 | Z42: 138 | AE42: 98 | AJ42: 959
A43: 57-A08-R | E43: 345 | H43: 172 | M43: 151 | R43: 108 | U43: 17 | Z43: 151 | AE43: 108 | AJ43: 1052
A44: 57-A09-R | E44: 309 | H44: 154 | M44: 135 | R44: 97 | U44: 15 | Z44: 135 | AE44: 97 | AJ44: 942
A45: 57-C06 | E45: 24 | H45: 12 | M45: 11 | R45: 8 | U45: 1 | Z45: 11 | AE45: 8 | AJ45: 75
A46: 57-C06-R | E46: 200 | H46: 100 | M46: 87 | R46: 62 | U46: 10 | Z46: 87 | AE46: 62 | AJ46: 608
A47: 2559 - 2560 | E47: 1742 | H47: 870 | M47: 762 | R47: 543 | U47: 88 | Z47: 762 | AE47: 543 | AJ47: 5310
A48: 59-C03-R | E48: 267 | H48: 133 | M48: 117 | R48: 83 | U48: 13 | Z48: 117 | AE48: 83 | AJ48: 813
... A56: 60-C05-R | E56: 58 | H56: 29 | M56: 25 | R56: 18 | U56: 3 | Z56: 25 | AE56: 18 | AJ56: 176
A57: 2563 - 2565 | E57: 2505 | H57: 1252 | M57: 1098 | R57: 782 | T57: 10 | U57: 115 | Z57: 1098 | AE57: 782 | AJ57: 7642
A58: 63-A01-R | E58: 43 | H58: 21 | M58: 19 | R58: 13 | U58: 2 | Z58: 19 | AE58: 13 | AJ58: 130
A59: 63-A03-R | E59: 78 | H59: 39 | M59: 34 | R59: 25 | U59: 4 | Z59: 34 | AE59: 25 | AJ59: 239
A60: 63-A07 | E60: 191 | H60: 96 | M60: 84 | R60: 60 | U60: 10 | Z60: 84 | AE60: 60 | AJ60: 585
A61: 63-A07-R | E61: 25 | H61: 12 | M61: 11 | R61: 8 | U61: 1 | Z61: 11 | AE61: 8 | AJ61: 76
A62: 63-D08-R | E62: 189 | H62: 95 | M62: 83 | R62: 59 | U62: 9 | Z62: 83 | AE62: 59 | AJ62: 577
A63: 64-D02-R | E63: 228 | H63: 114 | M63: 100 | R63: 71 | U63: 11 | Z63: 100 | AE63: 71 | AJ63: 695
A64: 64-P06-R | E64: 231 | H64: 115 | M64: 101 | R64: 72 | U64: 12 | Z64: 101 | AE64: 72 | AJ64: 704
A65: 64-P07-R | E65: 206 | H65: 103 | M65: 90 | R65: 64 | T65: 10 | Z65: 90 | AE65: 64 | AJ65: 627
A66: 64-P08-R | E66: 272 | H66: 136 | M66: 119 | R66: 85 | U66: 14 | Z66: 119 | AE66: 85 | AJ66: 830
A67: 64-P09-R | E67: 175 | H67: 88 | M67: 77 | R67: 55 | U67: 9 | Z67: 77 | AE67: 55 | AJ67: 536
A68: 65-D01-R | E68: 202 | H68: 101 | M68: 89 | R68: 63 | U68: 10 | Z68: 89 | AE68: 63 | AJ68: 617
A69: 65-D03-R | E69: 224 | H69: 112 | M69: 98 | R69: 70 | U69: 11 | Z69: 98 | AE69: 70 | AJ69: 683
A70: 65-D04-R | E70: 226 | H70: 113 | M70: 99 | R70: 70 | U70: 11 | Z70: 99 | AE70: 70 | AJ70: 688
A71: 65-D05-R | E71: 215 | H71: 107 | M71: 94 | R71: 67 | U71: 11 | Z71: 94 | AE71: 67 | AJ71: 655
A72: ปาล์มใหญ่ | D72: 11 | G72: 6 | L72: 6 | Q72: 4 | U72: 1 | Y72: 6 | AD72: 4 | AJ72: 38
A73: 22-C05-R | D73: 11 | G73: 6 | L73: 6 | Q73: 4 | U73: 1 | Y73: 6 | AD73: 4 | AJ73: 38
A74: Upper | B74: 122 | C74: 663 | D74: 1293 | E74: 5413 | F74: 159 | G74: 646 | H74: 2711 | I74: 31 | J74: 103 | K74: 242 | L74: 646 | M74: 2370 | N74: 43 | O74: 69 | P74: 145 | Q74: 431 | R74: 1694 | S74: 12 | U74: 422 | V74: 31 | W74: 135 | X74: 242 | Y74: 646 | Z74: 2370 | AA74: 43 | AB74: 69 | AC74: 145 | AD74: 431 | AE74: 1694 | AF74: 62 | AG74: 413 | AH74: 62 | AI74: 248 | AJ74: 23806
A75: 2566 | C75: 390 | F75: 97 | K75: 242 | P75: 145 | U75: 39 | X75: 242 | AC75: 145 | AG75: 242 | AI75: 145 | AJ75: 1687
A76: 66-T03 | C76: 98 | F76: 24 | K76: 61 | P76: 37 | U76: 10 | X76: 61 | AC76: 37 | AG76: 61 | AI76: 37 | AJ76: 426
A77: 66-T04 | C77: 81 | F77: 20 | K77: 50 | P77: 30 | U77: 8 | X77: 50 | AC77: 30 | AG77: 50 | AI77: 30 | AJ77: 349
A78: 66-T06 | C78: 116 | F78: 29 | K78: 72 | P78: 43 | U78: 12 | X78: 72 | AC78: 43 | AG78: 72 | AI78: 43 | AJ78: 502
A79: 66-T07 | C79: 95 | F79: 24 | K79: 59 | P79: 35 | U79: 9 | X79: 59 | AC79: 35 | AG79: 59 | AI79: 35 | AJ79: 410
A80: 2567 | C80: 273 | J80: 103 | O80: 69 | U80: 27 | W80: 135 | AB80: 69 | AG80: 171 | AI80: 103 | AJ80: 950
A81: 67-T10 | C81: 2 | J81: 1 | O81: 1 | U81: 0 | W81: 1 | AB81: 1 | AG81: 2 | AI81: 1 | AJ81: 9
A82: 67-T18 | C82: 7 | J82: 3 | O82: 2 | U82: 1 | W82: 3 | AB82: 2 | AG82: 4 | AI82: 3 | AJ82: 25
A83: 67-T21 | C83: 10 | J83: 4 | O83: 2 | U83: 1 | W83: 5 | AB83: 2 | AG83: 6 | AI83: 4 | AJ83: 34
A84: 67-T29 | C84: 123 | J84: 46 | O84: 31 | U84: 12 | W84: 61 | AB84: 31 | AG84: 77 | AI84: 46 | AJ84: 427
A85: 67-T30 | C85: 131 | J85: 49 | O85: 33 | U85: 13 | W85: 65 | AB85: 33 | AG85: 82 | AI85: 49 | AJ85: 455
A86: 2568 | B86: 122 | F86: 62 | I86: 31 | N86: 43 | S86: 12 | V86: 31 | AA86: 43 | AF86: 62 | AH86: 62 | AJ86: 468
A87: 68-T01 | B87: 63 | F87: 32 | I87: 16 | N87: 22 | S87: 6 | V87: 16 | AA87: 22 | AF87: 32 | AH87: 32 | AJ87: 241
A88: 68-T02 | B88: 59 | F88: 30 | I88: 15 | N88: 21 | S88: 6 | V88: 15 | AA88: 21 | AF88: 30 | AH88: 30 | AJ88: 227
A89: 2549 - 2552 | D89: 1033 | G89: 516 | L89: 516 | Q89: 344 | U89: 67 | Y89: 516 | AD89: 344 | AJ89: 3336
A90: 49-T16-R | D90: 7 | G90: 3 | L90: 3 | Q90: 2 | U90: 0 | Y90: 3 | AD90: 2 | AJ90: 20
A91: 49-T20-R | D91: 170 | G91: 85 | L91: 85 | Q91: 57 | U91: 11 | Y91: 85 | AD91: 57 | AJ91: 550
A92: 50-B07 | D92: 241 | G92: 121 | L92: 121 | Q92: 80 | U92: 16 | Y92: 121 | AD92: 80 | AJ92: 780
A93: 50-B10 | D93: 255 | G93: 127 | L93: 127 | Q93: 85 | U93: 17 | Y93: 127 | AD93: 85 | AJ93: 823
A94: 50-T10-R | D94: 172 | G94: 86 | L94: 86 | Q94: 57 | U94: 11 | Y94: 86 | AD94: 57 | AJ94: 555
A95: 50-T12-R | D95: 182 | G95: 91 | L95: 91 | Q95: 61 | U95: 12 | Y95: 91 | AD95: 61 | AJ95: 589
A96: 52-T28-R | D96: 6 | G96: 3 | L96: 3 | Q96: 2 | U96: 0 | Y96: 3 | AD96: 2 | AJ96: 19
A97: 2555 - 2558 | E97: 2812 | H97: 1409 | M97: 1232 | R97: 880 | U97: 141 | Z97: 1232 | AE97: 880 | AJ97: 8586
A98: 56-T08 | E98: 17 | H98: 9 | M98: 7 | R98: 5 | U98: 1 | Z98: 7 | AE98: 5 | AJ98: 51
A99: 56-T08-R | E99: 225 | H99: 113 | M99: 99 | R99: 70 | U99: 11 | Z99: 99 | AE99: 70 | AJ99: 687
A100: 56-T19-R | E100: 256 | H100: 128 | M100: 112 | R100: 80 | U100: 13 | Z100: 112 | AE100: 80 | AJ100: 781
A101: 56-T21-R | E101: 241 | H101: 121 | M101: 106 | R101: 75 | U101: 12 | Z101: 106 | AE101: 75 | AJ101: 736
A102: 56-T28-R | E102: 112 | H102: 56 | M102: 49 | R102: 35 | U102: 6 | Z102: 49 | AE102: 35 | AJ102: 342
A103: 57-B03 | E103: 338 | H103: 169 | M103: 148 | R103: 106 | U103: 17 | Z103: 148 | AE103: 106 | AJ103: 1032
A104: 57-B12 | E104: 341 | H104: 171 | M104: 149 | R104: 107 | U104: 17 | Z104: 149 | AE104: 107 | AJ104: 1041
A105: 57-B14 | E105: 133 | H105: 67 | M105: 58 | R105: 42 | U105: 7 | Z105: 58 | AE105: 42 | AJ105: 407
A106: 58-T09-R | E106: 235 | H106: 117 | M106: 103 | R106: 73 | U106: 12 | Z106: 103 | AE106: 73 | AJ106: 716
A107: 58-T11-R | E107: 232 | H107: 116 | M107: 102 | R107: 73 | U107: 12 | Z107: 102 | AE107: 73 | AJ107: 710
A108: 58-T13-R | E108: 229 | H108: 115 | M108: 100 | R108: 72 | U108: 11 | Z108: 100 | AE108: 72 | AJ108: 699
... A124: 65-B11 | E124: 255 | H124: 128 | M124: 112 | R124: 80 | U124: 13 | Z124: 112 | AE124: 80 | AJ124: 780
...

Sheet Pt-Planted Year
A2: Sum of BAG(25/50)
A4: Mouth | B4: ก.พ. | F4: มี.ค. | I4: เม.ย. | N4: พ.ค. | S4: ก.ค. | U4: ส.ค. | Z4: ก.ย. | AE4: ต.ค. | AG4: พ.ย. | AI4: Grand Total
A5: Fertilizer | B5: Dolomite | F5: 0-3-0 (1) | I5: 0-0-60 (1) | N5: 46-0-0 (1) | S5: Borax | U5: 0-0-60 (2) | Z5: 46-0-0 (2) | AE5: 0-0-60 (3) | AG5: 46-0-0 (3)
A6: Rate | B6: 500 | C6: 1000 | D6: 1500 | E6: 2000 | F6: 500 | G6: 1500 | H6: 2000 | I6: 250 | J6: 750 | K6: 1250 | L6: 1500 | M6: 1750 | N6: 350 | O6: 500 | P6: 750 | Q6: 1000 | R6: 1250 | S6: 50 | T6: 100 | U6: 250 | V6: 1000 | W6: 1250 | X6: 1500 | Y6: 1750 | Z6: 350 | AA6: 500 | AB6: 750 | AC6: 1000 | AD6: 1250 | AE6: 500 | AF6: 1250 | AG6: 500 | AH6: 750
A8: Upper | B8: 122 | C8: 663 | D8: 1293 | E8: 5413 | F8: 159 | G8: 646 | H8: 2711 | I8: 31 | J8: 103 | K8: 242 | L8: 646 | M8: 2370 | N8: 43 | O8: 69 | P8: 145 | Q8: 431 | R8: 1694 | S8: 12 | T8: 422 | U8: 31 | V8: 135 | W8: 242 | X8: 646 | Y8: 2370 | Z8: 43 | AA8: 69 | AB8: 145 | AC8: 431 | AD8: 1694 | AE8: 62 | AF8: 413 | AG8: 62 | AH8: 248 | AI8: =AI9+AI12+AI20+AI34+AI38+AI42+AI48+AI53+AI59 -> 23806
A9: ปาล์มใหญ่ | D9: 260 | G9: 130 | L9: 130 | Q9: 87 | T9: 18 | X9: 130 | AC9: 87 | AI9: 842
A10: B13-49 | D10: 252 | G10: 126 | L10: 126 | Q10: 84 | T10: 17 | X10: 126 | AC10: 84 | AI10: 815 | AK10: =IF(RIGHT(A10,2)="-R",MID(A10,FIND("-",A10)+1,LEN(A10)-FIND("-",A10)-2)&"-"&LEFT(A10,FIND("-",A10)-1)&"-R",MID(A10,FIND("-",A10)+1,99)&"-"&LEFT(A10,FIND("-",A10)-1)) -> 49-B13
A11: B14-30 | D11: 8 | G11: 4 | L11: 4 | Q11: 3 | T11: 1 | X11: 4 | AC11: 3 | AI11: 27 | AK11: =IF(RIGHT(A11,2)="-R",MID(A11,FIND("-",A11)+1,LEN(A11)-FIND("-",A11)-2)&"-"&LEFT(A11,FIND("-",A11)-1)&"-R",MID(A11,FIND("-",A11)+1,99)&"-"&LEFT(A11,FIND("-",A11)-1)) -> 30-B14
A12: 2549 - 2552 | D12: 1033 | G12: 516 | L12: 516 | Q12: 344 | T12: 67 | X12: 516 | AC12: 344 | AI12: =SUM(AI13:AI19) -> 3336
A13: T16-49-R | D13: 7 | G13: 3 | L13: 3 | Q13: 2 | T13: 0 | X13: 3 | AC13: 2 | AI13: 20 | AK13: =IF(RIGHT(A13,2)="-R",MID(A13,FIND("-",A13)+1,LEN(A13)-FIND("-",A13)-2)&"-"&LEFT(A13,FIND("-",A13)-1)&"-R",MID(A13,FIND("-",A13)+1,99)&"-"&LEFT(A13,FIND("-",A13)-1)) -> 49-T16-R
A14: T20-49-R | D14: 170 | G14: 85 | L14: 85 | Q14: 57 | T14: 11 | X14: 85 | AC14: 57 | AI14: 550 | AK14: =IF(RIGHT(A14,2)="-R",MID(A14,FIND("-",A14)+1,LEN(A14)-FIND("-",A14)-2)&"-"&LEFT(A14,FIND("-",A14)-1)&"-R",MID(A14,FIND("-",A14)+1,99)&"-"&LEFT(A14,FIND("-",A14)-1)) -> 49-T20-R
A15: B07-50 | D15: 241 | G15: 121 | L15: 121 | Q15: 80 | T15: 16 | X15: 121 | AC15: 80 | AI15: 780 | AK15: =IF(RIGHT(A15,2)="-R",MID(A15,FIND("-",A15)+1,LEN(A15)-FIND("-",A15)-2)&"-"&LEFT(A15,FIND("-",A15)-1)&"-R",MID(A15,FIND("-",A15)+1,99)&"-"&LEFT(A15,FIND("-",A15)-1)) -> 50-B07
A16: B10-50 | D16: 255 | G16: 127 | L16: 127 | Q16: 85 | T16: 17 | X16: 127 | AC16: 85 | AI16: 823 | AK16: =IF(RIGHT(A16,2)="-R",MID(A16,FIND("-",A16)+1,LEN(A16)-FIND("-",A16)-2)&"-"&LEFT(A16,FIND("-",A16)-1)&"-R",MID(A16,FIND("-",A16)+1,99)&"-"&LEFT(A16,FIND("-",A16)-1)) -> 50-B10
A17: T10-50-R | D17: 172 | G17: 86 | L17: 86 | Q17: 57 | T17: 11 | X17: 86 | AC17: 57 | AI17: 555 | AK17: =IF(RIGHT(A17,2)="-R",MID(A17,FIND("-",A17)+1,LEN(A17)-FIND("-",A17)-2)&"-"&LEFT(A17,FIND("-",A17)-1)&"-R",MID(A17,FIND("-",A17)+1,99)&"-"&LEFT(A17,FIND("-",A17)-1)) -> 50-T10-R
A18: T12-50-R | D18: 182 | G18: 91 | L18: 91 | Q18: 61 | T18: 12 | X18: 91 | AC18: 61 | AI18: 589 | AK18: =IF(RIGHT(A18,2)="-R",MID(A18,FIND("-",A18)+1,LEN(A18)-FIND("-",A18)-2)&"-"&LEFT(A18,FIND("-",A18)-1)&"-R",MID(A18,FIND("-",A18)+1,99)&"-"&LEFT(A18,FIND("-",A18)-1)) -> 50-T12-R
A19: T28-52-R | D19: 6 | G19: 3 | L19: 3 | Q19: 2 | T19: 0 | X19: 3 | AC19: 2 | AI19: 19 | AK19: =IF(RIGHT(A19,2)="-R",MID(A19,FIND("-",A19)+1,LEN(A19)-FIND("-",A19)-2)&"-"&LEFT(A19,FIND("-",A19)-1)&"-R",MID(A19,FIND("-",A19)+1,99)&"-"&LEFT(A19,FIND("-",A19)-1)) -> 52-T28-R
A20: 2555 - 2558 | E20: =SUM(E27:E33) -> 1828 | H20: =SUM(H27:H33) -> 915 | M20: =SUM(M27:M33) -> 801 | R20: =SUM(R27:R33) -> 573 | T20: =SUM(T27:T33) -> 91 | Y20: =SUM(Y27:Y33) -> 801 | AD20: =SUM(AD27:AD33) -> 573 | AI20: =SUM(AI21:AI33) -> 8586
A21: T08-56 | E21: 17 | H21: 9 | M21: 7 | R21: 5 | T21: 1 | Y21: 7 | AD21: 5 | AI21: 51 | AK21: =IF(RIGHT(A21,2)="-R",MID(A21,FIND("-",A21)+1,LEN(A21)-FIND("-",A21)-2)&"-"&LEFT(A21,FIND("-",A21)-1)&"-R",MID(A21,FIND("-",A21)+1,99)&"-"&LEFT(A21,FIND("-",A21)-1)) -> 56-T08
A22: T08-56-R | E22: 225 | H22: 113 | M22: 99 | R22: 70 | T22: 11 | Y22: 99 | AD22: 70 | AI22: 687 | AK22: =IF(RIGHT(A22,2)="-R",MID(A22,FIND("-",A22)+1,LEN(A22)-FIND("-",A22)-2)&"-"&LEFT(A22,FIND("-",A22)-1)&"-R",MID(A22,FIND("-",A22)+1,99)&"-"&LEFT(A22,FIND("-",A22)-1)) -> 56-T08-R
A23: T19-56-R | E23: 256 | H23: 128 | M23: 112 | R23: 80 | T23: 13 | Y23: 112 | AD23: 80 | AI23: 781 | AK23: =IF(RIGHT(A23,2)="-R",MID(A23,FIND("-",A23)+1,LEN(A23)-FIND("-",A23)-2)&"-"&LEFT(A23,FIND("-",A23)-1)&"-R",MID(A23,FIND("-",A23)+1,99)&"-"&LEFT(A23,FIND("-",A23)-1)) -> 56-T19-R
A24: T21-56-R | E24: 241 | H24: 121 | M24: 106 | R24: 75 | T24: 12 | Y24: 106 | AD24: 75 | AI24: 736 | AK24: =IF(RIGHT(A24,2)="-R",MID(A24,FIND("-",A24)+1,LEN(A24)-FIND("-",A24)-2)&"-"&LEFT(A24,FIND("-",A24)-1)&"-R",MID(A24,FIND("-",A24)+1,99)&"-"&LEFT(A24,FIND("-",A24)-1)) -> 56-T21-R
A25: T28-56-R | E25: 112 | H25: 56 | M25: 49 | R25: 35 | T25: 6 | Y25: 49 | AD25: 35 | AI25: 342 | AK25: =IF(RIGHT(A25,2)="-R",MID(A25,FIND("-",A25)+1,LEN(A25)-FIND("-",A25)-2)&"-"&LEFT(A25,FIND("-",A25)-1)&"-R",MID(A25,FIND("-",A25)+1,99)&"-"&LEFT(A25,FIND("-",A25)-1)) -> 56-T28-R
A26: B14-57 | E26: 133 | H26: 67 | M26: 58 | R26: 42 | T26: 7 | Y26: 58 | AD26: 42 | AI26: 407 | AK26: =IF(RIGHT(A26,2)="-R",MID(A26,FIND("-",A26)+1,LEN(A26)-FIND("-",A26)-2)&"-"&LEFT(A26,FIND("-",A26)-1)&"-R",MID(A26,FIND("-",A26)+1,99)&"-"&LEFT(A26,FIND("-",A26)-1)) -> 57-B14
A27: B03-57 | E27: 338 | H27: 169 | M27: 148 | R27: 106 | T27: 17 | Y27: 148 | AD27: 106 | AI27: 1032 | AK27: =IF(RIGHT(A27,2)="-R",MID(A27,FIND("-",A27)+1,LEN(A27)-FIND("-",A27)-2)&"-"&LEFT(A27,FIND("-",A27)-1)&"-R",MID(A27,FIND("-",A27)+1,99)&"-"&LEFT(A27,FIND("-",A27)-1)) -> 57-B03
A28: B12-57 | E28: 341 | H28: 171 | M28: 149 | R28: 107 | T28: 17 | Y28: 149 | AD28: 107 | AI28: 1041 | AK28: =IF(RIGHT(A28,2)="-R",MID(A28,FIND("-",A28)+1,LEN(A28)-FIND("-",A28)-2)&"-"&LEFT(A28,FIND("-",A28)-1)&"-R",MID(A28,FIND("-",A28)+1,99)&"-"&LEFT(A28,FIND("-",A28)-1)) -> 57-B12
A29: T09-58-R | E29: 235 | H29: 117 | M29: 103 | R29: 73 | T29: 12 | Y29: 103 | AD29: 73 | AI29: 716 | AK29: =IF(RIGHT(A29,2)="-R",MID(A29,FIND("-",A29)+1,LEN(A29)-FIND("-",A29)-2)&"-"&LEFT(A29,FIND("-",A29)-1)&"-R",MID(A29,FIND("-",A29)+1,99)&"-"&LEFT(A29,FIND("-",A29)-1)) -> 58-T09-R
A30: T11-58-R | E30: 232 | H30: 116 | M30: 102 | R30: 73 | T30: 12 | Y30: 102 | AD30: 73 | AI30: 710 | AK30: =IF(RIGHT(A30,2)="-R",MID(A30,FIND("-",A30)+1,LEN(A30)-FIND("-",A30)-2)&"-"&LEFT(A30,FIND("-",A30)-1)&"-R",MID(A30,FIND("-",A30)+1,99)&"-"&LEFT(A30,FIND("-",A30)-1)) -> 58-T11-R
A31: T13-58-R | E31: 229 | H31: 115 | M31: 100 | R31: 72 | T31: 11 | Y31: 100 | AD31: 72 | AI31: 699 | AK31: =IF(RIGHT(A31,2)="-R",MID(A31,FIND("-",A31)+1,LEN(A31)-FIND("-",A31)-2)&"-"&LEFT(A31,FIND("-",A31)-1)&"-R",MID(A31,FIND("-",A31)+1,99)&"-"&LEFT(A31,FIND("-",A31)-1)) -> 58-T13-R
A32: T17-58-R | E32: 226 | H32: 113 | M32: 99 | R32: 71 | T32: 11 | Y32: 99 | AD32: 71 | AI32: 690 | AK32: =IF(RIGHT(A32,2)="-R",MID(A32,FIND("-",A32)+1,LEN(A32)-FIND("-",A32)-2)&"-"&LEFT(A32,FIND("-",A32)-1)&"-R",MID(A32,FIND("-",A32)+1,99)&"-"&LEFT(A32,FIND("-",A32)-1)) -> 58-T17-R
A33: T18-58-R | E33: 227 | H33: 114 | M33: 100 | R33: 71 | T33: 11 | Y33: 100 | AD33: 71 | AI33: 694 | AK33: =IF(RIGHT(A33,2)="-R",MID(A33,FIND("-",A33)+1,LEN(A33)-FIND("-",A33)-2)&"-"&LEFT(A33,FIND("-",A33)-1)&"-R",MID(A33,FIND("-",A33)+1,99)&"-"&LEFT(A33,FIND("-",A33)-1)) -> 58-T18-R
A34: 2559 - 2560 | E34: 916 | H34: 458 | M34: 401 | R34: 286 | T34: 46 | Y34: 401 | AD34: 286 | AI34: 2794
A35: B04-60 | E35: 308 | H35: 154 | M35: 135 | R35: 96 | T35: 15 | Y35: 135 | AD35: 96 | AI35: 939 | AK35: =IF(RIGHT(A35,2)="-R",MID(A35,FIND("-",A35)+1,LEN(A35)-FIND("-",A35)-2)&"-"&LEFT(A35,FIND("-",A35)-1)&"-R",MID(A35,FIND("-",A35)+1,99)&"-"&LEFT(A35,FIND("-",A35)-1)) -> 60-B04
A36: B08-60 | E36: 278 | H36: 139 | M36: 122 | R36: 87 | T36: 14 | Y36: 122 | AD36: 87 | AI36: 849 | AK36: =IF(RIGHT(A36,2)="-R",MID(A36,FIND("-",A36)+1,LEN(A36)-FIND("-",A36)-2)&"-"&LEFT(A36,FIND("-",A36)-1)&"-R",MID(A36,FIND("-",A36)+1,99)&"-"&LEFT(A36,FIND("-",A36)-1)) -> 60-B08
A37: B09-60 | E37: 330 | H37: 165 | M37: 144 | R37: 103 | T37: 17 | Y37: 144 | AD37: 103 | AI37: 1006 | AK37: =IF(RIGHT(A37,2)="-R",MID(A37,FIND("-",A37)+1,LEN(A37)-FIND("-",A37)-2)&"-"&LEFT(A37,FIND("-",A37)-1)&"-R",MID(A37,FIND("-",A37)+1,99)&"-"&LEFT(A37,FIND("-",A37)-1)) -> 60-B09
A38: 2563 - 2564 | E38: 823 | H38: 412 | M38: 360 | R38: 258 | T38: 42 | Y38: 360 | AD38: 258 | AI38: 2513
A39: B02-64 | E39: 278 | H39: 139 | M39: 122 | R39: 87 | T39: 14 | Y39: 122 | AD39: 87 | AI39: 849 | AK39: =IF(RIGHT(A39,2)="-R",MID(A39,FIND("-",A39)+1,LEN(A39)-FIND("-",A39)-2)&"-"&LEFT(A39,FIND("-",A39)-1)&"-R",MID(A39,FIND("-",A39)+1,99)&"-"&LEFT(A39,FIND("-",A39)-1)) -> 64-B02
A40: B05-64 | E40: 251 | H40: 126 | M40: 110 | R40: 79 | T40: 13 | Y40: 110 | AD40: 79 | AI40: 768 | AK40: =IF(RIGHT(A40,2)="-R",MID(A40,FIND("-",A40)+1,LEN(A40)-FIND("-",A40)-2)&"-"&LEFT(A40,FIND("-",A40)-1)&"-R",MID(A40,FIND("-",A40)+1,99)&"-"&LEFT(A40,FIND("-",A40)-1)) -> 64-B05
A41: B06-64 | E41: 294 | H41: 147 | M41: 128 | R41: 92 | T41: 15 | Y41: 128 | AD41: 92 | AI41: 896 | AK41: =IF(RIGHT(A41,2)="-R",MID(A41,FIND("-",A41)+1,LEN(A41)-FIND("-",A41)-2)&"-"&LEFT(A41,FIND("-",A41)-1)&"-R",MID(A41,FIND("-",A41)+1,99)&"-"&LEFT(A41,FIND("-",A41)-1)) -> 64-B06
A42: 2563 - 2565 | E42: 862 | H42: 432 | M42: 377 | R42: 270 | T42: 42 | Y42: 377 | AD42: 270 | AI42: 2630
A43: T05-63-R | E43: 243 | H43: 121 | M43: 106 | R43: 76 | T43: 12 | Y43: 106 | AD43: 76 | AI43: 740 | AK43: =IF(RIGHT(A43,2)="-R",MID(A43,FIND("-",A43)+1,LEN(A43)-FIND("-",A43)-2)&"-"&LEFT(A43,FIND("-",A43)-1)&"-R",MID(A43,FIND("-",A43)+1,99)&"-"&LEFT(A43,FIND("-",A43)-1)) -> 63-T05-R
A44: T22-63-R | E44: 67 | H44: 34 | M44: 29 | R44: 21 | T44: 3 | Y44: 29 | AD44: 21 | AI44: 204 | AK44: =IF(RIGHT(A44,2)="-R",MID(A44,FIND("-",A44)+1,LEN(A44)-FIND("-",A44)-2)&"-"&LEFT(A44,FIND("-",A44)-1)&"-R",MID(A44,FIND("-",A44)+1,99)&"-"&LEFT(A44,FIND("-",A44)-1)) -> 63-T22-R
A45: T23-63-R | E45: 68 | H45: 34 | M45: 30 | R45: 21 | T45: 3 | Y45: 30 | AD45: 21 | AI45: 207 | AK45: =IF(RIGHT(A45,2)="-R",MID(A45,FIND("-",A45)+1,LEN(A45)-FIND("-",A45)-2)&"-"&LEFT(A45,FIND("-",A45)-1)&"-R",MID(A45,FIND("-",A45)+1,99)&"-"&LEFT(A45,FIND("-",A45)-1)) -> 63-T23-R
A46: B01-65 | E46: 229 | H46: 115 | M46: 100 | R46: 72 | T46: 11 | Y46: 100 | AD46: 72 | AI46: 699 | AK46: =IF(RIGHT(A46,2)="-R",MID(A46,FIND("-",A46)+1,LEN(A46)-FIND("-",A46)-2)&"-"&LEFT(A46,FIND("-",A46)-1)&"-R",MID(A46,FIND("-",A46)+1,99)&"-"&LEFT(A46,FIND("-",A46)-1)) -> 65-B01
A47: B11-65 | E47: 255 | H47: 128 | M47: 112 | R47: 80 | T47: 13 | Y47: 112 | AD47: 80 | AI47: 780 | AK47: =IF(RIGHT(A47,2)="-R",MID(A47,FIND("-",A47)+1,LEN(A47)-FIND("-",A47)-2)&"-"&LEFT(A47,FIND("-",A47)-1)&"-R",MID(A47,FIND("-",A47)+1,99)&"-"&LEFT(A47,FIND("-",A47)-1)) -> 65-B11
A48: 2566 | C48: 390 | F48: 97 | K48: 242 | P48: 145 | T48: 39 | W48: 242 | AB48: 145 | AF48: 242 | AH48: 145 | AI48: 1687
A49: T03-66 | C49: 98 | F49: 24 | K49: 61 | P49: 37 | T49: 10 | W49: 61 | AB49: 37 | AF49: 61 | AH49: 37 | AI49: 426 | AK49: =IF(RIGHT(A49,2)="-R",MID(A49,FIND("-",A49)+1,LEN(A49)-FIND("-",A49)-2)&"-"&LEFT(A49,FIND("-",A49)-1)&"-R",MID(A49,FIND("-",A49)+1,99)&"-"&LEFT(A49,FIND("-",A49)-1)) -> 66-T03
A50: T04-66 | C50: 81 | F50: 20 | K50: 50 | P50: 30 | T50: 8 | W50: 50 | AB50: 30 | AF50: 50 | AH50: 30 | AI50: 349 | AK50: =IF(RIGHT(A50,2)="-R",MID(A50,FIND("-",A50)+1,LEN(A50)-FIND("-",A50)-2)&"-"&LEFT(A50,FIND("-",A50)-1)&"-R",MID(A50,FIND("-",A50)+1,99)&"-"&LEFT(A50,FIND("-",A50)-1)) -> 66-T04
A51: T06-66 | C51: 116 | F51: 29 | K51: 72 | P51: 43 | T51: 12 | W51: 72 | AB51: 43 | AF51: 72 | AH51: 43 | AI51: 502 | AK51: =IF(RIGHT(A51,2)="-R",MID(A51,FIND("-",A51)+1,LEN(A51)-FIND("-",A51)-2)&"-"&LEFT(A51,FIND("-",A51)-1)&"-R",MID(A51,FIND("-",A51)+1,99)&"-"&LEFT(A51,FIND("-",A51)-1)) -> 66-T06
A52: T07-66 | C52: 95 | F52: 24 | K52: 59 | P52: 35 | T52: 9 | W52: 59 | AB52: 35 | AF52: 59 | AH52: 35 | AI52: 410 | AK52: =IF(RIGHT(A52,2)="-R",MID(A52,FIND("-",A52)+1,LEN(A52)-FIND("-",A52)-2)&"-"&LEFT(A52,FIND("-",A52)-1)&"-R",MID(A52,FIND("-",A52)+1,99)&"-"&LEFT(A52,FIND("-",A52)-1)) -> 66-T07
A53: 2567 | C53: 273 | J53: 103 | O53: 69 | T53: 27 | V53: 135 | AA53: 69 | AF53: 171 | AH53: 103 | AI53: 950
A54: T10-67 | C54: 2 | J54: 1 | O54: 1 | T54: 0 | V54: 1 | AA54: 1 | AF54: 2 | AH54: 1 | AI54: 9 | AK54: =IF(RIGHT(A54,2)="-R",MID(A54,FIND("-",A54)+1,LEN(A54)-FIND("-",A54)-2)&"-"&LEFT(A54,FIND("-",A54)-1)&"-R",MID(A54,FIND("-",A54)+1,99)&"-"&LEFT(A54,FIND("-",A54)-1)) -> 67-T10
A55: T18-67 | C55: 7 | J55: 3 | O55: 2 | T55: 1 | V55: 3 | AA55: 2 | AF55: 4 | AH55: 3 | AI55: 25 | AK55: =IF(RIGHT(A55,2)="-R",MID(A55,FIND("-",A55)+1,LEN(A55)-FIND("-",A55)-2)&"-"&LEFT(A55,FIND("-",A55)-1)&"-R",MID(A55,FIND("-",A55)+1,99)&"-"&LEFT(A55,FIND("-",A55)-1)) -> 67-T18
A56: T21-67 | C56: 10 | J56: 4 | O56: 2 | T56: 1 | V56: 5 | AA56: 2 | AF56: 6 | AH56: 4 | AI56: 34 | AK56: =IF(RIGHT(A56,2)="-R",MID(A56,FIND("-",A56)+1,LEN(A56)-FIND("-",A56)-2)&"-"&LEFT(A56,FIND("-",A56)-1)&"-R",MID(A56,FIND("-",A56)+1,99)&"-"&LEFT(A56,FIND("-",A56)-1)) -> 67-T21
A57: T29-67 | C57: 123 | J57: 46 | O57: 31 | T57: 12 | V57: 61 | AA57: 31 | AF57: 77 | AH57: 46 | AI57: 427 | AK57: =IF(RIGHT(A57,2)="-R",MID(A57,FIND("-",A57)+1,LEN(A57)-FIND("-",A57)-2)&"-"&LEFT(A57,FIND("-",A57)-1)&"-R",MID(A57,FIND("-",A57)+1,99)&"-"&LEFT(A57,FIND("-",A57)-1)) -> 67-T29
A58: T30-67 | C58: 131 | J58: 49 | O58: 33 | T58: 13 | V58: 65 | AA58: 33 | AF58: 82 | AH58: 49 | AI58: 455 | AK58: =IF(RIGHT(A58,2)="-R",MID(A58,FIND("-",A58)+1,LEN(A58)-FIND("-",A58)-2)&"-"&LEFT(A58,FIND("-",A58)-1)&"-R",MID(A58,FIND("-",A58)+1,99)&"-"&LEFT(A58,FIND("-",A58)-1)) -> 67-T30
A59: 2568 | B59: 122 | F59: 62 | I59: 31 | N59: 43 | S59: 12 | U59: 31 | Z59: 43 | AE59: 62 | AG59: 62 | AI59: 468
A60: T01-68 | B60: 63 | F60: 32 | I60: 16 | N60: 22 | S60: 6 | U60: 16 | Z60: 22 | AE60: 32 | AG60: 32 | AI60: 241 | AK60: =IF(RIGHT(A60,2)="-R",MID(A60,FIND("-",A60)+1,LEN(A60)-FIND("-",A60)-2)&"-"&LEFT(A60,FIND("-",A60)-1)&"-R",MID(A60,FIND("-",A60)+1,99)&"-"&LEFT(A60,FIND("-",A60)-1)) -> 68-T01
A61: T02-68 | B61: 59 | F61: 30 | I61: 15 | N61: 21 | S61: 6 | U61: 15 | Z61: 21 | AE61: 30 | AG61: 30 | AI61: 227 | AK61: =IF(RIGHT(A61,2)="-R",MID(A61,FIND("-",A61)+1,LEN(A61)-FIND("-",A61)-2)&"-"&LEFT(A61,FIND("-",A61)-1)&"-R",MID(A61,FIND("-",A61)+1,99)&"-"&LEFT(A61,FIND("-",A61)-1)) -> 68-T02
A63: Lower | B63: 172 | C63: 834 | D63: 1744 | E63: 6320 | F63: 222 | G63: 874 | H63: 3157 | I63: 43 | J63: 111 | K63: 337 | L63: 874 | M63: 2767 | N63: 60 | O63: 74 | P63: 203 | Q63: 581 | R63: 1974 | S63: 17 | T63: 514 | U63: 43 | V63: 146 | W63: 337 | X63: 874 | Y63: 2767 | Z63: 60 | AA63: 74 | AB63: 203 | AC63: 581 | AD63: 1974 | AE63: 86 | AF63: 521 | AG63: 86 | AH63: 314 | AI63: =SUM(B63:AH63) -> 28944
A64: ปาล์มใหญ่ | D64: 11 | G64: 6 | L64: 6 | Q64: 4 | T64: 1 | X64: 6 | AC64: 4 | AI64: 38
A65: C05-22-R | D65: 11 | G65: 6 | L65: 6 | Q65: 4 | T65: 1 | X65: 6 | AC65: 4 | AI65: 38 | AK65: =IF(RIGHT(A65,2)="-R",MID(A65,FIND("-",A65)+1,LEN(A65)-FIND("-",A65)-2)&"-"&LEFT(A65,FIND("-",A65)-1)&"-R",MID(A65,FIND("-",A65)+1,99)&"-"&LEFT(A65,FIND("-",A65)-1)) -> 22-C05-R
A66: 2549 - 2552 | D66: =SUM(D67:D76) -> 1733 | G66: =SUM(G67:G76) -> 868 | L66: =SUM(L67:L76) -> 868 | Q66: =SUM(Q67:Q76) -> 577 | T66: =SUM(T67:T76) -> 116 | X66: =SUM(X67:X76) -> 868 | AC66: =SUM(AC67:AC76) -> 577 | AI66: =SUM(B66:AH66) -> 5607
A67: A10-49-R | D67: 167 | G67: 84 | L67: 84 | Q67: 56 | T67: 11 | X67: 84 | AC67: 56 | AI67: 542 | AK67: =IF(RIGHT(A67,2)="-R",MID(A67,FIND("-",A67)+1,LEN(A67)-FIND("-",A67)-2)&"-"&LEFT(A67,FIND("-",A67)-1)&"-R",MID(A67,FIND("-",A67)+1,99)&"-"&LEFT(A67,FIND("-",A67)-1)) -> 49-A10-R
A68: A11-49-R | D68: 145 | G68: 73 | L68: 73 | Q68: 48 | T68: 10 | X68: 73 | AC68: 48 | AI68: 470 | AK68: =IF(RIGHT(A68,2)="-R",MID(A68,FIND("-",A68)+1,LEN(A68)-FIND("-",A68)-2)&"-"&LEFT(A68,FIND("-",A68)-1)&"-R",MID(A68,FIND("-",A68)+1,99)&"-"&LEFT(A68,FIND("-",A68)-1)) -> 49-A11-R
A69: A12-49-R | D69: 226 | G69: 113 | L69: 113 | Q69: 75 | T69: 15 | X69: 113 | AC69: 75 | AI69: 730 | AK69: =IF(RIGHT(A69,2)="-R",MID(A69,FIND("-",A69)+1,LEN(A69)-FIND("-",A69)-2)&"-"&LEFT(A69,FIND("-",A69)-1)&"-R",MID(A69,FIND("-",A69)+1,99)&"-"&LEFT(A69,FIND("-",A69)-1)) -> 49-A12-R
A70: A13-49-R | D70: 174 | G70: 87 | L70: 87 | Q70: 58 | T70: 12 | X70: 87 | AC70: 58 | AI70: 563 | AK70: =IF(RIGHT(A70,2)="-R",MID(A70,FIND("-",A70)+1,LEN(A70)-FIND("-",A70)-2)&"-"&LEFT(A70,FIND("-",A70)-1)&"-R",MID(A70,FIND("-",A70)+1,99)&"-"&LEFT(A70,FIND("-",A70)-1)) -> 49-A13-R
A71: C05-50-R | D71: 168 | G71: 84 | L71: 84 | Q71: 56 | T71: 11 | X71: 84 | AC71: 56 | AI71: 543 | AK71: =IF(RIGHT(A71,2)="-R",MID(A71,FIND("-",A71)+1,LEN(A71)-FIND("-",A71)-2)&"-"&LEFT(A71,FIND("-",A71)-1)&"-R",MID(A71,FIND("-",A71)+1,99)&"-"&LEFT(A71,FIND("-",A71)-1)) -> 50-C05-R
A72: C07-50-R | D72: 252 | G72: 126 | L72: 126 | Q72: 84 | T72: 17 | X72: 126 | AC72: 84 | AI72: 815 | AK72: =IF(RIGHT(A72,2)="-R",MID(A72,FIND("-",A72)+1,LEN(A72)-FIND("-",A72)-2)&"-"&LEFT(A72,FIND("-",A72)-1)&"-R",MID(A72,FIND("-",A72)+1,99)&"-"&LEFT(A72,FIND("-",A72)-1)) -> 50-C07-R
A73: A04-50 | D73: 292 | G73: 146 | L73: 146 | Q73: 97 | T73: 19 | X73: 146 | AC73: 97 | AI73: 943 | AK73: =IF(RIGHT(A73,2)="-R",MID(A73,FIND("-",A73)+1,LEN(A73)-FIND("-",A73)-2)&"-"&LEFT(A73,FIND("-",A73)-1)&"-R",MID(A73,FIND("-",A73)+1,99)&"-"&LEFT(A73,FIND("-",A73)-1)) -> 50-A04
A74: A05-50 | D74: 276 | G74: 138 | L74: 138 | Q74: 92 | T74: 18 | X74: 138 | AC74: 92 | AI74: 892 | AK74: =IF(RIGHT(A74,2)="-R",MID(A74,FIND("-",A74)+1,LEN(A74)-FIND("-",A74)-2)&"-"&LEFT(A74,FIND("-",A74)-1)&"-R",MID(A74,FIND("-",A74)+1,99)&"-"&LEFT(A74,FIND("-",A74)-1)) -> 50-A05
A75: P07-51 | D75: 9 | G75: 5 | L75: 5 | Q75: 3 | T75: 1 | X75: 5 | AC75: 3 | AI75: 31 | AK75: =IF(RIGHT(A75,2)="-R",MID(A75,FIND("-",A75)+1,LEN(A75)-FIND("-",A75)-2)&"-"&LEFT(A75,FIND("-",A75)-1)&"-R",MID(A75,FIND("-",A75)+1,99)&"-"&LEFT(A75,FIND("-",A75)-1)) -> 51-P07
A76: P07-51-R | D76: 24 | G76: 12 | L76: 12 | Q76: 8 | T76: 2 | X76: 12 | AC76: 8 | AI76: 78 | AK76: =IF(RIGHT(A76,2)="-R",MID(A76,FIND("-",A76)+1,LEN(A76)-FIND("-",A76)-2)&"-"&LEFT(A76,FIND("-",A76)-1)&"-R",MID(A76,FIND("-",A76)+1,99)&"-"&LEFT(A76,FIND("-",A76)-1)) -> 51-P07-R
A77: 2555 - 2558 | E77: 2073 | H77: 1035 | M77: 907 | R77: 649 | T77: 102 | Y77: 907 | AD77: 649 | AI77: 6322
A78: A01-56 | E78: 156 | H78: 78 | M78: 68 | R78: 49 | T78: 8 | Y78: 68 | AD78: 49 | AI78: 476 | AK78: =IF(RIGHT(A78,2)="-R",MID(A78,FIND("-",A78)+1,LEN(A78)-FIND("-",A78)-2)&"-"&LEFT(A78,FIND("-",A78)-1)&"-R",MID(A78,FIND("-",A78)+1,99)&"-"&LEFT(A78,FIND("-",A78)-1)) -> 56-A01
A79: A02-56 | E79: 307 | H79: 153 | M79: 134 | R79: 96 | T79: 15 | Y79: 134 | AD79: 96 | AI79: 935 | AK79: =IF(RIGHT(A79,2)="-R",MID(A79,FIND("-",A79)+1,LEN(A79)-FIND("-",A79)-2)&"-"&LEFT(A79,FIND("-",A79)-1)&"-R",MID(A79,FIND("-",A79)+1,99)&"-"&LEFT(A79,FIND("-",A79)-1)) -> 56-A02
A80: A03-56-R | E80: 170 | H80: 85 | M80: 74 | R80: 53 | T80: 8 | Y80: 74 | AD80: 53 | AI80: 517 | AK80: =IF(RIGHT(A80,2)="-R",MID(A80,FIND("-",A80)+1,LEN(A80)-FIND("-",A80)-2)&"-"&LEFT(A80,FIND("-",A80)-1)&"-R",MID(A80,FIND("-",A80)+1,99)&"-"&LEFT(A80,FIND("-",A80)-1)) -> 56-A03-R
A81: C10-56-R | E81: 248 | H81: 124 | M81: 109 | R81: 78 | T81: 12 | Y81: 109 | AD81: 78 | AI81: 758 | AK81: =IF(RIGHT(A81,2)="-R",MID(A81,FIND("-",A81)+1,LEN(A81)-FIND("-",A81)-2)&"-"&LEFT(A81,FIND("-",A81)-1)&"-R",MID(A81,FIND("-",A81)+1,99)&"-"&LEFT(A81,FIND("-",A81)-1)) -> 56-C10-R
A82: D07-56-R | E82: 314 | H82: 157 | M82: 138 | R82: 98 | T82: 16 | Y82: 138 | AD82: 98 | AI82: 959 | AK82: =IF(RIGHT(A82,2)="-R",MID(A82,FIND("-",A82)+1,LEN(A82)-FIND("-",A82)-2)&"-"&LEFT(A82,FIND("-",A82)-1)&"-R",MID(A82,FIND("-",A82)+1,99)&"-"&LEFT(A82,FIND("-",A82)-1)) -> 56-D07-R
A83: A08-57-R | E83: 345 | H83: 172 | M83: 151 | R83: 108 | T83: 17 | Y83: 151 | AD83: 108 | AI83: 1052 | AK83: =IF(RIGHT(A83,2)="-R",MID(A83,FIND("-",A83)+1,LEN(A83)-FIND("-",A83)-2)&"-"&LEFT(A83,FIND("-",A83)-1)&"-R",MID(A83,FIND("-",A83)+1,99)&"-"&LEFT(A83,FIND("-",A83)-1)) -> 57-A08-R
A84: A09-57-R | E84: 309 | H84: 154 | M84: 135 | R84: 97 | T84: 15 | Y84: 135 | AD84: 97 | AI84: 942 | AK84: =IF(RIGHT(A84,2)="-R",MID(A84,FIND("-",A84)+1,LEN(A84)-FIND("-",A84)-2)&"-"&LEFT(A84,FIND("-",A84)-1)&"-R",MID(A84,FIND("-",A84)+1,99)&"-"&LEFT(A84,FIND("-",A84)-1)) -> 57-A09-R
A85: C06-57 | E85: 24 | H85: 12 | M85: 11 | R85: 8 | T85: 1 | Y85: 11 | AD85: 8 | AI85: 75 | AK85: =IF(RIGHT(A85,2)="-R",MID(A85,FIND("-",A85)+1,LEN(A85)-FIND("-",A85)-2)&"-"&LEFT(A85,FIND("-",A85)-1)&"-R",MID(A85,FIND("-",A85)+1,99)&"-"&LEFT(A85,FIND("-",A85)-1)) -> 57-C06
A86: C06-57-R | E86: 200 | H86: 100 | M86: 87 | R86: 62 | T86: 10 | Y86: 87 | AD86: 62 | AI86: 608 | AK86: =IF(RIGHT(A86,2)="-R",MID(A86,FIND("-",A86)+1,LEN(A86)-FIND("-",A86)-2)&"-"&LEFT(A86,FIND("-",A86)-1)&"-R",MID(A86,FIND("-",A86)+1,99)&"-"&LEFT(A86,FIND("-",A86)-1)) -> 57-C06-R
A87: 2559 - 2560 | E87: 1742 | H87: 870 | M87: 762 | R87: 543 | T87: 88 | Y87: 762 | AD87: 543 | AI87: 5310
A88: C03-59-R | E88: 267 | H88: 133 | M88: 117 | R88: 83 | T88: 13 | Y88: 117 | AD88: 83 | AI88: 813 | AK88: =IF(RIGHT(A88,2)="-R",MID(A88,FIND("-",A88)+1,LEN(A88)-FIND("-",A88)-2)&"-"&LEFT(A88,FIND("-",A88)-1)&"-R",MID(A88,FIND("-",A88)+1,99)&"-"&LEFT(A88,FIND("-",A88)-1)) -> 59-C03-R
A89: C04-59-R | E89: 202 | H89: 101 | M89: 88 | R89: 63 | T89: 10 | Y89: 88 | AD89: 63 | AI89: 615 | AK89: =IF(RIGHT(A89,2)="-R",MID(A89,FIND("-",A89)+1,LEN(A89)-FIND("-",A89)-2)&"-"&LEFT(A89,FIND("-",A89)-1)&"-R",MID(A89,FIND("-",A89)+1,99)&"-"&LEFT(A89,FIND("-",A89)-1)) -> 59-C04-R
A90: C08-59-R | E90: 231 | H90: 116 | M90: 101 | R90: 72 | T90: 12 | Y90: 101 | AD90: 72 | AI90: 705 | AK90: =IF(RIGHT(A90,2)="-R",MID(A90,FIND("-",A90)+1,LEN(A90)-FIND("-",A90)-2)&"-"&LEFT(A90,FIND("-",A90)-1)&"-R",MID(A90,FIND("-",A90)+1,99)&"-"&LEFT(A90,FIND("-",A90)-1)) -> 59-C08-R
A91: C09-59-R | E91: 152 | H91: 76 | M91: 67 | R91: 48 | T91: 8 | Y91: 67 | AD91: 48 | AI91: 466 | AK91: =IF(RIGHT(A91,2)="-R",MID(A91,FIND("-",A91)+1,LEN(A91)-FIND("-",A91)-2)&"-"&LEFT(A91,FIND("-",A91)-1)&"-R",MID(A91,FIND("-",A91)+1,99)&"-"&LEFT(A91,FIND("-",A91)-1)) -> 59-C09-R
A92: C11-59-R | E92: 183 | H92: 92 | M92: 80 | R92: 57 | T92: 9 | Y92: 80 | AD92: 57 | AI92: 558 | AK92: =IF(RIGHT(A92,2)="-R",MID(A92,FIND("-",A92)+1,LEN(A92)-FIND("-",A92)-2)&"-"&LEFT(A92,FIND("-",A92)-1)&"-R",MID(A92,FIND("-",A92)+1,99)&"-"&LEFT(A92,FIND("-",A92)-1)) -> 59-C11-R
A93: A06-60 | E93: 261 | H93: 130 | M93: 114 | R93: 81 | T93: 13 | Y93: 114 | AD93: 81 | AI93: 794 | AK93: =IF(RIGHT(A93,2)="-R",MID(A93,FIND("-",A93)+1,LEN(A93)-FIND("-",A93)-2)&"-"&LEFT(A93,FIND("-",A93)-1)&"-R",MID(A93,FIND("-",A93)+1,99)&"-"&LEFT(A93,FIND("-",A93)-1)) -> 60-A06
A94: C01-60-R | E94: 217 | H94: 108 | M94: 95 | R94: 68 | T94: 11 | Y94: 95 | AD94: 68 | AI94: 662 | AK94: =IF(RIGHT(A94,2)="-R",MID(A94,FIND("-",A94)+1,LEN(A94)-FIND("-",A94)-2)&"-"&LEFT(A94,FIND("-",A94)-1)&"-R",MID(A94,FIND("-",A94)+1,99)&"-"&LEFT(A94,FIND("-",A94)-1)) -> 60-C01-R
A95: C02-60-R | E95: 171 | H95: 85 | M95: 75 | R95: 53 | T95: 9 | Y95: 75 | AD95: 53 | AI95: 521 | AK95: =IF(RIGHT(A95,2)="-R",MID(A95,FIND("-",A95)+1,LEN(A95)-FIND("-",A95)-2)&"-"&LEFT(A95,FIND("-",A95)-1)&"-R",MID(A95,FIND("-",A95)+1,99)&"-"&LEFT(A95,FIND("-",A95)-1)) -> 60-C02-R
A96: C05-60-R | E96: 58 | H96: 29 | M96: 25 | R96: 18 | T96: 3 | Y96: 25 | AD96: 18 | AI96: 176 | AK96: =IF(RIGHT(A96,2)="-R",MID(A96,FIND("-",A96)+1,LEN(A96)-FIND("-",A96)-2)&"-"&LEFT(A96,FIND("-",A96)-1)&"-R",MID(A96,FIND("-",A96)+1,99)&"-"&LEFT(A96,FIND("-",A96)-1)) -> 60-C05-R
A97: 2563 - 2565 | E97: 2505 | H97: 1252 | M97: 1098 | R97: 782 | T97: 125 | Y97: 1098 | AD97: 782 | AI97: 7642
A98: A01-63-R | E98: 43 | H98: 21 | M98: 19 | R98: 13 | T98: 2 | Y98: 19 | AD98: 13 | AI98: 130 | AK98: =IF(RIGHT(A98,2)="-R",MID(A98,FIND("-",A98)+1,LEN(A98)-FIND("-",A98)-2)&"-"&LEFT(A98,FIND("-",A98)-1)&"-R",MID(A98,FIND("-",A98)+1,99)&"-"&LEFT(A98,FIND("-",A98)-1)) -> 63-A01-R
A99: A03-63-R | E99: 78 | H99: 39 | M99: 34 | R99: 25 | T99: 4 | Y99: 34 | AD99: 25 | AI99: 239 | AK99: =IF(RIGHT(A99,2)="-R",MID(A99,FIND("-",A99)+1,LEN(A99)-FIND("-",A99)-2)&"-"&LEFT(A99,FIND("-",A99)-1)&"-R",MID(A99,FIND("-",A99)+1,99)&"-"&LEFT(A99,FIND("-",A99)-1)) -> 63-A03-R
A100: A07-63 | E100: 191 | H100: 96 | M100: 84 | R100: 60 | T100: 10 | Y100: 84 | AD100: 60 | AI100: 585 | AK100: =IF(RIGHT(A100,2)="-R",MID(A100,FIND("-",A100)+1,LEN(A100)-FIND("-",A100)-2)&"-"&LEFT(A100,FIND("-",A100)-1)&"-R",MID(A100,FIND("-",A100)+1,99)&"-"&LEFT(A100,FIND("-",A100)-1)) -> 63-A07
A101: A07-63-R | E101: 25 | H101: 12 | M101: 11 | R101: 8 | T101: 1 | Y101: 11 | AD101: 8 | AI101: 76 | AK101: =IF(RIGHT(A101,2)="-R",MID(A101,FIND("-",A101)+1,LEN(A101)-FIND("-",A101)-2)&"-"&LEFT(A101,FIND("-",A101)-1)&"-R",MID(A101,FIND("-",A101)+1,99)&"-"&LEFT(A101,FIND("-",A101)-1)) -> 63-A07-R
A102: D08-63-R | E102: 189 | H102: 95 | M102: 83 | R102: 59 | T102: 9 | Y102: 83 | AD102: 59 | AI102: 577 | AK102: =IF(RIGHT(A102,2)="-R",MID(A102,FIND("-",A102)+1,LEN(A102)-FIND("-",A102)-2)&"-"&LEFT(A102,FIND("-",A102)-1)&"-R",MID(A102,FIND("-",A102)+1,99)&"-"&LEFT(A102,FIND("-",A102)-1)) -> 63-D08-R
A103: D02-64-R | E103: 228 | H103: 114 | M103: 100 | R103: 71 | T103: 11 | Y103: 100 | AD103: 71 | AI103: 695 | AK103: =IF(RIGHT(A103,2)="-R",MID(A103,FIND("-",A103)+1,LEN(A103)-FIND("-",A103)-2)&"-"&LEFT(A103,FIND("-",A103)-1)&"-R",MID(A103,FIND("-",A103)+1,99)&"-"&LEFT(A103,FIND("-",A103)-1)) -> 64-D02-R
A104: P06-64-R | E104: 231 | H104: 115 | M104: 101 | R104: 72 | T104: 12 | Y104: 101 | AD104: 72 | AI104: 704 | AK104: =IF(RIGHT(A104,2)="-R",MID(A104,FIND("-",A104)+1,LEN(A104)-FIND("-",A104)-2)&"-"&LEFT(A104,FIND("-",A104)-1)&"-R",MID(A104,FIND("-",A104)+1,99)&"-"&LEFT(A104,FIND("-",A104)-1)) -> 64-P06-R
...

Sheet Pt-Area
A2: Sum of BAG(25/50)
A4: Mouth | B4: ก.พ. | F4: มี.ค. | I4: เม.ย. | N4: พ.ค. | S4: ก.ค. | U4: ส.ค. | Z4: ก.ย. | AE4: ต.ค. | AG4: พ.ย. | AI4: Grand Total
A5: Fertilizer | B5: Dolomite | F5: 0-3-0 (1) | I5: 0-0-60 (1) | N5: 46-0-0 (1) | S5: Borax | U5: 0-0-60 (2) | Z5: 46-0-0 (2) | AE5: 0-0-60 (3) | AG5: 46-0-0 (3)
A6: Rate | B6: 500 | C6: 1000 | D6: 1500 | E6: 2000 | F6: 500 | G6: 1500 | H6: 2000 | I6: 250 | J6: 750 | K6: 1250 | L6: 1500 | M6: 1750 | N6: 350 | O6: 500 | P6: 750 | Q6: 1000 | R6: 1250 | S6: 50 | T6: 100 | U6: 250 | V6: 1000 | W6: 1250 | X6: 1500 | Y6: 1750 | Z6: 350 | AA6: 500 | AB6: 750 | AC6: 1000 | AD6: 1250 | AE6: 500 | AF6: 1250 | AG6: 500 | AH6: 750
A8: Lower | B8: 172 | C8: 834 | D8: 1744 | E8: 6320 | F8: 222 | G8: 874 | H8: 3157 | I8: 43 | J8: 111 | K8: 337 | L8: 874 | M8: 2767 | N8: 60 | O8: 74 | P8: 203 | Q8: 581 | R8: 1974 | S8: 17 | T8: 514 | U8: 43 | V8: 146 | W8: 337 | X8: 874 | Y8: 2767 | Z8: 60 | AA8: 74 | AB8: 203 | AC8: 581 | AD8: 1974 | AE8: 86 | AF8: 521 | AG8: 86 | AH8: 314 | AI8: 28944
A9: A01-56 | E9: 156 | H9: 78 | M9: 68 | R9: 49 | T9: 8 | Y9: 68 | AD9: 49 | AI9: 476 | AL9: =IF(RIGHT(A9,2)="-R",MID(A9,FIND("-",A9)+1,LEN(A9)-FIND("-",A9)-2)&"-"&LEFT(A9,FIND("-",A9)-1)&"-R",MID(A9,FIND("-",A9)+1,99)&"-"&LEFT(A9,FIND("-",A9)-1)) -> 56-A01
A10: A01-63-R | E10: 43 | H10: 21 | M10: 19 | R10: 13 | T10: 2 | Y10: 19 | AD10: 13 | AI10: 130 | AL10: =IF(RIGHT(A10,2)="-R",MID(A10,FIND("-",A10)+1,LEN(A10)-FIND("-",A10)-2)&"-"&LEFT(A10,FIND("-",A10)-1)&"-R",MID(A10,FIND("-",A10)+1,99)&"-"&LEFT(A10,FIND("-",A10)-1)) -> 63-A01-R
A11: A02-56 | E11: 307 | H11: 153 | M11: 134 | R11: 96 | T11: 15 | Y11: 134 | AD11: 96 | AI11: 935 | AL11: =IF(RIGHT(A11,2)="-R",MID(A11,FIND("-",A11)+1,LEN(A11)-FIND("-",A11)-2)&"-"&LEFT(A11,FIND("-",A11)-1)&"-R",MID(A11,FIND("-",A11)+1,99)&"-"&LEFT(A11,FIND("-",A11)-1)) -> 56-A02
A12: A03-56-R | E12: 170 | H12: 85 | M12: 74 | R12: 53 | T12: 8 | Y12: 74 | AD12: 53 | AI12: 517 | AL12: =IF(RIGHT(A12,2)="-R",MID(A12,FIND("-",A12)+1,LEN(A12)-FIND("-",A12)-2)&"-"&LEFT(A12,FIND("-",A12)-1)&"-R",MID(A12,FIND("-",A12)+1,99)&"-"&LEFT(A12,FIND("-",A12)-1)) -> 56-A03-R
A13: A03-63-R | E13: 78 | H13: 39 | M13: 34 | R13: 25 | T13: 4 | Y13: 34 | AD13: 25 | AI13: 239 | AL13: =IF(RIGHT(A13,2)="-R",MID(A13,FIND("-",A13)+1,LEN(A13)-FIND("-",A13)-2)&"-"&LEFT(A13,FIND("-",A13)-1)&"-R",MID(A13,FIND("-",A13)+1,99)&"-"&LEFT(A13,FIND("-",A13)-1)) -> 63-A03-R
A14: A04-50 | D14: 292 | G14: 146 | L14: 146 | Q14: 97 | T14: 19 | X14: 146 | AC14: 97 | AI14: 943 | AL14: =IF(RIGHT(A14,2)="-R",MID(A14,FIND("-",A14)+1,LEN(A14)-FIND("-",A14)-2)&"-"&LEFT(A14,FIND("-",A14)-1)&"-R",MID(A14,FIND("-",A14)+1,99)&"-"&LEFT(A14,FIND("-",A14)-1)) -> 50-A04
A15: A05-50 | D15: 276 | G15: 138 | L15: 138 | Q15: 92 | T15: 18 | X15: 138 | AC15: 92 | AI15: 892 | AL15: =IF(RIGHT(A15,2)="-R",MID(A15,FIND("-",A15)+1,LEN(A15)-FIND("-",A15)-2)&"-"&LEFT(A15,FIND("-",A15)-1)&"-R",MID(A15,FIND("-",A15)+1,99)&"-"&LEFT(A15,FIND("-",A15)-1)) -> 50-A05
A16: A06-60 | E16: 261 | H16: 130 | M16: 114 | R16: 81 | T16: 13 | Y16: 114 | AD16: 81 | AI16: 794 | AL16: =IF(RIGHT(A16,2)="-R",MID(A16,FIND("-",A16)+1,LEN(A16)-FIND("-",A16)-2)&"-"&LEFT(A16,FIND("-",A16)-1)&"-R",MID(A16,FIND("-",A16)+1,99)&"-"&LEFT(A16,FIND("-",A16)-1)) -> 60-A06
A17: A07-63 | E17: 191 | H17: 96 | M17: 84 | R17: 60 | T17: 10 | Y17: 84 | AD17: 60 | AI17: 585 | AL17: =IF(RIGHT(A17,2)="-R",MID(A17,FIND("-",A17)+1,LEN(A17)-FIND("-",A17)-2)&"-"&LEFT(A17,FIND("-",A17)-1)&"-R",MID(A17,FIND("-",A17)+1,99)&"-"&LEFT(A17,FIND("-",A17)-1)) -> 63-A07
A18: A07-63-R | E18: 25 | H18: 12 | M18: 11 | R18: 8 | T18: 1 | Y18: 11 | AD18: 8 | AI18: 76 | AL18: =IF(RIGHT(A18,2)="-R",MID(A18,FIND("-",A18)+1,LEN(A18)-FIND("-",A18)-2)&"-"&LEFT(A18,FIND("-",A18)-1)&"-R",MID(A18,FIND("-",A18)+1,99)&"-"&LEFT(A18,FIND("-",A18)-1)) -> 63-A07-R
A19: A08-57-R | E19: 345 | H19: 172 | M19: 151 | R19: 108 | T19: 17 | Y19: 151 | AD19: 108 | AI19: 1052 | AL19: =IF(RIGHT(A19,2)="-R",MID(A19,FIND("-",A19)+1,LEN(A19)-FIND("-",A19)-2)&"-"&LEFT(A19,FIND("-",A19)-1)&"-R",MID(A19,FIND("-",A19)+1,99)&"-"&LEFT(A19,FIND("-",A19)-1)) -> 57-A08-R
A20: A09-57-R | E20: 309 | H20: 154 | M20: 135 | R20: 97 | T20: 15 | Y20: 135 | AD20: 97 | AI20: 942 | AL20: =IF(RIGHT(A20,2)="-R",MID(A20,FIND("-",A20)+1,LEN(A20)-FIND("-",A20)-2)&"-"&LEFT(A20,FIND("-",A20)-1)&"-R",MID(A20,FIND("-",A20)+1,99)&"-"&LEFT(A20,FIND("-",A20)-1)) -> 57-A09-R
A21: A10-49-R | D21: 167 | G21: 84 | L21: 84 | Q21: 56 | T21: 11 | X21: 84 | AC21: 56 | AI21: 542 | AL21: =IF(RIGHT(A21,2)="-R",MID(A21,FIND("-",A21)+1,LEN(A21)-FIND("-",A21)-2)&"-"&LEFT(A21,FIND("-",A21)-1)&"-R",MID(A21,FIND("-",A21)+1,99)&"-"&LEFT(A21,FIND("-",A21)-1)) -> 49-A10-R
A22: A11-49-R | D22: 145 | G22: 73 | L22: 73 | Q22: 48 | T22: 10 | X22: 73 | AC22: 48 | AI22: 470 | AL22: =IF(RIGHT(A22,2)="-R",MID(A22,FIND("-",A22)+1,LEN(A22)-FIND("-",A22)-2)&"-"&LEFT(A22,FIND("-",A22)-1)&"-R",MID(A22,FIND("-",A22)+1,99)&"-"&LEFT(A22,FIND("-",A22)-1)) -> 49-A11-R
A23: A12-49-R | D23: 226 | G23: 113 | L23: 113 | Q23: 75 | T23: 15 | X23: 113 | AC23: 75 | AI23: 730 | AL23: =IF(RIGHT(A23,2)="-R",MID(A23,FIND("-",A23)+1,LEN(A23)-FIND("-",A23)-2)&"-"&LEFT(A23,FIND("-",A23)-1)&"-R",MID(A23,FIND("-",A23)+1,99)&"-"&LEFT(A23,FIND("-",A23)-1)) -> 49-A12-R
A24: A13-49-R | D24: 174 | G24: 87 | L24: 87 | Q24: 58 | T24: 12 | X24: 87 | AC24: 58 | AI24: 563 | AL24: =IF(RIGHT(A24,2)="-R",MID(A24,FIND("-",A24)+1,LEN(A24)-FIND("-",A24)-2)&"-"&LEFT(A24,FIND("-",A24)-1)&"-R",MID(A24,FIND("-",A24)+1,99)&"-"&LEFT(A24,FIND("-",A24)-1)) -> 49-A13-R
A25: C01-60-R | E25: 217 | H25: 108 | M25: 95 | R25: 68 | T25: 11 | Y25: 95 | AD25: 68 | AI25: 662 | AL25: =IF(RIGHT(A25,2)="-R",MID(A25,FIND("-",A25)+1,LEN(A25)-FIND("-",A25)-2)&"-"&LEFT(A25,FIND("-",A25)-1)&"-R",MID(A25,FIND("-",A25)+1,99)&"-"&LEFT(A25,FIND("-",A25)-1)) -> 60-C01-R
A26: C02-60-R | E26: 171 | H26: 85 | M26: 75 | R26: 53 | T26: 9 | Y26: 75 | AD26: 53 | AI26: 521 | AL26: =IF(RIGHT(A26,2)="-R",MID(A26,FIND("-",A26)+1,LEN(A26)-FIND("-",A26)-2)&"-"&LEFT(A26,FIND("-",A26)-1)&"-R",MID(A26,FIND("-",A26)+1,99)&"-"&LEFT(A26,FIND("-",A26)-1)) -> 60-C02-R
A27: C03-59-R | E27: 267 | H27: 133 | M27: 117 | R27: 83 | T27: 13 | Y27: 117 | AD27: 83 | AI27: 813 | AL27: =IF(RIGHT(A27,2)="-R",MID(A27,FIND("-",A27)+1,LEN(A27)-FIND("-",A27)-2)&"-"&LEFT(A27,FIND("-",A27)-1)&"-R",MID(A27,FIND("-",A27)+1,99)&"-"&LEFT(A27,FIND("-",A27)-1)) -> 59-C03-R
A28: C04-59-R | E28: 202 | H28: 101 | M28: 88 | R28: 63 | T28: 10 | Y28: 88 | AD28: 63 | AI28: 615 | AL28: =IF(RIGHT(A28,2)="-R",MID(A28,FIND("-",A28)+1,LEN(A28)-FIND("-",A28)-2)&"-"&LEFT(A28,FIND("-",A28)-1)&"-R",MID(A28,FIND("-",A28)+1,99)&"-"&LEFT(A28,FIND("-",A28)-1)) -> 59-C04-R
A29: C05-22-R | D29: 11 | G29: 6 | L29: 6 | Q29: 4 | T29: 1 | X29: 6 | AC29: 4 | AI29: 38 | AL29: =IF(RIGHT(A29,2)="-R",MID(A29,FIND("-",A29)+1,LEN(A29)-FIND("-",A29)-2)&"-"&LEFT(A29,FIND("-",A29)-1)&"-R",MID(A29,FIND("-",A29)+1,99)&"-"&LEFT(A29,FIND("-",A29)-1)) -> 22-C05-R
A30: C05-50-R | D30: 168 | G30: 84 | L30: 84 | Q30: 56 | T30: 11 | X30: 84 | AC30: 56 | AI30: 543 | AL30: =IF(RIGHT(A30,2)="-R",MID(A30,FIND("-",A30)+1,LEN(A30)-FIND("-",A30)-2)&"-"&LEFT(A30,FIND("-",A30)-1)&"-R",MID(A30,FIND("-",A30)+1,99)&"-"&LEFT(A30,FIND("-",A30)-1)) -> 50-C05-R
A31: C05-60-R | E31: 58 | H31: 29 | M31: 25 | R31: 18 | T31: 3 | Y31: 25 | AD31: 18 | AI31: 176 | AL31: =IF(RIGHT(A31,2)="-R",MID(A31,FIND("-",A31)+1,LEN(A31)-FIND("-",A31)-2)&"-"&LEFT(A31,FIND("-",A31)-1)&"-R",MID(A31,FIND("-",A31)+1,99)&"-"&LEFT(A31,FIND("-",A31)-1)) -> 60-C05-R
A32: C06-57 | E32: 24 | H32: 12 | M32: 11 | R32: 8 | T32: 1 | Y32: 11 | AD32: 8 | AI32: 75 | AL32: =IF(RIGHT(A32,2)="-R",MID(A32,FIND("-",A32)+1,LEN(A32)-FIND("-",A32)-2)&"-"&LEFT(A32,FIND("-",A32)-1)&"-R",MID(A32,FIND("-",A32)+1,99)&"-"&LEFT(A32,FIND("-",A32)-1)) -> 57-C06
A33: C06-57-R | E33: 200 | H33: 100 | M33: 87 | R33: 62 | T33: 10 | Y33: 87 | AD33: 62 | AI33: 608 | AL33: =IF(RIGHT(A33,2)="-R",MID(A33,FIND("-",A33)+1,LEN(A33)-FIND("-",A33)-2)&"-"&LEFT(A33,FIND("-",A33)-1)&"-R",MID(A33,FIND("-",A33)+1,99)&"-"&LEFT(A33,FIND("-",A33)-1)) -> 57-C06-R
A34: C07-50-R | D34: 252 | G34: 126 | L34: 126 | Q34: 84 | T34: 17 | X34: 126 | AC34: 84 | AI34: 815 | AL34: =IF(RIGHT(A34,2)="-R",MID(A34,FIND("-",A34)+1,LEN(A34)-FIND("-",A34)-2)&"-"&LEFT(A34,FIND("-",A34)-1)&"-R",MID(A34,FIND("-",A34)+1,99)&"-"&LEFT(A34,FIND("-",A34)-1)) -> 50-C07-R
A35: C08-59-R | E35: 231 | H35: 116 | M35: 101 | R35: 72 | T35: 12 | Y35: 101 | AD35: 72 | AI35: 705 | AL35: =IF(RIGHT(A35,2)="-R",MID(A35,FIND("-",A35)+1,LEN(A35)-FIND("-",A35)-2)&"-"&LEFT(A35,FIND("-",A35)-1)&"-R",MID(A35,FIND("-",A35)+1,99)&"-"&LEFT(A35,FIND("-",A35)-1)) -> 59-C08-R
A36: C09-59-R | E36: 152 | H36: 76 | M36: 67 | R36: 48 | T36: 8 | Y36: 67 | AD36: 48 | AI36: 466 | AL36: =IF(RIGHT(A36,2)="-R",MID(A36,FIND("-",A36)+1,LEN(A36)-FIND("-",A36)-2)&"-"&LEFT(A36,FIND("-",A36)-1)&"-R",MID(A36,FIND("-",A36)+1,99)&"-"&LEFT(A36,FIND("-",A36)-1)) -> 59-C09-R
A37: C10-56-R | E37: 248 | H37: 124 | M37: 109 | R37: 78 | T37: 12 | Y37: 109 | AD37: 78 | AI37: 758 | AL37: =IF(RIGHT(A37,2)="-R",MID(A37,FIND("-",A37)+1,LEN(A37)-FIND("-",A37)-2)&"-"&LEFT(A37,FIND("-",A37)-1)&"-R",MID(A37,FIND("-",A37)+1,99)&"-"&LEFT(A37,FIND("-",A37)-1)) -> 56-C10-R
A38: C11-59-R | E38: 183 | H38: 92 | M38: 80 | R38: 57 | T38: 9 | Y38: 80 | AD38: 57 | AI38: 558 | AL38: =IF(RIGHT(A38,2)="-R",MID(A38,FIND("-",A38)+1,LEN(A38)-FIND("-",A38)-2)&"-"&LEFT(A38,FIND("-",A38)-1)&"-R",MID(A38,FIND("-",A38)+1,99)&"-"&LEFT(A38,FIND("-",A38)-1)) -> 59-C11-R
A39: D01-65-R | E39: 202 | H39: 101 | M39: 89 | R39: 63 | T39: 10 | Y39: 89 | AD39: 63 | AI39: 617 | AL39: =IF(RIGHT(A39,2)="-R",MID(A39,FIND("-",A39)+1,LEN(A39)-FIND("-",A39)-2)&"-"&LEFT(A39,FIND("-",A39)-1)&"-R",MID(A39,FIND("-",A39)+1,99)&"-"&LEFT(A39,FIND("-",A39)-1)) -> 65-D01-R
A40: D02-64-R | E40: 228 | H40: 114 | M40: 100 | R40: 71 | T40: 11 | Y40: 100 | AD40: 71 | AI40: 695 | AL40: =IF(RIGHT(A40,2)="-R",MID(A40,FIND("-",A40)+1,LEN(A40)-FIND("-",A40)-2)&"-"&LEFT(A40,FIND("-",A40)-1)&"-R",MID(A40,FIND("-",A40)+1,99)&"-"&LEFT(A40,FIND("-",A40)-1)) -> 64-D02-R
A41: D03-65-R | E41: 224 | H41: 112 | M41: 98 | R41: 70 | T41: 11 | Y41: 98 | AD41: 70 | AI41: 683 | AL41: =IF(RIGHT(A41,2)="-R",MID(A41,FIND("-",A41)+1,LEN(A41)-FIND("-",A41)-2)&"-"&LEFT(A41,FIND("-",A41)-1)&"-R",MID(A41,FIND("-",A41)+1,99)&"-"&LEFT(A41,FIND("-",A41)-1)) -> 65-D03-R
A42: D04-65-R | E42: 226 | H42: 113 | M42: 99 | R42: 70 | T42: 11 | Y42: 99 | AD42: 70 | AI42: 688 | AL42: =IF(RIGHT(A42,2)="-R",MID(A42,FIND("-",A42)+1,LEN(A42)-FIND("-",A42)-2)&"-"&LEFT(A42,FIND("-",A42)-1)&"-R",MID(A42,FIND("-",A42)+1,99)&"-"&LEFT(A42,FIND("-",A42)-1)) -> 65-D04-R
A43: D05-65-R | E43: 215 | H43: 107 | M43: 94 | R43: 67 | T43: 11 | Y43: 94 | AD43: 67 | AI43: 655 | AL43: =IF(RIGHT(A43,2)="-R",MID(A43,FIND("-",A43)+1,LEN(A43)-FIND("-",A43)-2)&"-"&LEFT(A43,FIND("-",A43)-1)&"-R",MID(A43,FIND("-",A43)+1,99)&"-"&LEFT(A43,FIND("-",A43)-1)) -> 65-D05-R
A44: D06-67-R | C44: 115 | J44: 43 | O44: 29 | T44: 11 | V44: 57 | AA44: 29 | AF44: 72 | AH44: 43 | AI44: 399 | AL44: =IF(RIGHT(A44,2)="-R",MID(A44,FIND("-",A44)+1,LEN(A44)-FIND("-",A44)-2)&"-"&LEFT(A44,FIND("-",A44)-1)&"-R",MID(A44,FIND("-",A44)+1,99)&"-"&LEFT(A44,FIND("-",A44)-1)) -> 67-D06-R
A45: D07-56-R | E45: 314 | H45: 157 | M45: 138 | R45: 98 | T45: 16 | Y45: 138 | AD45: 98 | AI45: 959 | AL45: =IF(RIGHT(A45,2)="-R",MID(A45,FIND("-",A45)+1,LEN(A45)-FIND("-",A45)-2)&"-"&LEFT(A45,FIND("-",A45)-1)&"-R",MID(A45,FIND("-",A45)+1,99)&"-"&LEFT(A45,FIND("-",A45)-1)) -> 56-D07-R
A46: D08-63-R | E46: 189 | H46: 95 | M46: 83 | R46: 59 | T46: 9 | Y46: 83 | AD46: 59 | AI46: 577 | AL46: =IF(RIGHT(A46,2)="-R",MID(A46,FIND("-",A46)+1,LEN(A46)-FIND("-",A46)-2)&"-"&LEFT(A46,FIND("-",A46)-1)&"-R",MID(A46,FIND("-",A46)+1,99)&"-"&LEFT(A46,FIND("-",A46)-1)) -> 63-D08-R
A47: D09-66-R | C47: 120 | F47: 30 | K47: 75 | P47: 45 | T47: 12 | W47: 75 | AB47: 45 | AF47: 75 | AH47: 45 | AI47: 522 | AL47: =IF(RIGHT(A47,2)="-R",MID(A47,FIND("-",A47)+1,LEN(A47)-FIND("-",A47)-2)&"-"&LEFT(A47,FIND("-",A47)-1)&"-R",MID(A47,FIND("-",A47)+1,99)&"-"&LEFT(A47,FIND("-",A47)-1)) -> 66-D09-R
A48: P01-67-R | C48: 87 | J48: 33 | O48: 22 | T48: 9 | V48: 43 | AA48: 22 | AF48: 54 | AH48: 33 | AI48: 303 | AL48: =IF(RIGHT(A48,2)="-R",MID(A48,FIND("-",A48)+1,LEN(A48)-FIND("-",A48)-2)&"-"&LEFT(A48,FIND("-",A48)-1)&"-R",MID(A48,FIND("-",A48)+1,99)&"-"&LEFT(A48,FIND("-",A48)-1)) -> 67-P01-R
A49: P02-67-R | C49: 93 | J49: 35 | O49: 23 | T49: 9 | V49: 46 | AA49: 23 | AF49: 58 | AH49: 35 | AI49: 322 | AL49: =IF(RIGHT(A49,2)="-R",MID(A49,FIND("-",A49)+1,LEN(A49)-FIND("-",A49)-2)&"-"&LEFT(A49,FIND("-",A49)-1)&"-R",MID(A49,FIND("-",A49)+1,99)&"-"&LEFT(A49,FIND("-",A49)-1)) -> 67-P02-R
A50: P03-66-R | C50: 102 | F50: 26 | K50: 64 | P50: 38 | T50: 10 | W50: 64 | AB50: 38 | AF50: 64 | AH50: 38 | AI50: 444 | AL50: =IF(RIGHT(A50,2)="-R",MID(A50,FIND("-",A50)+1,LEN(A50)-FIND("-",A50)-2)&"-"&LEFT(A50,FIND("-",A50)-1)&"-R",MID(A50,FIND("-",A50)+1,99)&"-"&LEFT(A50,FIND("-",A50)-1)) -> 66-P03-R
A51: P04-66-R | C51: 114 | F51: 29 | K51: 71 | P51: 43 | T51: 11 | W51: 71 | AB51: 43 | AF51: 71 | AH51: 43 | AI51: 496 | AL51: =IF(RIGHT(A51,2)="-R",MID(A51,FIND("-",A51)+1,LEN(A51)-FIND("-",A51)-2)&"-"&LEFT(A51,FIND("-",A51)-1)&"-R",MID(A51,FIND("-",A51)+1,99)&"-"&LEFT(A51,FIND("-",A51)-1)) -> 66-P04-R
A52: P05-66-R | C52: 124 | F52: 31 | K52: 78 | P52: 47 | T52: 12 | W52: 78 | AB52: 47 | AF52: 78 | AH52: 47 | AI52: 542 | AL52: =IF(RIGHT(A52,2)="-R",MID(A52,FIND("-",A52)+1,LEN(A52)-FIND("-",A52)-2)&"-"&LEFT(A52,FIND("-",A52)-1)&"-R",MID(A52,FIND("-",A52)+1,99)&"-"&LEFT(A52,FIND("-",A52)-1)) -> 66-P05-R
A53: P06-64-R | E53: 231 | H53: 115 | M53: 101 | R53: 72 | T53: 12 | Y53: 101 | AD53: 72 | AI53: 704 | AL53: =IF(RIGHT(A53,2)="-R",MID(A53,FIND("-",A53)+1,LEN(A53)-FIND("-",A53)-2)&"-"&LEFT(A53,FIND("-",A53)-1)&"-R",MID(A53,FIND("-",A53)+1,99)&"-"&LEFT(A53,FIND("-",A53)-1)) -> 64-P06-R
A54: P07-51 | D54: 9 | G54: 5 | L54: 5 | Q54: 3 | T54: 1 | X54: 5 | AC54: 3 | AI54: 31 | AL54: =IF(RIGHT(A54,2)="-R",MID(A54,FIND("-",A54)+1,LEN(A54)-FIND("-",A54)-2)&"-"&LEFT(A54,FIND("-",A54)-1)&"-R",MID(A54,FIND("-",A54)+1,99)&"-"&LEFT(A54,FIND("-",A54)-1)) -> 51-P07
A55: P07-51-R | D55: 24 | G55: 12 | L55: 12 | Q55: 8 | T55: 2 | X55: 12 | AC55: 8 | AI55: 78 | AL55: =IF(RIGHT(A55,2)="-R",MID(A55,FIND("-",A55)+1,LEN(A55)-FIND("-",A55)-2)&"-"&LEFT(A55,FIND("-",A55)-1)&"-R",MID(A55,FIND("-",A55)+1,99)&"-"&LEFT(A55,FIND("-",A55)-1)) -> 51-P07-R
A56: P07-64-R | E56: 206 | H56: 103 | M56: 90 | R56: 64 | T56: 10 | Y56: 90 | AD56: 64 | AI56: 627 | AL56: =IF(RIGHT(A56,2)="-R",MID(A56,FIND("-",A56)+1,LEN(A56)-FIND("-",A56)-2)&"-"&LEFT(A56,FIND("-",A56)-1)&"-R",MID(A56,FIND("-",A56)+1,99)&"-"&LEFT(A56,FIND("-",A56)-1)) -> 64-P07-R
A57: P08-64-R | E57: 272 | H57: 136 | M57: 119 | R57: 85 | T57: 14 | Y57: 119 | AD57: 85 | AI57: 830 | AL57: =IF(RIGHT(A57,2)="-R",MID(A57,FIND("-",A57)+1,LEN(A57)-FIND("-",A57)-2)&"-"&LEFT(A57,FIND("-",A57)-1)&"-R",MID(A57,FIND("-",A57)+1,99)&"-"&LEFT(A57,FIND("-",A57)-1)) -> 64-P08-R
A58: P09-64-R | E58: 175 | H58: 88 | M58: 77 | R58: 55 | T58: 9 | Y58: 77 | AD58: 55 | AI58: 536 | AL58: =IF(RIGHT(A58,2)="-R",MID(A58,FIND("-",A58)+1,LEN(A58)-FIND("-",A58)-2)&"-"&LEFT(A58,FIND("-",A58)-1)&"-R",MID(A58,FIND("-",A58)+1,99)&"-"&LEFT(A58,FIND("-",A58)-1)) -> 64-P09-R
A59: PU1-68 | B59: 38 | F59: 19 | I59: 9 | N59: 13 | S59: 4 | U59: 9 | Z59: 13 | AE59: 19 | AG59: 19 | AI59: 143 | AL59: =IF(RIGHT(A59,2)="-R",MID(A59,FIND("-",A59)+1,LEN(A59)-FIND("-",A59)-2)&"-"&LEFT(A59,FIND("-",A59)-1)&"-R",MID(A59,FIND("-",A59)+1,99)&"-"&LEFT(A59,FIND("-",A59)-1)) -> 68-PU1
A60: PU2-66 | C60: 79 | F60: 20 | K60: 49 | P60: 30 | T60: 8 | W60: 49 | AB60: 30 | AF60: 49 | AH60: 30 | AI60: 344 | AL60: =IF(RIGHT(A60,2)="-R",MID(A60,FIND("-",A60)+1,LEN(A60)-FIND("-",A60)-2)&"-"&LEFT(A60,FIND("-",A60)-1)&"-R",MID(A60,FIND("-",A60)+1,99)&"-"&LEFT(A60,FIND("-",A60)-1)) -> 66-PU2
A61: PU3-68 | B61: 34 | F61: 17 | I61: 8 | N61: 12 | S61: 3 | U61: 8 | Z61: 12 | AE61: 17 | AG61: 17 | AI61: 128 | AL61: =IF(RIGHT(A61,2)="-R",MID(A61,FIND("-",A61)+1,LEN(A61)-FIND("-",A61)-2)&"-"&LEFT(A61,FIND("-",A61)-1)&"-R",MID(A61,FIND("-",A61)+1,99)&"-"&LEFT(A61,FIND("-",A61)-1)) -> 68-PU3
A62: PU4-68 | B62: 28 | F62: 14 | I62: 7 | N62: 10 | S62: 3 | U62: 7 | Z62: 10 | AE62: 14 | AG62: 14 | AI62: 107 | AL62: =IF(RIGHT(A62,2)="-R",MID(A62,FIND("-",A62)+1,LEN(A62)-FIND("-",A62)-2)&"-"&LEFT(A62,FIND("-",A62)-1)&"-R",MID(A62,FIND("-",A62)+1,99)&"-"&LEFT(A62,FIND("-",A62)-1)) -> 68-PU4
A63: PU5-68 | B63: 15 | F63: 8 | I63: 4 | N63: 5 | S63: 2 | U63: 4 | Z63: 5 | AE63: 8 | AG63: 8 | AI63: 59 | AL63: =IF(RIGHT(A63,2)="-R",MID(A63,FIND("-",A63)+1,LEN(A63)-FIND("-",A63)-2)&"-"&LEFT(A63,FIND("-",A63)-1)&"-R",MID(A63,FIND("-",A63)+1,99)&"-"&LEFT(A63,FIND("-",A63)-1)) -> 68-PU5
A64: PU5-68-R | B64: 23 | F64: 12 | I64: 6 | N64: 8 | S64: 2 | U64: 6 | Z64: 8 | AE64: 12 | AG64: 12 | AI64: 89 | AL64: =IF(RIGHT(A64,2)="-R",MID(A64,FIND("-",A64)+1,LEN(A64)-FIND("-",A64)-2)&"-"&LEFT(A64,FIND("-",A64)-1)&"-R",MID(A64,FIND("-",A64)+1,99)&"-"&LEFT(A64,FIND("-",A64)-1)) -> 68-PU5-R
A65: PU6-68 | B65: 3 | F65: 1 | I65: 1 | N65: 1 | S65: 0 | U65: 1 | Z65: 1 | AE65: 1 | AG65: 1 | AI65: 10 | AL65: =IF(RIGHT(A65,2)="-R",MID(A65,FIND("-",A65)+1,LEN(A65)-FIND("-",A65)-2)&"-"&LEFT(A65,FIND("-",A65)-1)&"-R",MID(A65,FIND("-",A65)+1,99)&"-"&LEFT(A65,FIND("-",A65)-1)) -> 68-PU6
A66: PU6-68-R | B66: 31 | F66: 15 | I66: 8 | N66: 11 | S66: 3 | U66: 8 | Z66: 11 | AE66: 15 | AG66: 15 | AI66: 117 | AL66: =IF(RIGHT(A66,2)="-R",MID(A66,FIND("-",A66)+1,LEN(A66)-FIND("-",A66)-2)&"-"&LEFT(A66,FIND("-",A66)-1)&"-R",MID(A66,FIND("-",A66)+1,99)&"-"&LEFT(A66,FIND("-",A66)-1)) -> 68-PU6-R
A68: Upper | B68: 122 | C68: 663 | D68: 1293 | E68: 5413 | F68: 159 | G68: 646 | H68: 2711 | I68: 31 | J68: 103 | K68: 242 | L68: 646 | M68: 2370 | N68: 43 | O68: 69 | P68: 145 | Q68: 431 | R68: 1694 | S68: 12 | T68: 422 | U68: 31 | V68: 135 | W68: 242 | X68: 646 | Y68: 2370 | Z68: 43 | AA68: 69 | AB68: 145 | AC68: 431 | AD68: 1694 | AE68: 62 | AF68: 413 | AG68: 62 | AH68: 248 | AI68: 23806
A69: B01-65 | E69: 229 | H69: 115 | M69: 100 | R69: 72 | T69: 11 | Y69: 100 | AD69: 72 | AI69: 699 | AL69: =IF(RIGHT(A69,2)="-R",MID(A69,FIND("-",A69)+1,LEN(A69)-FIND("-",A69)-2)&"-"&LEFT(A69,FIND("-",A69)-1)&"-R",MID(A69,FIND("-",A69)+1,99)&"-"&LEFT(A69,FIND("-",A69)-1)) -> 65-B01
A70: B02-64 | E70: 278 | H70: 139 | M70: 122 | R70: 87 | T70: 14 | Y70: 122 | AD70: 87 | AI70: 849 | AL70: =IF(RIGHT(A70,2)="-R",MID(A70,FIND("-",A70)+1,LEN(A70)-FIND("-",A70)-2)&"-"&LEFT(A70,FIND("-",A70)-1)&"-R",MID(A70,FIND("-",A70)+1,99)&"-"&LEFT(A70,FIND("-",A70)-1)) -> 64-B02
A71: B03-57 | E71: 338 | H71: 169 | M71: 148 | R71: 106 | T71: 17 | Y71: 148 | AD71: 106 | AI71: 1032 | AL71: =IF(RIGHT(A71,2)="-R",MID(A71,FIND("-",A71)+1,LEN(A71)-FIND("-",A71)-2)&"-"&LEFT(A71,FIND("-",A71)-1)&"-R",MID(A71,FIND("-",A71)+1,99)&"-"&LEFT(A71,FIND("-",A71)-1)) -> 57-B03
A72: B04-60 | E72: 308 | H72: 154 | M72: 135 | R72: 96 | T72: 15 | Y72: 135 | AD72: 96 | AI72: 939 | AL72: =IF(RIGHT(A72,2)="-R",MID(A72,FIND("-",A72)+1,LEN(A72)-FIND("-",A72)-2)&"-"&LEFT(A72,FIND("-",A72)-1)&"-R",MID(A72,FIND("-",A72)+1,99)&"-"&LEFT(A72,FIND("-",A72)-1)) -> 60-B04
A73: B05-64 | E73: 251 | H73: 126 | M73: 110 | R73: 79 | T73: 13 | Y73: 110 | AD73: 79 | AI73: 768 | AL73: =IF(RIGHT(A73,2)="-R",MID(A73,FIND("-",A73)+1,LEN(A73)-FIND("-",A73)-2)&"-"&LEFT(A73,FIND("-",A73)-1)&"-R",MID(A73,FIND("-",A73)+1,99)&"-"&LEFT(A73,FIND("-",A73)-1)) -> 64-B05
A74: B06-64 | E74: 294 | H74: 147 | M74: 128 | R74: 92 | T74: 15 | Y74: 128 | AD74: 92 | AI74: 896 | AL74: =IF(RIGHT(A74,2)="-R",MID(A74,FIND("-",A74)+1,LEN(A74)-FIND("-",A74)-2)&"-"&LEFT(A74,FIND("-",A74)-1)&"-R",MID(A74,FIND("-",A74)+1,99)&"-"&LEFT(A74,FIND("-",A74)-1)) -> 64-B06
A75: B07-50 | D75: 241 | G75: 121 | L75: 121 | Q75: 80 | T75: 16 | X75: 121 | AC75: 80 | AI75: 780 | AL75: =IF(RIGHT(A75,2)="-R",MID(A75,FIND("-",A75)+1,LEN(A75)-FIND("-",A75)-2)&"-"&LEFT(A75,FIND("-",A75)-1)&"-R",MID(A75,FIND("-",A75)+1,99)&"-"&LEFT(A75,FIND("-",A75)-1)) -> 50-B07
A76: B08-60 | E76: 278 | H76: 139 | M76: 122 | R76: 87 | T76: 14 | Y76: 122 | AD76: 87 | AI76: 849 | AL76: =IF(RIGHT(A76,2)="-R",MID(A76,FIND("-",A76)+1,LEN(A76)-FIND("-",A76)-2)&"-"&LEFT(A76,FIND("-",A76)-1)&"-R",MID(A76,FIND("-",A76)+1,99)&"-"&LEFT(A76,FIND("-",A76)-1)) -> 60-B08
A77: B09-60 | E77: 330 | H77: 165 | M77: 144 | R77: 103 | T77: 17 | Y77: 144 | AD77: 103 | AI77: 1006 | AL77: =IF(RIGHT(A77,2)="-R",MID(A77,FIND("-",A77)+1,LEN(A77)-FIND("-",A77)-2)&"-"&LEFT(A77,FIND("-",A77)-1)&"-R",MID(A77,FIND("-",A77)+1,99)&"-"&LEFT(A77,FIND("-",A77)-1)) -> 60-B09
A78: B10-50 | D78: 255 | G78: 127 | L78: 127 | Q78: 85 | T78: 17 | X78: 127 | AC78: 85 | AI78: 823 | AL78: =IF(RIGHT(A78,2)="-R",MID(A78,FIND("-",A78)+1,LEN(A78)-FIND("-",A78)-2)&"-"&LEFT(A78,FIND("-",A78)-1)&"-R",MID(A78,FIND("-",A78)+1,99)&"-"&LEFT(A78,FIND("-",A78)-1)) -> 50-B10
A79: B11-65 | E79: 255 | H79: 128 | M79: 112 | R79: 80 | T79: 13 | Y79: 112 | AD79: 80 | AI79: 780 | AL79: =IF(RIGHT(A79,2)="-R",MID(A79,FIND("-",A79)+1,LEN(A79)-FIND("-",A79)-2)&"-"&LEFT(A79,FIND("-",A79)-1)&"-R",MID(A79,FIND("-",A79)+1,99)&"-"&LEFT(A79,FIND("-",A79)-1)) -> 65-B11
A80: B12-57 | E80: 341 | H80: 171 | M80: 149 | R80: 107 | T80: 17 | Y80: 149 | AD80: 107 | AI80: 1041 | AL80: =IF(RIGHT(A80,2)="-R",MID(A80,FIND("-",A80)+1,LEN(A80)-FIND("-",A80)-2)&"-"&LEFT(A80,FIND("-",A80)-1)&"-R",MID(A80,FIND("-",A80)+1,99)&"-"&LEFT(A80,FIND("-",A80)-1)) -> 57-B12
A81: B13-49 | D81: 252 | G81: 126 | L81: 126 | Q81: 84 | T81: 17 | X81: 126 | AC81: 84 | AI81: 815 | AL81: =IF(RIGHT(A81,2)="-R",MID(A81,FIND("-",A81)+1,LEN(A81)-FIND("-",A81)-2)&"-"&LEFT(A81,FIND("-",A81)-1)&"-R",MID(A81,FIND("-",A81)+1,99)&"-"&LEFT(A81,FIND("-",A81)-1)) -> 49-B13
A82: B14-30 | D82: 8 | G82: 4 | L82: 4 | Q82: 3 | T82: 1 | X82: 4 | AC82: 3 | AI82: 27 | AL82: =IF(RIGHT(A82,2)="-R",MID(A82,FIND("-",A82)+1,LEN(A82)-FIND("-",A82)-2)&"-"&LEFT(A82,FIND("-",A82)-1)&"-R",MID(A82,FIND("-",A82)+1,99)&"-"&LEFT(A82,FIND("-",A82)-1)) -> 30-B14
A83: B14-57 | E83: 133 | H83: 67 | M83: 58 | R83: 42 | T83: 7 | Y83: 58 | AD83: 42 | AI83: 407 | AL83: =IF(RIGHT(A83,2)="-R",MID(A83,FIND("-",A83)+1,LEN(A83)-FIND("-",A83)-2)&"-"&LEFT(A83,FIND("-",A83)-1)&"-R",MID(A83,FIND("-",A83)+1,99)&"-"&LEFT(A83,FIND("-",A83)-1)) -> 57-B14
A84: T01-68 | B84: 63 | F84: 32 | I84: 16 | N84: 22 | S84: 6 | U84: 16 | Z84: 22 | AE84: 32 | AG84: 32 | AI84: 241 | AL84: =IF(RIGHT(A84,2)="-R",MID(A84,FIND("-",A84)+1,LEN(A84)-FIND("-",A84)-2)&"-"&LEFT(A84,FIND("-",A84)-1)&"-R",MID(A84,FIND("-",A84)+1,99)&"-"&LEFT(A84,FIND("-",A84)-1)) -> 68-T01
A85: T02-68 | B85: 59 | F85: 30 | I85: 15 | N85: 21 | S85: 6 | U85: 15 | Z85: 21 | AE85: 30 | AG85: 30 | AI85: 227 | AL85: =IF(RIGHT(A85,2)="-R",MID(A85,FIND("-",A85)+1,LEN(A85)-FIND("-",A85)-2)&"-"&LEFT(A85,FIND("-",A85)-1)&"-R",MID(A85,FIND("-",A85)+1,99)&"-"&LEFT(A85,FIND("-",A85)-1)) -> 68-T02
A86: T03-66 | C86: 98 | F86: 24 | K86: 61 | P86: 37 | T86: 10 | W86: 61 | AB86: 37 | AF86: 61 | AH86: 37 | AI86: 426 | AL86: =IF(RIGHT(A86,2)="-R",MID(A86,FIND("-",A86)+1,LEN(A86)-FIND("-",A86)-2)&"-"&LEFT(A86,FIND("-",A86)-1)&"-R",MID(A86,FIND("-",A86)+1,99)&"-"&LEFT(A86,FIND("-",A86)-1)) -> 66-T03
A87: T04-66 | C87: 81 | F87: 20 | K87: 50 | P87: 30 | T87: 8 | W87: 50 | AB87: 30 | AF87: 50 | AH87: 30 | AI87: 349 | AL87: =IF(RIGHT(A87,2)="-R",MID(A87,FIND("-",A87)+1,LEN(A87)-FIND("-",A87)-2)&"-"&LEFT(A87,FIND("-",A87)-1)&"-R",MID(A87,FIND("-",A87)+1,99)&"-"&LEFT(A87,FIND("-",A87)-1)) -> 66-T04
A88: T05-63-R | E88: 243 | H88: 121 | M88: 106 | R88: 76 | T88: 12 | Y88: 106 | AD88: 76 | AI88: 740 | AL88: =IF(RIGHT(A88,2)="-R",MID(A88,FIND("-",A88)+1,LEN(A88)-FIND("-",A88)-2)&"-"&LEFT(A88,FIND("-",A88)-1)&"-R",MID(A88,FIND("-",A88)+1,99)&"-"&LEFT(A88,FIND("-",A88)-1)) -> 63-T05-R
A89: T06-66 | C89: 116 | F89: 29 | K89: 72 | P89: 43 | T89: 12 | W89: 72 | AB89: 43 | AF89: 72 | AH89: 43 | AI89: 502 | AL89: =IF(RIGHT(A89,2)="-R",MID(A89,FIND("-",A89)+1,LEN(A89)-FIND("-",A89)-2)&"-"&LEFT(A89,FIND("-",A89)-1)&"-R",MID(A89,FIND("-",A89)+1,99)&"-"&LEFT(A89,FIND("-",A89)-1)) -> 66-T06
A90: T07-66 | C90: 95 | F90: 24 | K90: 59 | P90: 35 | T90: 9 | W90: 59 | AB90: 35 | AF90: 59 | AH90: 35 | AI90: 410 | AL90: =IF(RIGHT(A90,2)="-R",MID(A90,FIND("-",A90)+1,LEN(A90)-FIND("-",A90)-2)&"-"&LEFT(A90,FIND("-",A90)-1)&"-R",MID(A90,FIND("-",A90)+1,99)&"-"&LEFT(A90,FIND("-",A90)-1)) -> 66-T07
A91: T08-56 | E91: 17 | H91: 9 | M91: 7 | R91: 5 | T91: 1 | Y91: 7 | AD91: 5 | AI91: 51 | AL91: =IF(RIGHT(A91,2)="-R",MID(A91,FIND("-",A91)+1,LEN(A91)-FIND("-",A91)-2)&"-"&LEFT(A91,FIND("-",A91)-1)&"-R",MID(A91,FIND("-",A91)+1,99)&"-"&LEFT(A91,FIND("-",A91)-1)) -> 56-T08
A92: T08-56-R | E92: 225 | H92: 113 | M92: 99 | R92: 70 | T92: 11 | Y92: 99 | AD92: 70 | AI92: 687 | AL92: =IF(RIGHT(A92,2)="-R",MID(A92,FIND("-",A92)+1,LEN(A92)-FIND("-",A92)-2)&"-"&LEFT(A92,FIND("-",A92)-1)&"-R",MID(A92,FIND("-",A92)+1,99)&"-"&LEFT(A92,FIND("-",A92)-1)) -> 56-T08-R
A93: T09-58-R | E93: 235 | H93: 117 | M93: 103 | R93: 73 | T93: 12 | Y93: 103 | AD93: 73 | AI93: 716 | AL93: =IF(RIGHT(A93,2)="-R",MID(A93,FIND("-",A93)+1,LEN(A93)-FIND("-",A93)-2)&"-"&LEFT(A93,FIND("-",A93)-1)&"-R",MID(A93,FIND("-",A93)+1,99)&"-"&LEFT(A93,FIND("-",A93)-1)) -> 58-T09-R
A94: T10-50-R | D94: 172 | G94: 86 | L94: 86 | Q94: 57 | T94: 11 | X94: 86 | AC94: 57 | AI94: 555 | AL94: =IF(RIGHT(A94,2)="-R",MID(A94,FIND("-",A94)+1,LEN(A94)-FIND("-",A94)-2)&"-"&LEFT(A94,FIND("-",A94)-1)&"-R",MID(A94,FIND("-",A94)+1,99)&"-"&LEFT(A94,FIND("-",A94)-1)) -> 50-T10-R
A95: T10-67 | C95: 2 | J95: 1 | O95: 1 | T95: 0 | V95: 1 | AA95: 1 | AF95: 2 | AH95: 1 | AI95: 9 | AL95: =IF(RIGHT(A95,2)="-R",MID(A95,FIND("-",A95)+1,LEN(A95)-FIND("-",A95)-2)&"-"&LEFT(A95,FIND("-",A95)-1)&"-R",MID(A95,FIND("-",A95)+1,99)&"-"&LEFT(A95,FIND("-",A95)-1)) -> 67-T10
A96: T11-58-R | E96: 232 | H96: 116 | M96: 102 | R96: 73 | T96: 12 | Y96: 102 | AD96: 73 | AI96: 710 | AL96: =IF(RIGHT(A96,2)="-R",MID(A96,FIND("-",A96)+1,LEN(A96)-FIND("-",A96)-2)&"-"&LEFT(A96,FIND("-",A96)-1)&"-R",MID(A96,FIND("-",A96)+1,99)&"-"&LEFT(A96,FIND("-",A96)-1)) -> 58-T11-R
A97: T12-50-R | D97: 182 | G97: 91 | L97: 91 | Q97: 61 | T97: 12 | X97: 91 | AC97: 61 | AI97: 589 | AL97: =IF(RIGHT(A97,2)="-R",MID(A97,FIND("-",A97)+1,LEN(A97)-FIND("-",A97)-2)&"-"&LEFT(A97,FIND("-",A97)-1)&"-R",MID(A97,FIND("-",A97)+1,99)&"-"&LEFT(A97,FIND("-",A97)-1)) -> 50-T12-R
A98: T13-58-R | E98: 229 | H98: 115 | M98: 100 | R98: 72 | T98: 11 | Y98: 100 | AD98: 72 | AI98: 699 | AL98: =IF(RIGHT(A98,2)="-R",MID(A98,FIND("-",A98)+1,LEN(A98)-FIND("-",A98)-2)&"-"&LEFT(A98,FIND("-",A98)-1)&"-R",MID(A98,FIND("-",A98)+1,99)&"-"&LEFT(A98,FIND("-",A98)-1)) -> 58-T13-R
A99: T16-49-R | D99: 7 | G99: 3 | L99: 3 | Q99: 2 | T99: 0 | X99: 3 | AC99: 2 | AI99: 20 | AL99: =IF(RIGHT(A99,2)="-R",MID(A99,FIND("-",A99)+1,LEN(A99)-FIND("-",A99)-2)&"-"&LEFT(A99,FIND("-",A99)-1)&"-R",MID(A99,FIND("-",A99)+1,99)&"-"&LEFT(A99,FIND("-",A99)-1)) -> 49-T16-R
A100: T17-58-R | E100: 226 | H100: 113 | M100: 99 | R100: 71 | T100: 11 | Y100: 99 | AD100: 71 | AI100: 690 | AL100: =IF(RIGHT(A100,2)="-R",MID(A100,FIND("-",A100)+1,LEN(A100)-FIND("-",A100)-2)&"-"&LEFT(A100,FIND("-",A100)-1)&"-R",MID(A100,FIND("-",A100)+1,99)&"-"&LEFT(A100,FIND("-",A100)-1)) -> 58-T17-R
A101: T18-58-R | E101: 227 | H101: 114 | M101: 100 | R101: 71 | T101: 11 | Y101: 100 | AD101: 71 | AI101: 694 | AL101: =IF(RIGHT(A101,2)="-R",MID(A101,FIND("-",A101)+1,LEN(A101)-FIND("-",A101)-2)&"-"&LEFT(A101,FIND("-",A101)-1)&"-R",MID(A101,FIND("-",A101)+1,99)&"-"&LEFT(A101,FIND("-",A101)-1)) -> 58-T18-R
A102: T18-67 | C102: 7 | J102: 3 | O102: 2 | T102: 1 | V102: 3 | AA102: 2 | AF102: 4 | AH102: 3 | AI102: 25 | AL102: =IF(RIGHT(A102,2)="-R",MID(A102,FIND("-",A102)+1,LEN(A102)-FIND("-",A102)-2)&"-"&LEFT(A102,FIND("-",A102)-1)&"-R",MID(A102,FIND("-",A102)+1,99)&"-"&LEFT(A102,FIND("-",A102)-1)) -> 67-T18
A103: T19-56-R | E103: 256 | H103: 128 | M103: 112 | R103: 80 | T103: 13 | Y103: 112 | AD103: 80 | AI103: 781 | AL103: =IF(RIGHT(A103,2)="-R",MID(A103,FIND("-",A103)+1,LEN(A103)-FIND("-",A103)-2)&"-"&LEFT(A103,FIND("-",A103)-1)&"-R",MID(A103,FIND("-",A103)+1,99)&"-"&LEFT(A103,FIND("-",A103)-1)) -> 56-T19-R
A104: T20-49-R | D104: 170 | G104: 85 | L104: 85 | Q104: 57 | T104: 11 | X104: 85 | AC104: 57 | AI104: 550 | AL104: =IF(RIGHT(A104,2)="-R",MID(A104,FIND("-",A104)+1,LEN(A104)-FIND("-",A104)-2)&"-"&LEFT(A104,FIND("-",A104)-1)&"-R",MID(A104,FIND("-",A104)+1,99)&"-"&LEFT(A104,FIND("-",A104)-1)) -> 49-T20-R
...
