Workbook

Sheet จน.ปาล์ม 69 
A1: จำนวนต้นปาล์ม 2569
A2: รุ่นปาล์ม | B2: แปลงปฏิบัติการ | C2: แปลง | D2: บล็อก | E2: จำนวน(ไร่) | F2: จำนวน(ต้น) | G2: จน.ต้น/ไร่ | H2: Hactare (1H=6.25ไร่) | I2: 6.25
A3: 22-37 (แก่) | B3: ตอนบน
C4: ตะกุก | D4: 37-T29 | E4: 136 | F4: 2243 | G4: 22 | H4: =E4/$I2 -> 21.76
D5: 37-T30 | E5: 151 | F5: 2494 | G5: 22 | H5: =E5/$I$2 -> 24.16
B6: รวมพื้นที่ปาล์มแก่ แปลงตะกุก (ไร่/ต้น) | E6: =SUM(E4:E5) -> 287 | F6: =SUM(F4:F5) -> 4737 | H6: =SUM(H4:H5) -> 45.92
C7: บางกัน | D7: 30-B14 | E7: 6 | F7: 126 | G7: 22 | H7: =E7/$I$2 -> 0.96
B8: รวมพื้นที่ปาล์มแก่ แปลงบางกัน (ไร่/ต้น) | E8: =SUM(E7) -> 6 | F8: =SUM(F7) -> 126 | H8: =SUM(H7) -> 0.96
B9: รวมพื้นที่ปาล์มแก่ตอนบน | E9: =+E6+E8 -> 293 | F9: =+F6+F8 -> 4863 | H9: =H6+H8 -> 46.88
B10: ตอนล่าง
C11: พันไร่ | D11: R-22-C5 | E11: 8 | F11: 184 | G11: 22 | H11: =E11/$I$2 -> 1.28
B12: รวมพื้นที่ปาล์มแก่ แปลงพันไร่ (ไร่/ต้น) | E12: =SUM(E11) -> 8 | F12: =SUM(F11) -> 184 | H12: =H11 -> 1.28
C13: ยวนสาว | D13: 30-PU1 | E13: 82 | F13: 1813 | G13: 22 | H13: =E13/$I$2 -> 13.12
D14: 30-PU3 | E14: 72 | F14: 1574 | G14: 22 | H14: =E14/$I$2 -> 11.52
D15: 30-PU4 | E15: 69 | F15: 1509 | G15: 22 | H15: =E15/$I$2 -> 11.04
B16: รวมพื้นที่ปาล์มแก่ แปลงยวนสาว (ไร่/ต้น) | E16: =SUM(E13:E15) -> 223 | F16: =SUM(F13:F15) -> 4896 | H16: =SUM(H13:H15) -> 35.68
B17: รวมพื้นที่ปาล์มแก่ตอนล่าง | E17: =E12+E16 -> 231 | F17: =F12+F16 -> 5080 | H17: =H12+H16 -> 36.96
A18: รวมพื้นที่ปาล์มแก่ทั้งหมด | E18: =+E9+E17 -> 524 | F18: =+F9+F17 -> 9943 | H18: =H17+H9 -> 83.84
A19: 49-52 | B19: ตอนบน
C20: ตะกุก | D20: 49-T16-R | E20: 4 | F20: 112 | G20: 25 | H20: =E20/$I$2 -> 0.64
D21: 49-T20-R | E21: 113 | F21: 2833 | G21: 25 | H21: =E21/$I$2 -> 18.08
D22: 50-T10-R | E22: 115 | F22: 2872 | G22: 25 | H22: =E22/$I$2 -> 18.4
D23: 50-T12-R | E23: 121 | F23: 3030 | G23: 25 | H23: =E23/$I$2 -> 19.36
D24: 52-T28-R | E24: 4 | F24: 92 | G24: 25 | H24: =E24/$I$2 -> 0.64
B25: รวมพื้นที่ปาล์ม 49-52 แปลงตะกุก (ไร่/ต้น) | E25: =SUM(E20:E24) -> 357 | F25: =SUM(F20:F24) -> 8939 | H25: =SUM(H20:H24) -> 57.12
C26: บางกัน | D26: 49-B13 | E26: 168 | F26: 4192 | G26: 25 | H26: =E26/$I$2 -> 26.88
D27: 50-B07 | E27: 157 | F27: 4022 | G27: 27, 25 | H27: =E27/$I$2 -> 25.12
D28: 50-B10 | E28: 170 | F28: 4245 | G28: 25 | H28: =E28/$I$2 -> 27.2
B29: รวมพื้นที่ปาล์ม 49-52 แปลงบางกัน (ไร่/ต้น) | E29: =SUM(E26:E28) -> 495 | F29: =SUM(F26:F28) -> 12459 | H29: =SUM(H26:H28) -> 79.2
B30: รวมพื้นที่ปาล์ม 49-52 ตอนบน | E30: =+E25+E29 -> 852 | F30: =+F25+F29 -> 21398 | H30: =H25+H29 -> 136.32
B31: ตอนล่าง
C32: กะเปา | D32: 49-A10-R | E32: 112 | F32: 2785 | G32: 25 | H32: =E32/$I$2 -> 17.92
D33: 49-A11-R | E33: 98 | F33: 2421 | G33: 25 | H33: =E33/$I$2 -> 15.68
D34: 49-A12-R | E34: 153 | F34: 3764 | G34: 25 | H34: =E34/$I$2 -> 24.48
D35: 49-A13-R | E35: 116 | F35: 2893 | G35: 25 | H35: =E35/$I$2 -> 18.56
D36: 50-A04 | E36: 195 | F36: 4864 | G36: 25 | H36: =E36/$I$2 -> 31.2
D37: 50-A05 | E37: 171 | F37: 4608 | G37: 27 | H37: =E37/$I$2 -> 27.36
B38: รวมพื้นที่ปาล์ม 49-52 กะเปา (ไร่/ต้น) | E38: =SUM(E32:E37) -> 845 | F38: =SUM(F32:F37) -> 21335 | H38: =SUM(H32:H37) -> 135.2
C39: ปรายราง | D39: 51-P07-R | E39: 15 | F39: 401 | G39: 27 | H39: =E39/$I$2 -> 2.4
D40: 51-P07 | E40: 5 | F40: 152 | G40: 27 | H40: =E40/$I$2 -> 0.8
B41: รวมพื้นที่ปาล์ม 49-52 แปลงปรายราง (ไร่/ต้น) | E41: =SUM(E39:E40) -> 20 | F41: =SUM(F39:F40) -> 553 | H41: =H39+H40 -> 3.2
C42: พันไร่ | D42: 50-C05-R | E42: 103 | F42: 2792 | G42: 27 | H42: =E42/$I$2 -> 16.48
D43: 50-C07-R | E43: 156 | F43: 4202 | G43: 27 | H43: =E43/$I$2 -> 24.96
B44: รวมพื้นที่ปาล์ม 49-52 พันไร่ (ไร่/ต้น) | E44: =SUM(E42:E43) -> 259 | F44: =SUM(F42:F43) -> 6994 | H44: =H42+H43 -> 41.44
B45: รวมพื้นที่ปาล์ม 49-52 ตอนล่าง | E45: =+E41+E44+E38 -> 1124 | F45: =+F41+F44+F38 -> 28882 | H45: =H44+H41+H38 -> 179.84
A46: รวมพื้นที่ปาล์ม 49-52 ทั้งหมด | E46: =E45+E30 -> 1976 | F46: =F45+F30 -> 50280 | H46: =H45+H30 -> 316.16
A47: 55-58 | B47: ตอนบน
C48: ตะกุก | D48: 56-T08-R | E48: 113 | F48: 2816 | G48: 25 | H48: =E48/$I$2 -> 18.08
D49: 56-T08 | E49: 9 | F49: 213 | G49: 25 | H49: =E49/$I$2 -> 1.44
D50: 56-T19-R | E50: 128 | F50: 3199 | G50: 25 | H50: =E50/$I$2 -> 20.48
D51: 56-T21-R | E51: 121 | F51: 3015 | G51: 25 | H51: =E51/$I$2 -> 19.36
D52: 56-T28-R | E52: 56 | F52: 1403 | G52: 25 | H52: =E52/$I$2 -> 8.96
D53: 58-T09-R | E53: 117 | F53: 2934 | G53: 25 | H53: =E53/$I$2 -> 18.72
D54: 58-T11-R | E54: 116 | F54: 2903 | G54: 25 | H54: =E54/$I$2 -> 18.56
D55: 58-T13-R | E55: 115 | F55: 2864 | G55: 25 | H55: =E55/$I$2 -> 18.4
D56: 58-T17-R | E56: 128 | F56: 2825 | G56: 22 | H56: =E56/$I$2 -> 20.48
D57: 58-T18-R | E57: 129 | F57: 2843 | G57: 22 | H57: =E57/$I$2 -> 20.64
B58: รวมพื้นที่ปาล์ม 55-58 แปลงตะกุก (ไร่/ต้น) | E58: =SUM(E48:E57) -> 1032 | F58: =SUM(F48:F57) -> 25015 | H58: =SUM(H48:H57) -> 165.12
C59: บางกัน | D59: 57-B03 | E59: 169 | F59: 4231 | G59: 25 | H59: =E59/$I$2 -> 27.04
D60: 57-B12 | E60: 171 | F60: 4265 | G60: 25 | H60: =E60/$I$2 -> 27.36
D61: 57-B14 | E61: 67 | F61: 1663 | G61: 25 | H61: =E61/$I$2 -> 10.72
B62: รวมพื้นที่ปาล์ม 55-58 แปลงบางกัน (ไร่/ต้น) | E62: =SUM(E59:E61) -> 407 | F62: =SUM(F59:F61) -> 10159 | H62: =SUM(H59:H61) -> 65.12
B63: รวมพื้นที่ปาล์ม 55-58 ตอนบน | E63: =+E58+E62 -> 1439 | F63: =+F58+F62 -> 35174 | H63: =H58+H62 -> 230.24
B64: ตอนล่าง
C65: ปรายราง | D65: 55-P07-R | E65: 4 | F65: 93 | G65: 22 | H65: =E65/$I$2 -> 0.64
B66: รวมพื้นที่ปาล์ม 55-58 แปลงปรายราง (ไร่/ต้น) | E66: =SUM(E65) -> 4 | F66: =SUM(F65) -> 93 | H66: =H65 -> 0.64
C67: พันไร่ | D67: 56-C10-R | E67: 124 | F67: 3106 | G67: 25 | H67: =E67/$I$2 -> 19.84
D68: 57-C06-R | E68: 100 | F68: 2495 | G68: 25 | H68: =E68/$I$2 -> 16
D69: 57-C06 | E69: 12 | F69: 300 | G69: 25 | H69: =E69/$I$2 -> 1.92
B70: รวมพื้นที่ปาล์ม 55-58 แปลงพันไร่ (ไร่/ต้น) | E70: =SUM(E67:E69) -> 236 | F70: =SUM(F67:F69) -> 5901 | H70: =SUM(H67:H69) -> 37.76
C71: กะเปา | D71: 56-A01 | E71: 78 | F71: 1950 | G71: 25 | H71: =E71/$I$2 -> 12.48
D72: 56-A02 | E72: 154 | F72: 3835 | G72: 25 | H72: =E72/$I$2 -> 24.64
D73: 56-A03-R | E73: 85 | F73: 2119 | G73: 25 | H73: =E73/$I$2 -> 13.6
D74: 57-A08-R | E74: 172 | F74: 4308 | G74: 25 | H74: =E74/$I$2 -> 27.52
D75: 57-A09-R | E75: 154 | F75: 3861 | G75: 25 | H75: =E75/$I$2 -> 24.64
B76: รวมพื้นที่ปาล์ม 55-58 แปลงกะเปา (ไร่/ต้น) | E76: =SUM(E71:E75) -> 643 | F76: =SUM(F71:F75) -> 16073 | H76: =H71+H72+H73+H74+H75 -> 102.88
C77: หมอนไม้ | D77: R-56-D7 | E77: 157 | F77: 3932 | G77: 25 | H77: =E77/$I$2 -> 25.12
B78: รวมพื้นที่ปาล์ม 55-58 แปลงหมอนไม้ (ไร่/ต้น) | E78: =SUM(E77) -> 157 | F78: =SUM(F77) -> 3932 | H78: =E78/$I$2 -> 25.12
B79: รวมพื้นที่ปาล์ม 55-58 ตอนล่าง | E79: =+E66+E70+E76+E78 -> 1040 | F79: =+F66+F70+F76+F78 -> 25999 | H79: =+H66+H70+H76+H78 -> 166.4
A80: รวมพื้นที่ปาล์ม 55-58 ทั้งหมด | E80: =+E63+E79 -> 2479 | F80: =+F63+F79 -> 61173 | H80: =H79+H63 -> 396.64
A81: 59-60 | B81: ตอนบน
C82: บางกัน | D82: 60-B04 | E82: 154 | F82: 3851 | G82: 25 | H82: =E82/$I$2 -> 24.64
D83: 60-B08 | E83: 139 | F83: 3476 | G83: 25 | H83: =E83/$I$2 -> 22.24
D84: 60-B09 | E84: 165 | F84: 4127 | G84: 25 | H84: =E84/$I$2 -> 26.4
B85: รวมพื้นที่ปาล์ม 59-60 แปลงบางกัน (ไร่/ต้น) | E85: =SUM(E82:E84) -> 458 | F85: =SUM(F82:F84) -> 11454 | H85: =H82+H83+H84 -> 73.28
B86: รวมพื้นที่ปาล์ม 59-60 ตอนบน | E86: =E85 -> 458 | F86: =F85 -> 11454 | H86: =E86/$I$2 -> 73.28
B87: ตอนล่าง
C88: พันไร่ | D88: 59-C03-R | E88: 134 | F88: 3333 | G88: 25 | H88: =E88/$I$2 -> 21.44
D89: 59-C04-R | E89: 101 | F89: 2525 | G89: 25 | H89: =E89/$I$2 -> 16.16
D90: 59-C08-R | E90: 116 | F90: 2888 | G90: 25 | H90: =E90/$I$2 -> 18.56
D91: 59-C09-R | E91: 76 | F91: 1905 | G91: 25 | H91: =E91/$I$2 -> 12.16
D92: 59-C11-R | E92: 92 | F92: 2291 | G92: 25 | H92: =E92/$I$2 -> 14.72
D93: 60-C01-R | E93: 108 | F93: 2707 | G93: 25 | H93: =E93/$I$2 -> 17.28
D94: 60-C02-R | E94: 86 | F94: 2132 | G94: 25 | H94: =E94/$I$2 -> 13.76
D95: 60-C05-R | E95: 29 | F95: 720 | G95: 25 | H95: =E95/$I$2 -> 4.64
B96: รวมพื้นที่ปาล์ม 59-60 แปลงพันไร่ (ไร่/ต้น) | E96: =SUM(E88:E95) -> 742 | F96: =SUM(F88:F95) -> 18501 | H96: =SUM(H88:H95) -> 118.72
C97: กะเปา | D97: 60-A06 | E97: 142 | F97: 3259 | G97: 25 | H97: =E97/$I$2 -> 22.72
B98: รวมพื้นที่ปาล์ม 59-60 แปลงกะเปา (ไร่/ต้น) | E98: =SUM(E97) -> 142 | F98: =SUM(F97) -> 3259 | H98: =H97 -> 22.72
B99: รวมพื้นที่ปาล์ม 59-60 ตอนล่าง | E99: =+E96+E98 -> 884 | F99: =+F96+F98 -> 21760 | H99: =E99/$I$2 -> 141.44
A100: รวมพื้นที่ปาล์ม 59-60 ทั้งหมด | E100: =+E86+E99 -> 1342 | F100: =+F86+F99 -> 33214 | H100: =+H99+H86 -> 214.72
...

Sheet ผลผลิต
B1: ผลผลิตและค่าจ้างตัดปาล์ม
B2: แปลงปฏิบัติการ | C2: แปลง | D2: บล็อก | E2: จำนวน(ไร่) | F2: จำนวน(ต้น) | G2: จน.ต้น/ไร่ | H2: (ตัน/ไร่) | I2: ผลผลิต | J2: อัตราค่าจ้างตัด (บาท/ตัน) | K2: ค่าตัดปาล์ม | L2: ผู้รับเหมา
N3: สูตรการคำนวณ : ผลผลิต * อัตราค่าจ้าง = ค่าจ้างตัดปาล์ม
B4: ตอนล่าง
C5: กะเปา | D5: 50-A04 | E5: 195 | F5: 4864 | G5: 22 | H5: =I5/E5 -> 3.8461538 | I5: 750 | J5: 450 | K5: =J5*I5 -> 337500
D6: 50-A05 | E6: 171 | F6: 4608 | G6: 22 | H6: =I6/E6 -> 4.0935673 | I6: 700 | J6: 450 | K6: =J6*I6 -> 315000
D7: 49-A10-R | E7: 112 | F7: 2785 | H7: =I7/E7 -> 3.5714286 | I7: 400 | J7: 730 | K7: =J7*I7 -> 292000
D8: 49-A11-R | E8: 98 | F8: 2421 | H8: =I8/E8 -> 3.5714286 | I8: 350 | J8: ประกวดราคา | K8: =0 -> 0
D9: 49-A12-R | E9: 153 | F9: 3764 | H9: =I9/E9 -> 3.4640523 | I9: 530 | J9: 730 | K9: =J9*I9 -> 386900
D10: 49-A13-R | E10: 116 | F10: 2893 | H10: =I10/E10 -> 3.4482759 | I10: 400 | J10: 730 | K10: =J10*I10 -> 292000
D11: 56-A01 | E11: 78 | F11: 1950 | H11: =I11/E11 -> 3.0769231 | I11: 240 | J11: 700 | K11: =J11*I11 -> 168000
D12: 56-A02 | E12: 154 | F12: 3835 | H12: =I12/E12 -> 3.2467532 | I12: 500 | J12: 700 | K12: =J12*I12 -> 350000
D13: 56-A03-R | E13: 85 | F13: 2119 | H13: =I13/E13 -> 3.1764706 | I13: 270 | J13: 700 | K13: =J13*I13 -> 189000
D14: 57-A08-R | E14: 172 | F14: 4308 | H14: =I14/E14 -> 3.1976744 | I14: 550 | J14: 700 | K14: =J14*I14 -> 385000
D15: 57-A09-R | E15: 154 | F15: 3861 | H15: =I15/E15 -> 3.0519481 | I15: 470 | J15: 700 | K15: =J15*I15 -> 329000
D16: 60-A06 | E16: 142 | F16: 3259 | H16: =I16/E16 -> 2.4647887 | I16: 350 | J16: 760 | K16: =J16*I16 -> 266000
D17: 63-A01-R | E17: 24 | F17: 534 | H17: =I17/E17 -> 2.5 | I17: 60 | J17: 900 | K17: =J17*I17 -> 54000
D18: 63-A03-R | E18: 39 | F18: 980 | H18: =I18/E18 -> 1.2820513 | I18: 50 | J18: 900 | K18: =J18*I18 -> 45000
D19: 63-A07-R | E19: 14 | F19: 309 | H19: =I19/E19 -> 2.5 | I19: 35 | J19: 900 | K19: =J19*I19 -> 31500
D20: 63-A07 | E20: 109 | F20: 2388 | H20: =I20/E20 -> 2.3853211 | I20: 260 | J20: 900 | K20: =J20*I20 -> 234000
B21: รวมกะเปา | E21: =SUM(E5:E20) -> 1816 | F21: =SUM(F5:F20) -> 44878 | G21: =SUM(G5:G20) -> 44 | H21: =I21/E21 -> 3.2571586 | I21: =SUM(I5:I20) -> 5915 | J21: =AVERAGE(J5:J7,J9:J20) -> 730 | K21: =SUM(K5:K20) -> 3674900
C22: หมอนไม้ | D22: R-56-D7 | E22: 157 | F22: 3932 | G22: 22 | H22: =I22/E22 -> 3.1847134 | I22: 500 | J22: 430 | K22: =J22*I22 -> 215000
D23: 63-D08-R | E23: 108 | F23: 2365 | G23: 22 | H23: =I23/E23 -> 3.5185185 | I23: 380 | J23: 700 | K23: =J23*I23 -> 266000
D24: 64-D02-R | E24: 130 | F24: 2853 | H24: =I24/E24 -> 1.5384615 | I24: 200 | J24: 1050 | K24: =J24*I24 -> 210000
D25: 65-D01-R | E25: 115 | F25: 2531 | H25: =I25/E25 -> 0.8 | I25: 92 | J25: ประกวดราคา | K25: =0 -> 0
D26: 65-D03-R | E26: 127 | F26: 2803 | H26: =I26/E26 -> 0.64566929 | I26: 82 | J26: ประกวดราคา | K26: =0 -> 0
D27: 65-D04-R | E27: 128 | F27: 2819 | H27: =I27/E27 -> 1.171875 | I27: 150 | J27: ประกวดราคา | K27: =0 -> 0
D28: 65-D05-R | E28: 122 | F28: 2687 | H28: =I28/E28 -> 0.40983607 | I28: 50 | J28: ประกวดราคา | K28: =0 -> 0
B29: รวมหมอนไม้ | E29: =SUM(E22:E28) -> 887 | F29: =SUM(F22:F28) -> 19990 | G29: =SUM(G22:G28) -> 44 | H29: =I29/E29 -> 1.6392334 | I29: =SUM(I22:I28) -> 1454 | J29: =AVERAGE(J22:J24,J26:J28) -> 726.66667 | K29: =SUM(K22:K28) -> 691000
C30: พันไร่ | D30: R-22-C5 | E30: 8 | F30: 184 | G30: 22 | H30: =I30/E30 -> 4.25 | I30: 34 | J30: 550 | K30: =J30*I30 -> 18700
D31: 50-C05-R | E31: 103 | F31: 2792 | G31: 22 | H31: =I31/E31 -> 4.368932 | I31: 450 | J31: 450 | K31: =J31*I31 -> 202500
D32: 50-C07-R | E32: 156 | F32: 4202 | H32: =I32/E32 -> 4.3589744 | I32: 680 | J32: 450 | K32: =J32*I32 -> 306000
D33: 56-C10-R | E33: 124 | F33: 3106 | H33: =I33/E33 -> 2.9032258 | I33: 360 | J33: 430 | K33: =J33*I33 -> 154800
D34: 57-C06-R | E34: 100 | F34: 2495 | H34: =I34/E34 -> 3.4 | I34: 340 | J34: 700 | K34: =J34*I34 -> 238000
D35: 57-C06 | E35: 12 | F35: 300 | H35: =I35/E35 -> 3.3333333 | I35: 40 | J35: 700 | K35: =J35*I35 -> 28000
D36: 59-C03-R | E36: 134 | F36: 3333 | H36: =I36/E36 -> 2.6119403 | I36: 350 | J36: 680 | K36: =J36*I36 -> 238000
D37: 59-C04-R | E37: 101 | F37: 2525 | H37: =I37/E37 -> 2.5742574 | I37: 260 | J37: 680 | K37: =J37*I37 -> 176800
D38: 59-C08-R | E38: 116 | F38: 2888 | H38: =I38/E38 -> 2.9310345 | I38: 340 | J38: 680 | K38: =J38*I38 -> 231200
D39: 59-C09-R | E39: 76 | F39: 1905 | H39: =I39/E39 -> 2.6315789 | I39: 200 | J39: 680 | K39: =J39*I39 -> 136000
D40: 59-C11-R | E40: 92 | F40: 2291 | H40: =I40/E40 -> 2.7173913 | I40: 250 | J40: 680 | K40: =J40*I40 -> 170000
D41: 60-C01-R | E41: 108 | F41: 2707 | H41: =I41/E41 -> 2.7777778 | I41: 300 | J41: 680 | K41: =J41*I41 -> 204000
D42: 60-C02-R | E42: 86 | F42: 2132 | H42: =I42/E42 -> 2.6744186 | I42: 230 | J42: 680 | K42: =J42*I42 -> 156400
D43: 60-C05-R | E43: 29 | F43: 720 | H43: =I43/E43 -> 2.7586207 | I43: 80 | J43: 680 | K43: =J43*I43 -> 54400
B44: รวมพันไร่ | E44: =SUM(E30:E43) -> 1245 | F44: =SUM(F30:F43) -> 31580 | G44: =SUM(G30:G43) -> 44 | H44: =I44/E44 -> 3.1437751 | I44: =SUM(I30:I43) -> 3914 | J44: =AVERAGE(J30:J43) -> 622.85714 | K44: =SUM(K30:K43) -> 2314800
C45: ปลายราง | D45: 51-P07-R | E45: 15 | F45: 401 | G45: 22 | H45: 75 | I45: 75 | J45: 450 | K45: =J45*I45 -> 33750
D46: 51-P07 | E46: 5 | F46: 152 | G46: 22 | H46: 25 | I46: 25 | J46: 450 | K46: =J46*I46 -> 11250
D47: 55-P07-R | E47: 4 | F47: 93 | H47: 12 | I47: 12 | J47: 430 | K47: =J47*I47 -> 5160
D48: 64-P06-R | E48: 131 | F48: 2886 | H48: 190 | I48: 190 | J48: 1050 | K48: =J48*I48 -> 199500
D49: 64-P07-R | E49: 117 | F49: 2579 | H49: 150 | I49: 150 | J49: 1050 | K49: =J49*I49 -> 157500
D50: 64-P08-R | E50: 155 | F50: 3402 | H50: 170 | I50: 170 | J50: ประกวดราคา | K50: =0 -> 0
D51: 64-P09-R | E51: 100 | F51: 2192 | H51: 160 | I51: 160 | J51: 1050 | K51: =J51*I51 -> 168000
B52: รวมปลายราง | E52: =SUM(E45:E51) -> 527 | F52: =SUM(F45:F51) -> 11705 | G52: =SUM(G45:G51) -> 44 | H52: =I52/E52 -> 1.483871 | I52: =SUM(I45:I51) -> 782 | J52: =AVERAGE(J45:J51) -> 746.66667 | K52: =SUM(K45:K51) -> 575160
C53: ยวนสาว | D53: 30-PU1 | E53: 82 | F53: 1813 | G53: 22 | H53: 75 | I53: 90 | J53: 625 | K53: =J53*I53 -> 56250
D54: 30-PU3 | E54: 72 | F54: 1574 | G54: 22 | H54: 25 | I54: 120 | J54: 625 | K54: =J54*I54 -> 75000
D55: 30-PU4 | E55: 69 | F55: 1509 | H55: 12 | I55: 100 | J55: 625 | K55: =J55*I55 -> 62500
B56: รวมยวนสาว | E56: =SUM(E53:E55) -> 223 | F56: =SUM(F53:F55) -> 4896 | G56: =SUM(G53:G55) -> 44 | H56: =I56/E56 -> 1.3901345 | I56: =SUM(I53:I55) -> 310 | J56: =AVERAGE(J53:J55) -> 625 | K56: =SUM(K53:K55) -> 193750
B57: ตอนบน
C58: บางกัน | D58: 30-B14 | E58: 6 | F58: 126 | G58: 22 | H58: =I58/E58 -> 3.6666667 | I58: 22 | J58: 550 | K58: =J58*I58 -> 12100
D59: 49-B13 | E59: 168 | F59: 4192 | G59: 22 | H59: =I59/E59 -> 2.9761905 | I59: 500 | J59: ประกวดราคา | K59: =0 -> 0
D60: 50-B07 | E60: 157 | F60: 4022 | H60: =I60/E60 -> 3.5031847 | I60: 550 | J60: 450 | K60: =J60*I60 -> 247500
D61: 50-B10 | E61: 170 | F61: 4245 | H61: =I61/E61 -> 3.4117647 | I61: 580 | J61: ประกวดราคา | K61: =0 -> 0
D62: 57-B03 | E62: 169 | F62: 4231 | H62: =I62/E62 -> 3.7278107 | I62: 630 | J62: 630 | K62: =J62*I62 -> 396900
D63: 57-B12 | E63: 171 | F63: 4265 | H63: =I63/E63 -> 1.3450292 | I63: 230 | J63: 430 | K63: =J63*I63 -> 98900
D64: 57-B14 | E64: 67 | F64: 1663 | H64: =I64/E64 -> 8.2089552 | I64: 550 | J64: 430 | K64: =J64*I64 -> 236500
D65: 60-B04 | E65: 154 | F65: 3851 | H65: =I65/E65 -> 2.7922078 | I65: 430 | J65: 690 | K65: =J65*I65 -> 296700
D66: 60-B08 | E66: 139 | F66: 3476 | H66: =I66/E66 -> 3.9568345 | I66: 550 | J66: 430 | K66: =J66*I66 -> 236500
D67: 60-B09 | E67: 165 | F67: 4127 | H67: =I67/E67 -> 3.030303 | I67: 500 | J67: 690 | K67: =J67*I67 -> 345000
D68: 64-B02 | E68: 158 | F68: 3480 | H68: =I68/E68 -> 1.1392405 | I68: 180 | J68: 1050 | K68: =J68*I68 -> 189000
D69: 64-B05 | E69: 143 | F69: 3140 | H69: =I69/E69 -> 1.3986014 | I69: 200 | J69: 1050 | K69: =J69*I69 -> 210000
D70: 64-B06 | E70: 167 | F70: 3671 | H70: =I70/E70 -> 1.497006 | I70: 250 | J70: 1050 | K70: =J70*I70 -> 262500
D71: 65-B01 | E71: 130 | F71: 2868 | H71: =I71/E71 -> 0.92307692 | I71: 120 | J71: ประกวดราคา | K71: =0 -> 0
D72: 65-B11 | E72: 145 | F72: 3193 | H72: =I72/E72 -> 0.89655172 | I72: 130 | J72: ประกวดราคา | K72: =0 -> 0
B73: รวมบางกัน | E73: =SUM(E58:E72) -> 2109 | F73: =SUM(F58:F72) -> 50550 | G73: =SUM(G58:G72) -> 44 | H73: =I73/E73 -> 2.5708867 | I73: =SUM(I58:I72) -> 5422 | J73: =AVERAGE(J58:J72) -> 677.27273 | K73: =SUM(K58:K72) -> 2531600
C74: ตะกุก | D74: 37-T29 | E74: 136 | F74: 2243 | G74: 22 | H74: =I74/E74 -> 0.73529412 | I74: 100 | J74: 625 | K74: =J74*I74 -> 62500
D75: 37-T30 | E75: 151 | F75: 2494 | G75: 22 | H75: =I75/E75 -> 0.72847682 | I75: 110 | J75: 625 | K75: =J75*I75 -> 68750
D76: 49-T16-R | E76: 4 | F76: 112 | H76: =I76/E76 -> 5 | I76: 20 | J76: 450 | K76: =J76*I76 -> 9000
D77: 49-T20-R | E77: 113 | F77: 2833 | H77: =I77/E77 -> 3.6725664 | I77: 415 | J77: 450 | K77: =J77*I77 -> 186750
D78: 50-T10-R | E78: 115 | F78: 2872 | H78: =I78/E78 -> 4.5652174 | I78: 525 | J78: 450 | K78: =J78*I78 -> 236250
D79: 50-T12-R | E79: 121 | F79: 3030 | H79: =I79/E79 -> 3.3057851 | I79: 400 | J79: 720 | K79: =J79*I79 -> 288000
D80: 52-T28-R | E80: 4 | F80: 92 | H80: =I80/E80 -> 3 | I80: 12 | J80: 720 | K80: =J80*I80 -> 8640
D81: 56-T19-R | E81: 128 | F81: 3199 | H81: =I81/E81 -> 3.90625 | I81: 500 | J81: 430 | K81: =J81*I81 -> 215000
D82: 56-T21-R | E82: 121 | F82: 3015 | H82: =I82/E82 -> 3.6363636 | I82: 440 | J82: 430 | K82: =J82*I82 -> 189200
D83: 56-T28-R | E83: 56 | F83: 1403 | H83: =I83/E83 -> 3.0357143 | I83: 170 | J83: 700 | K83: =J83*I83 -> 119000
D84: 56-T08-R | E84: 113 | F84: 2816 | H84: =I84/E84 -> 3.8938053 | I84: 440 | J84: 430 | K84: =J84*I84 -> 189200
D85: 58-T11-R | E85: 116 | F85: 2903 | H85: =I85/E85 -> 4.6551724 | I85: 540 | J85: 430 | K85: =J85*I85 -> 232200
D86: 58-T13-R | E86: 115 | F86: 2864 | H86: =I86/E86 -> 3.5652174 | I86: 410 | J86: 700 | K86: =J86*I86 -> 287000
D87: 58-T17-R | E87: 128 | F87: 2825 | H87: =I87/E87 -> 3.90625 | I87: 500 | J87: 430 | K87: =J87*I87 -> 215000
... D92: 63-T23-R | E92: 38 | F92: 844 | H92: =I92/E92 -> 1.7105263 | I92: 65 | J92: 700 | K92: =J92*I92 -> 45500
B93: รวมตะกุก | E93: =SUM(E74:E92) -> 1864 | F93: =SUM(F74:F92) -> 43201 | G93: =SUM(G74:G92) -> 44 | H93: =I93/E93 -> 3.1287554 | I93: =SUM(I74:I92) -> 5832 | J93: =AVERAGE(J74:J92) -> 569.47368 | K93: =SUM(K74:K92) -> 3046490
B94: รวมพื้นที่ตอนบน | E94: =E93+E73 -> 3973 | F94: =F93+F73 -> 93751 | H94: =I94/E94 -> 2.8326202 | I94: =I93+I73 -> 11254 | J94: =AVERAGE(J93,J73) -> 623.37321 | K94: =K93+K73 -> 5578090
B95: รวมพื้นที่ตอนล่าง | E95: =E56+E52+E44+E29+E21 -> 4698 | F95: =F56+F52+F44+F29+F21 -> 113049 | H95: =I95/E95 -> 2.6340996 | I95: =I56+I52+I44+I29+I21 -> 12375 | J95: =AVERAGE(J21,J29,J44,J52,J56) -> 690.2381 | K95: =K56+K52+K44+K29+K21 -> 7449610
B96: รวมพื้นที่ทั้งหมด | E96: =SUM(E94:E95) -> 8671 | F96: =SUM(F94:F95) -> 206800 | H96: =I96/E96 -> 2.7250605 | I96: =SUM(I94:I95) -> 23629 | J96: =AVERAGE(J94:J95) -> 656.80565 | K96: =SUM(K94:K95) -> 13027700

Sheet ค่าสารเคมี,อัตราจ้าง 69 
A1: ค่าสารเคมีและอัตราจ้าง
A2: รหัสบล็อก | B2: ไร่ | C2: ต้น | D2: จำนวน(ครั้ง/ปี) | G2: อัตราฉีดยา cc/ต้น | J2: อัตราจ้าง(บาท/ต้น) | M2: ปริมาณสารเคมี (ลิตร) | U2: อัตราค่าจ้างฉีดยา (บาท/ต้น) | AC2: อัตราค่าใช้จ่ายสารเคมี (ไกลโฟเสท 95 , กลูโฟซิเนต 100 บาท) | AK2: รวมค่าใช้จ่าย (บาท)
D3: ตอนบน / ตอนล่าง | G3: รอบโคน | H3: ล้างแปลง | I3: แถบ | J3: รอบโคน | K3: ล้างแปลง | L3: แถบ | M3: รอบโคน | O3: ล้างแปลง | R3: แถบ | U3: รอบโคน | W3: ล้างแปลง | Z3: แถบ | AC3: รอบโคน | AE3: ล้างแปลง | AH3: แถบ | AK3: รอบโคน | AM3: ล้างแปลง | AP3: แถบ | AT3: สูตรการคำนวณ : ปริมาณสารเคมี / ลิตร = (อัตราฉีดยา / CC * จำนวนต้น) / 1,000
M4: ครั้งที่1 | N4: ครั้งที่2 | O4: ครั้งที่3 | P4: ครั้งที่4 | Q4: ครั้งที่5 | R4: ครั้งที่6 | S4: ครั้งที่7 | T4: ครั้งที่8 | U4: ครั้งที่1 | V4: ครั้งที่2 | W4: ครั้งที่3 | X4: ครั้งที่4 | Y4: ครั้งที่5 | Z4: ครั้งที่6 | AA4: ครั้งที่7 | AB4: ครั้งที่8 | AC4: ครั้งที่1 | AD4: ครั้งที่2 | AE4: ครั้งที่3 | AF4: ครั้งที่4 | AG4: ครั้งที่5 | AH4: ครั้งที่6 | AI4: ครั้งที่7 | AJ4: ครั้งที่8 | AK4: ครั้งที่1 | AL4: ครั้งที่2 | AM4: ครั้งที่3 | AN4: ครั้งที่4 | AO4: ครั้งที่5 | AP4: ครั้งที่6 | AQ4: ครั้งที่7 | AR4: ครั้งที่8 | AV4: อัตราจ้างฉีด = ค่าจ้างฉีด * จำนวนต้น
D5: รอบโคน | E5: ล้างแปลง | F5: แถบ | AV5: อัตราค่าใช้จ่ายสารเคมี = ปริมาณสารเคมี * ราคาสารเคมี
A6: ปาล์มใหญ่
A7: ตอนบน
A8: 37-T29 | B8: 102 | C8: 2243 | D8: 1 | E8: 0 | F8: 0 | G8: 5 | H8: =0 -> 0 | I8: =0 -> 0 | J8: 1.1 | K8: 2 | L8: 1.7 | M8: =ROUND(C8*G8/1000,0) -> 11 | U8: =ROUND(C8*J8,0) -> 2467 | AC8: =ROUND(M8*95,0) -> 1045 | AK8: =U8+AC8 -> 3512 | AL8: =V8+AD8 -> 0
A9: 37-T30 | B9: 113 | C9: 2494 | D9: 1 | E9: 0 | F9: 0 | G9: 5 | H9: =0 -> 0 | I9: =0 -> 0 | J9: 1.1 | K9: 2 | L9: 1.7 | M9: =ROUND(C9*G9/1000,0) -> 12 | U9: =ROUND(C9*J9,0) -> 2743 | AC9: =ROUND(M9*95,0) -> 1140 | AK9: =U9+AC9 -> 3883 | AL9: =V9+AD9 -> 0
A10: 56-T08 | B10: 9 | C10: 213 | D10: 1 | E10: =0 -> 0 | F10: =0 -> 0 | G10: 5 | H10: =0 -> 0 | I10: =0 -> 0 | J10: 1.1 | K10: 2 | L10: 1.7 | M10: =ROUND(C10*G10/1000,0) -> 1 | U10: =ROUND(C10*J10,0) -> 234 | AC10: =ROUND(M10*95,0) -> 95 | AK10: =U10+AC10 -> 329
A11: 66-T03 | B11: 111 | C11: 2449 | D11: 1 | E11: =0 -> 0 | F11: =0 -> 0 | G11: 5 | H11: =0 -> 0 | I11: =0 -> 0 | J11: 1.1 | K11: 2 | L11: 1.7 | M11: =ROUND(C11*G11/1000,0) -> 12 | U11: =ROUND(C11*J11,0) -> 2694 | AC11: =ROUND(M11*95,0) -> 1140 | AK11: =U11+AC11 -> 3834
A12: 66-T04 | B12: 92 | C12: 2014 | D12: 1 | E12: =0 -> 0 | F12: =0 -> 0 | G12: 5 | H12: =0 -> 0 | I12: =0 -> 0 | J12: 1.1 | K12: 2 | L12: 1.7 | M12: =ROUND(C12*G12/1000,0) -> 10 | U12: =ROUND(C12*J12,0) -> 2215 | AC12: =ROUND(M12*95,0) -> 950 | AK12: =U12+AC12 -> 3165
A13: 66-T06 | B13: 132 | C13: 2898 | D13: 1 | E13: =0 -> 0 | F13: =0 -> 0 | G13: 5 | H13: =0 -> 0 | I13: =0 -> 0 | J13: 1.1 | K13: 2 | L13: 1.7 | M13: =ROUND(C13*G13/1000,0) -> 14 | U13: =ROUND(C13*J13,0) -> 3188 | AC13: =ROUND(M13*95,0) -> 1330 | AK13: =U13+AC13 -> 4518
A14: 66-T07 | B14: 107 | C14: 2364 | D14: 1 | E14: =0 -> 0 | F14: =0 -> 0 | G14: 5 | H14: =0 -> 0 | I14: =0 -> 0 | J14: 1.1 | K14: 2 | L14: 1.7 | M14: =ROUND(C14*G14/1000,0) -> 12 | U14: =ROUND(C14*J14,0) -> 2600 | AC14: =ROUND(M14*95,0) -> 1140 | AK14: =U14+AC14 -> 3740
A15: 67-T10 | B15: 3 | C15: 61 | D15: 1 | E15: =0 -> 0 | F15: =0 -> 0 | G15: 5 | H15: =0 -> 0 | I15: =0 -> 0 | J15: 1.1 | K15: 2 | L15: 1.7 | M15: =C15*G15/1000 -> 0.305 | U15: =ROUND(C15*J15,0) -> 67 | AC15: =ROUND(M15*95,0) -> 29 | AK15: =U15+AC15 -> 96
A16: 67-T18 | B16: 8 | C16: 171 | D16: 1 | E16: =0 -> 0 | F16: =0 -> 0 | G16: 5 | H16: =0 -> 0 | I16: =0 -> 0 | J16: 1.1 | K16: 2 | L16: 1.7 | M16: =ROUND(C16*G16/1000,0) -> 1 | U16: =ROUND(C16*J16,0) -> 188 | AC16: =ROUND(M16*95,0) -> 95 | AK16: =U16+AC16 -> 283
A17: 67-T21 | B17: 11 | C17: 241 | D17: 1 | E17: =0 -> 0 | F17: =0 -> 0 | G17: 5 | H17: =0 -> 0 | I17: =0 -> 0 | J17: 1.1 | K17: 2 | L17: 1.7 | M17: =ROUND(C17*G17/1000,0) -> 1 | U17: =ROUND(C17*J17,0) -> 265 | AC17: =ROUND(M17*95,0) -> 95 | AK17: =U17+AC17 -> 360
A18: 67-T29 | B18: 140 | C18: 3070 | D18: 1 | E18: =0 -> 0 | F18: =0 -> 0 | G18: 5 | H18: =0 -> 0 | I18: =0 -> 0 | J18: 1.1 | K18: 2 | L18: 1.7 | M18: =ROUND(C18*G18/1000,0) -> 15 | U18: =ROUND(C18*J18,0) -> 3377 | AC18: =ROUND(M18*95,0) -> 1425 | AK18: =U18+AC18 -> 4802
A19: 67-T30 | B19: 149 | C19: 3270 | D19: 1 | E19: =0 -> 0 | F19: =0 -> 0 | G19: 5 | H19: =0 -> 0 | I19: =0 -> 0 | J19: 1.1 | K19: 2 | L19: 1.7 | M19: =ROUND(C19*G19/1000,0) -> 16 | U19: =ROUND(C19*J19,0) -> 3597 | AC19: =ROUND(M19*95,0) -> 1520 | AK19: =U19+AC19 -> 5117
A20: 68-T01 | B20: 144 | C20: 3171 | D20: 1 | E20: =0 -> 0 | F20: =0 -> 0 | G20: 5 | H20: =0 -> 0 | I20: =0 -> 0 | J20: 1.1 | K20: 2 | L20: 1.7 | M20: =ROUND(C20*G20/1000,0) -> 16 | U20: =ROUND(C20*J20,0) -> 3488 | AC20: =ROUND(M20*95,0) -> 1520 | AK20: =U20+AC20 -> 5008
A21: 68-T02 | B21: 134 | C21: 2950 | D21: 1 | E21: =0 -> 0 | F21: =0 -> 0 | G21: 5 | H21: =0 -> 0 | I21: =0 -> 0 | J21: 1.1 | K21: 2 | L21: 1.7 | M21: =ROUND(C21*G21/1000,0) -> 15 | U21: =ROUND(C21*J21,0) -> 3245 | AC21: =ROUND(M21*95,0) -> 1425 | AK21: =U21+AC21 -> 4670
A22: รวมตะกุก | B22: =SUM(B8:B21) -> 1255 | C22: =SUM(C8:C21) -> 27609 | M22: =SUM(M8:M21) -> 136.305 | N22: =SUM(N8:N9) -> 0 | U22: =SUM(U8:U21) -> 30368 | AC22: =SUM(AC8:AC10) -> 2280 | AK22: =SUM(AK8:AK10) -> 7724 | AL22: =AL8+AL9 -> 0
M23: =M22+N22 -> 136.305 | U23: =U22+V22 -> 30368 | AC23: =AC22+AD22 -> 2280 | AK23: =AK22+AL22 -> 7724
A24: 30-B14 | B24: 6 | C24: 126 | D24: 1 | E24: 0 | F24: 0 | G24: 5 | H24: =0 -> 0 | I24: =0 -> 0 | J24: 1.1 | K24: 2 | L24: 1.7 | M24: =ROUND(C24*G24/1000,0) -> 1 | U24: =ROUND(C24*J24,0) -> 139 | AC24: =ROUND(M24*95,0) -> 95 | AD24: =N24*960 -> 0 | AK24: =U24+AC24 -> 234 | AL24: =V24+AD24 -> 0
A25: 57-B03 | B25: 169 | C25: 4231 | D25: 1 | E25: 0 | F25: 0 | G25: 5 | H25: =0 -> 0 | I25: =0 -> 0 | J25: 1.1 | K25: 2 | L25: 1.7 | M25: =ROUND(C25*G25/1000,0) -> 21 | U25: =ROUND(C25*J25,0) -> 4654 | AC25: =ROUND(M25*95,0) -> 1995 | AK25: =U25+AC25 -> 6649
A26: 57-B12 | B26: 171 | C26: 4265 | D26: 1 | E26: =0 -> 0 | F26: =0 -> 0 | G26: 5 | H26: =0 -> 0 | I26: =0 -> 0 | J26: 1.1 | K26: 2 | L26: 1.7 | M26: =ROUND(C26*G26/1000,0) -> 21 | U26: =ROUND(C26*J26,0) -> 4692 | AC26: =ROUND(M26*95,0) -> 1995 | AK26: =U26+AC26 -> 6687
A27: 57-B14 | B27: 67 | C27: 1663 | D27: 1 | E27: 0 | F27: 0 | G27: 5 | H27: =0 -> 0 | I27: =0 -> 0 | J27: 1.1 | K27: 2 | L27: 1.7 | M27: =ROUND(C27*G27/1000,0) -> 8 | U27: =ROUND(C27*J27,0) -> 1829 | AC27: =ROUND(M27*95,0) -> 760 | AK27: =U27+AC27 -> 2589
A28: 60-B04 | B28: 154 | C28: 3851 | D28: 1 | E28: 0 | F28: 0 | G28: 5 | H28: =0 -> 0 | I28: =0 -> 0 | J28: 1.1 | K28: 2 | L28: 1.7 | M28: =ROUND(C28*G28/1000,0) -> 19 | U28: =ROUND(C28*J28,0) -> 4236 | AC28: =ROUND(M28*95,0) -> 1805 | AK28: =U28+AC28 -> 6041
A29: 60-B08 | B29: 139 | C29: 3476 | D29: 1 | E29: =0 -> 0 | F29: =0 -> 0 | G29: 5 | H29: =0 -> 0 | I29: =0 -> 0 | J29: 1.1 | K29: 2 | L29: 1.7 | M29: =ROUND(C29*G29/1000,0) -> 17 | U29: =ROUND(C29*J29,0) -> 3824 | AC29: =ROUND(M29*95,0) -> 1615 | AK29: =U29+AC29 -> 5439
A30: 60-B09 | B30: 165 | C30: 4127 | D30: 1 | E30: 0 | F30: 0 | G30: 5 | H30: =0 -> 0 | I30: =0 -> 0 | J30: 1.1 | K30: 2 | L30: 1.7 | M30: =ROUND(C30*G30/1000,0) -> 21 | U30: =ROUND(C30*J30,0) -> 4540 | AC30: =ROUND(M30*95,0) -> 1995 | AK30: =U30+AC30 -> 6535
A31: 64-B02 | B31: 158 | C31: 3480 | D31: 1 | E31: 0 | F31: 0 | G31: 5 | H31: =0 -> 0 | I31: =0 -> 0 | J31: 1.1 | K31: 2 | L31: 1.7 | M31: =ROUND(C31*G31/1000,0) -> 17 | U31: =ROUND(C31*J31,0) -> 3828 | AC31: =ROUND(M31*95,0) -> 1615 | AK31: =U31+AC31 -> 5443
A32: 64-B05 | B32: 143 | C32: 3140 | D32: 1 | E32: =0 -> 0 | F32: =0 -> 0 | G32: 5 | H32: =0 -> 0 | I32: =0 -> 0 | J32: 1.1 | K32: 2 | L32: 1.7 | M32: =ROUND(C32*G32/1000,0) -> 16 | U32: =ROUND(C32*J32,0) -> 3454 | AC32: =ROUND(M32*95,0) -> 1520 | AK32: =U32+AC32 -> 4974
A33: 64-B06 | B33: 167 | C33: 3671 | D33: 1 | E33: 0 | F33: 0 | G33: 5 | H33: =0 -> 0 | I33: =0 -> 0 | J33: 1.1 | K33: 2 | L33: 1.7 | M33: =ROUND(C33*G33/1000,0) -> 18 | U33: =ROUND(C33*J33,0) -> 4038 | AC33: =ROUND(M33*95,0) -> 1710 | AK33: =U33+AC33 -> 5748
A34: 65-B01 | B34: 130 | C34: 2868 | D34: 1 | E34: 0 | F34: 0 | G34: 5 | H34: =0 -> 0 | I34: =0 -> 0 | J34: 1.1 | K34: 2 | L34: 1.7 | M34: =ROUND(C34*G34/1000,0) -> 14 | U34: =ROUND(C34*J34,0) -> 3155 | AC34: =ROUND(M34*95,0) -> 1330 | AK34: =U34+AC34 -> 4485
A35: 65-B11 | B35: 145 | C35: 3193 | D35: 1 | E35: =0 -> 0 | F35: =0 -> 0 | G35: 5 | H35: =0 -> 0 | I35: =0 -> 0 | J35: 1.1 | K35: 2 | L35: 1.7 | M35: =ROUND(C35*G35/1000,0) -> 16 | U35: =ROUND(C35*J35,0) -> 3512 | AC35: =ROUND(M35*960,0) -> 15360 | AK35: =U35+AC35 -> 18872
A36: รวมบางกัน | B36: =SUM(B24:B35) -> 1614 | C36: =SUM(C24:C35) -> 38091 | M36: =SUM(M24:M35) -> 189 | N36: =SUM(N24:N35) -> 0 | O36: =SUM(O24:O35) -> 0 | P36: =SUM(P24:P35) -> 0 | Q36: =SUM(Q24:Q35) -> 0 | R36: =SUM(R24:R35) -> 0 | S36: =SUM(S24:S35) -> 0 | T36: =SUM(T24:T35) -> 0 | ... V36: =SUM(V24:V35) -> 0 | AC36: =SUM(AC24:AC35) -> 31795 | AD36: =SUM(AD24:AD35) -> 0 | AK36: =SUM(AK24:AK35) -> 73696 | AL36: =SUM(AL24:AL35) -> 0
M37: =M36+N36 -> 189 | O37: =O36+P36+Q36 -> 0 | R37: =R36+S36+T36 -> 0 | U37: =U36+V36 -> 41901 | W37: =W36+X36+Y36 -> 0 | Z37: =Z36+AA36+AB36 -> 0 | AC37: =AC36+AD36 -> 31795 | AE37: =AE36+AF36+AG36 -> 0 | AH37: =AH36+AI36+AJ36 -> 0 | AK37: =AK36+AL36 -> 73696 | AM37: =AM36+AN36+AO36 -> 0 | AP37: =AP36+AQ36+AR36 -> 0
A38: ตอนล่าง
A39: 30-PU1 | B39: 82 | C39: 1813 | D39: 1 | E39: 0 | F39: 0 | G39: 5 | H39: =0 -> 0 | I39: =0 -> 0 | J39: 1.1 | K39: 2 | L39: 1.7 | M39: =ROUND(C39*G39/1000,0) -> 9 | N39: =0 -> 0 | O39: =0 -> 0 | P39: =0 -> 0 | Q39: =0 -> 0 | U39: =ROUND(C39*J39,0) -> 1994 | AC39: =ROUND(M39*95,0) -> 855 | AD39: =ROUND(N39*960,0) -> 0 | AK39: =U39+AC39 -> 2849 | AL39: =V39+AD39 -> 0
A40: 30-PU3 | B40: 72 | C40: 1574 | D40: 1 | E40: 0 | F40: 0 | G40: 5 | H40: =0 -> 0 | I40: =0 -> 0 | J40: 1.1 | K40: 2 | L40: 1.7 | M40: =ROUND(C40*G40/1000,0) -> 8 | N40: =0 -> 0 | O40: =0 -> 0 | P40: =0 -> 0 | Q40: =0 -> 0 | U40: =ROUND(C40*J40,0) -> 1731 | AC40: =ROUND(M40*95,0) -> 760 | AD40: =ROUND(N40*960,0) -> 0 | AK40: =U40+AC40 -> 2491 | AL40: =V40+AD40 -> 0
A41: 30-PU4 | B41: 69 | C41: 1509 | D41: 1 | E41: 0 | F41: 0 | G41: 5 | H41: =0 -> 0 | I41: =0 -> 0 | J41: 1.1 | K41: 2 | L41: 1.7 | M41: =ROUND(C41*G41/1000,0) -> 8 | N41: =0 -> 0 | O41: =0 -> 0 | P41: =0 -> 0 | Q41: =0 -> 0 | U41: =ROUND(C41*J41,0) -> 1660 | AC41: =ROUND(M41*95,0) -> 760 | AD41: =ROUND(N41*960,0) -> 0 | AK41: =U41+AC41 -> 2420 | AL41: =V41+AD41 -> 0
A42: รวมยวนสาว | B42: =SUM(B39:B41) -> 223 | C42: =SUM(C39:C41) -> 4896 | M42: =SUM(M39:M41) -> 25 | N42: =SUM(N39:N41) -> 0 | O42: =0 -> 0 | P42: =0 -> 0 | Q42: =0 -> 0 | U42: =SUM(U39:U41) -> 5385 | V42: =SUM(V39:V41) -> 0 | AC42: =SUM(AC39:AC41) -> 2375 | AD42: =ROUND(N42*960,0) -> 0 | AK42: =SUM(AK39:AK41) -> 7760 | AL42: =SUM(AL39:AL41) -> 0
M43: =M42+N42 -> 25 | N43: =M42+N42 -> 25 | O43: =+O42+P42+Q42 -> 0 | R43: =+R42+S42+T42 -> 0 | U43: =U42+V42 -> 5385 | W43: =W42+X42+Y42 -> 0 | Z43: =Z42+AA42+AB42 -> 0 | AC43: =AC42+AD42 -> 2375 | AD43: =ROUND(N43*960,0) -> 24000 | AE43: =AE42+AF42+AG42 -> 0 | AH43: =AH42+AI42+AJ42 -> 0 | AK43: =AK42+AL42 -> 7760 | AL43: =V43+AD43 -> 24000 | AM43: =AM42+AN42+AO42 -> 0 | AP43: =AP42+AQ42+AR42 -> 0
A44: 32-C05-R | B44: 8 | C44: 184 | D44: 1 | E44: 0 | F44: 0 | G44: 5 | H44: =0 -> 0 | I44: =0 -> 0 | J44: 1.1 | K44: 2 | L44: 1.7 | M44: =ROUND(C44*G44/1000,0) -> 1 | N44: =0 -> 0 | O44: =0 -> 0 | P44: =0 -> 0 | Q44: =0 -> 0 | U44: =ROUND(C44*J44,0) -> 202 | AC44: =ROUND(M44*95,0) -> 95 | AD44: =ROUND(N44*960,0) -> 0 | AK44: =U44+AC44 -> 297 | AL44: =V44+AD44 -> 0
A45: พันไร่ | B45: =SUM(B44:B44) -> 8 | C45: =SUM(C44:C44) -> 184 | M45: =SUM(M44:M44) -> 1 | N45: =SUM(N44:N44) -> 0 | O45: =SUM(O44:O44) -> 0 | P45: =SUM(P44:P44) -> 0 | Q45: =SUM(Q44:Q44) -> 0 | R45: =SUM(R44:R44) -> 0 | S45: =SUM(S44:S44) -> 0 | T45: =SUM(T44:T44) -> 0 | ... AC45: =SUM(AC44:AC44) -> 95 | AD45: =ROUND(N45*960,0) -> 0 | AK45: =SUM(AK44:AK44) -> 297 | AL45: =SUM(AL44:AL44) -> 0
M46: =M45+N45 -> 1 | N46: =M45+N45 -> 1 | O46: =+O45+P45+Q45 -> 0 | R46: =+R45+S45+T45 -> 0 | U46: =U45+V45 -> 202 | W46: =W45+X45+Y45 -> 0 | Z46: =Z45+AA45+AB45 -> 0 | AC46: =AC45+AD45 -> 95 | AD46: =ROUND(N46*960,0) -> 960 | AE46: =AE45+AF45+AG45 -> 0 | AH46: =AH45+AI45+AJ45 -> 0 | AK46: =AK45+AL45 -> 297 | AL46: =V46+AD46 -> 960 | AM46: =AM45+AN45+AO45 -> 0 | AP46: =AP45+AQ45+AR45 -> 0
A47: 55-P07-R | B47: 4 | C47: 93 | D47: 1 | E47: 0 | F47: 0 | G47: 5 | H47: =0 -> 0 | I47: =0 -> 0 | J47: 1.1 | K47: 2 | L47: 1.7 | M47: 0.5 | N47: =0 -> 0 | O47: =0 -> 0 | P47: =0 -> 0 | Q47: =0 -> 0 | U47: =ROUND(C47*J47,0) -> 102 | AC47: =ROUND(M47*95,0) -> 48 | AD47: =ROUND(N47*960,0) -> 0 | AK47: =U47+AC47 -> 150 | AL47: =V47+AD47 -> 0
A48: ปรายราง (หน้าอ๊อฟฟิศ) | B48: =SUM(B47:B47) -> 4 | C48: =SUM(C47:C47) -> 93 | M48: =SUM(M47:M47) -> 0.5 | N48: =SUM(N47:N47) -> 0 | O48: =SUM(O47:O47) -> 0 | P48: =SUM(P47:P47) -> 0 | Q48: =SUM(Q47:Q47) -> 0 | R48: =SUM(R47:R47) -> 0 | S48: =SUM(S47:S47) -> 0 | T48: =SUM(T47:T47) -> 0 | ... AC48: =SUM(AC47:AC47) -> 48 | AD48: =ROUND(N48*960,0) -> 0 | AK48: =SUM(AK47:AK47) -> 150 | AL48: =SUM(AL47:AL47) -> 0
M49: =M48+N48 -> 0.5 | N49: =M48+N48 -> 0.5 | O49: =+O48+P48+Q48 -> 0 | R49: =+R48+S48+T48 -> 0 | U49: =U48+V48 -> 102 | W49: =W48+X48+Y48 -> 0 | Z49: =Z48+AA48+AB48 -> 0 | AC49: =AC48+AD48 -> 48 | AD49: =ROUND(N49*960,0) -> 480 | AE49: =AE48+AF48+AG48 -> 0 | AH49: =AH48+AI48+AJ48 -> 0 | AK49: =AK48+AL48 -> 150 | AL49: =V49+AD49 -> 480 | AM49: =AM48+AN48+AO48 -> 0 | AP49: =AP48+AQ48+AR48 -> 0
A50: ปาล์มReplant 49
A51: ตอนบน (Re49)
A52: 49-T16-R | B52: 4 | C52: 112 | D52: 1 | E52: 0 | F52: 0 | G52: 5 | H52: 12 | I52: =0 -> 0 | J52: 1.1 | K52: 2 | L52: 1.7 | M52: =ROUND(C52*G52/1000,0) -> 1 | N52: =0 -> 0 | O52: =ROUND(C52*H52/1000,0) -> 1 | U52: =ROUND(C52*J52,0) -> 123 | W52: =ROUND(C52*K52,0) -> 224 | AC52: =ROUND(M52*95,0) -> 95 | AE52: =ROUND(O52*95,0) -> 95 | AK52: =U52+AC52 -> 218 | AM52: =AE52+W52 -> 319
A53: 49-T20-R | B53: 113 | C53: 2833 | D53: 1 | E53: 0 | F53: 0 | G53: 5 | H53: 12 | I53: =0 -> 0 | J53: 1.1 | K53: 2 | L53: 1.7 | M53: =ROUND(C53*G53/1000,0) -> 14 | N53: =0 -> 0 | O53: =ROUND(C53*H53/1000,0) -> 34 | U53: =ROUND(C53*J53,0) -> 3116 | W53: =ROUND(C53*K53,0) -> 5666 | AC53: =ROUND(M53*95,0) -> 1330 | AE53: =ROUND(O53*95,0) -> 3230 | AK53: =U53+AC53 -> 4446 | AM53: =AE53+W53 -> 8896
A54: รวมตะกุก | B54: =SUM(B52:B53) -> 117 | C54: =SUM(C52:C53) -> 2945 | M54: =SUM(M52:M53) -> 15 | N54: =SUM(N51:N53) -> 0 | O54: =SUM(O52:O53) -> 35 | P54: =0 -> 0 | Q54: =0 -> 0 | U54: =SUM(U51:U53) -> 3239 | V54: =SUM(V51:V53) -> 0 | W54: =W52+W53 -> 5890 | AC54: =SUM(AC51:AC53) -> 1425 | AD54: =ROUND(N54*960,0) -> 0 | AE54: =AE52+AE53 -> 3325 | AF54: =AF52+AF53 -> 0 | AK54: =SUM(AK51:AK53) -> 4664 | AL54: =SUM(AL51:AL53) -> 0 | AM54: =AM52+AM53 -> 9215 | AN54: =AN52+AN53 -> 0
M55: =M54+N54 -> 15 | N55: =M54+N54 -> 15 | O55: =+O54+P54+Q54 -> 35 | R55: =+R54+S54+T54 -> 0 | U55: =U54+V54 -> 3239 | W55: =W54+X54+Y54 -> 5890 | Z55: =Z54+AA54+AB54 -> 0 | AC55: =AC54+AD54 -> 1425 | AD55: =ROUND(N55*960,0) -> 14400 | AE55: =AE54+AF54+AG54 -> 3325 | AH55: =AH54+AI54+AJ54 -> 0 | AK55: =AK54+AL54 -> 4664 | AL55: =V55+AD55 -> 14400 | AM55: =AM54+AN54+AO54 -> 9215 | AP55: =AP54+AQ54+AR54 -> 0
A56: 49-B13 | B56: 168 | C56: 4192 | D56: 1 | E56: 0 | F56: 0 | G56: 5 | H56: 12 | I56: =0 -> 0 | J56: 1.1 | K56: 2 | L56: 1.7 | M56: =ROUND(C56*G56/1000,0) -> 21 | O56: =ROUND(C56*H56/1000,0) -> 50 | P56: =0 -> 0 | Q56: =0 -> 0 | R56: =0 -> 0 | S56: =0 -> 0 | T56: =0 -> 0 | U56: =ROUND(C56*J56,0) -> 4611 | W56: =ROUND(C56*K56,0) -> 8384 | AC56: =ROUND(M56*95,0) -> 1995 | AD56: =0 -> 0 | AE56: =ROUND(O56*95,0) -> 4750 | AF56: =ROUND(P56*95,0) -> 0 | AK56: =U56+AC56 -> 6606 | AL56: =0 -> 0 | AM56: =AE56+W56 -> 13134 | AN56: =0 -> 0
A57: รวมบางกัน | B57: =B56 -> 168 | C57: =C56 -> 4192 | M57: =M56 -> 21 | N57: =N56 -> 0 | O57: =O56 -> 50 | P57: =P56 -> 0 | Q57: =0 -> 0 | R57: =R56 -> 0 | S57: =S56 -> 0 | T57: =T56 -> 0 | U57: =U56 -> 4611 | V57: =V56 -> 0 | W57: =W56 -> 8384 | X57: =X56 -> 0 | Y57: =0 -> 0 | Z57: =0 -> 0 | AA57: =0 -> 0 | AB57: =0 -> 0 | AC57: =AC56 -> 1995 | AD57: =ROUND(N57*960,0) -> 0 | AE57: =AE56 -> 4750 | AF57: =AF56 -> 0 | AK57: =SUM(AC56+U56) -> 6606 | AL57: =AL56 -> 0 | AM57: =AM56 -> 13134 | AN57: =0 -> 0
M58: =M57+N57 -> 21 | N58: =M57+N57 -> 21 | O58: =O57+P57 -> 50 | R58: =R57+S57+T57 -> 0 | U58: =U57+V57 -> 4611 | W58: =W57+X57+Y57 -> 8384 | Z58: =Z57+AA57+AB57 -> 0 | AC58: =AC57+AD57 -> 1995 | AD58: =ROUND(N58*960,0) -> 20160 | AE58: =AE57+AF57+AG57 -> 4750 | AH58: =AH57+AI57+AJ57 -> 0 | AK58: =AK57+AL57 -> 6606 | AL58: =V58+AD58 -> 20160 | AM58: =AM57+AN57+AO57 -> 13134 | AP58: =AP57+AQ57+AR57 -> 0
A59: ตอนล่าง (Re49)
A60: 49-A10-R | B60: 111 | C60: 2785 | D60: 1 | E60: 0 | F60: 0 | G60: 5 | H60: 12 | I60: =0 -> 0 | J60: 1.1 | K60: 2 | L60: 1.7 | M60: =ROUND(C60*G60/1000,0) -> 14 | O60: =ROUND(C60*H60/1000,0) -> 33 | P60: =0 -> 0 | Q60: =0 -> 0 | R60: =0 -> 0 | S60: =0 -> 0 | T60: =0 -> 0 | U60: =ROUND(C60*J60,0) -> 3064 | W60: =ROUND(C60*K60,0) -> 5570 | AC60: =ROUND(M60*95,0) -> 1330 | AD60: =0 -> 0 | AE60: =ROUND(O60*95,0) -> 3135 | AF60: =ROUND(P60*95,0) -> 0 | AK60: =U60+AC60 -> 4394 | AL60: =0 -> 0 | AM60: =AE60+W60 -> 8705 | AN60: =0 -> 0
A61: 49-A11-R | B61: 97 | C61: 2421 | D61: 1 | E61: 0 | F61: 0 | G61: 5 | H61: 12 | I61: =0 -> 0 | J61: 1.1 | K61: 2 | L61: 1.7 | M61: =ROUND(C61*G61/1000,0) -> 12 | O61: =ROUND(C61*H61/1000,0) -> 29 | P61: =0 -> 0 | Q61: =0 -> 0 | R61: =0 -> 0 | S61: =0 -> 0 | T61: =0 -> 0 | U61: =ROUND(C61*J61,0) -> 2663 | W61: =ROUND(C61*K61,0) -> 4842 | AC61: =ROUND(M61*95,0) -> 1140 | AD61: =0 -> 0 | AE61: =ROUND(O61*95,0) -> 2755 | AF61: =ROUND(P61*95,0) -> 0 | AK61: =U61+AC61 -> 3803 | AL61: =0 -> 0 | AM61: =AE61+W61 -> 7597 | AN61: =0 -> 0
A62: 49-A12-R | B62: 151 | C62: 3764 | D62: 1 | E62: 0 | F62: 0 | G62: 5 | H62: 12 | I62: =0 -> 0 | J62: 1.1 | K62: 2 | L62: 1.7 | M62: =ROUND(C62*G62/1000,0) -> 19 | O62: =ROUND(C62*H62/1000,0) -> 45 | P62: =0 -> 0 | Q62: =0 -> 0 | R62: =0 -> 0 | S62: =0 -> 0 | T62: =0 -> 0 | U62: =ROUND(C62*J62,0) -> 4140 | W62: =ROUND(C62*K62,0) -> 7528 | AC62: =ROUND(M62*95,0) -> 1805 | AD62: =0 -> 0 | AE62: =ROUND(O62*95,0) -> 4275 | AF62: =ROUND(P62*95,0) -> 0 | AK62: =U62+AC62 -> 5945 | AL62: =0 -> 0 | AM62: =AE62+W62 -> 11803 | AN62: =0 -> 0
A63: 49-A13-R | B63: 116 | C63: 2893 | D63: 1 | E63: 0 | F63: 0 | G63: 5 | H63: 12 | I63: =0 -> 0 | J63: 1.1 | K63: 2 | L63: 1.7 | M63: =ROUND(C63*G63/1000,0) -> 14 | O63: =ROUND(C63*H63/1000,0) -> 35 | P63: =0 -> 0 | Q63: =0 -> 0 | R63: =0 -> 0 | S63: =0 -> 0 | T63: =0 -> 0 | U63: =ROUND(C63*J63,0) -> 3182 | W63: =ROUND(C63*K63,0) -> 5786 | AC63: =ROUND(M63*95,0) -> 1330 | AD63: =0 -> 0 | AE63: =ROUND(O63*95,0) -> 3325 | AF63: =ROUND(P63*95,0) -> 0 | AK63: =U63+AC63 -> 4512 | AL63: =0 -> 0 | AM63: =AE63+W63 -> 9111 | AN63: =0 -> 0
A64: รวมกะเปา | B64: =SUM(B60:B63) -> 475 | C64: =SUM(C60:C63) -> 11863 | M64: =SUM(M60:M63) -> 59 | N64: =SUM(N61:N63) -> 0 | O64: =SUM(O60:O63) -> 142 | P64: =0 -> 0 | Q64: =0 -> 0 | U64: =SUM(U60:U63) -> 13049 | V64: =SUM(V60:V63) -> 0 | W64: =SUM(W60:W63) -> 23726 | AC64: =SUM(AC60:AC63) -> 5605 | AD64: =ROUND(N64*960,0) -> 0 | AE64: =SUM(AE60:AE63) -> 13490 | AF64: =AF62+AF63 -> 0 | AK64: =SUM(AK60:AK63) -> 18654 | AL64: =SUM(AL61:AL63) -> 0 | AM64: =SUM(AM60:AM63) -> 37216 | AN64: =AN62+AN63 -> 0
M65: =M64+N64 -> 59 | N65: =M64+N64 -> 59 | O65: =+O64+P64+Q64 -> 142 | R65: =+R64+S64+T64 -> 0 | U65: =U64+V64 -> 13049 | W65: =W64+X64+Y64 -> 23726 | Z65: =Z64+AA64+AB64 -> 0 | AC65: =AC64+AD64 -> 5605 | AD65: =ROUND(N65*960,0) -> 56640 | AE65: =AE64+AF64+AG64 -> 13490 | AH65: =AH64+AI64+AJ64 -> 0 | AK65: =AK64+AL64 -> 18654 | AL65: =V65+AD65 -> 56640 | AM65: =AM64+AN64+AO64 -> 37216 | AP65: =AP64+AQ64+AR64 -> 0
A66: ปาล์ม Replant 50
A67: ตอนบน (Re50)
A68: 50-T10-R | B68: 115 | C68: 2872 | D68: 1 | E68: 0 | F68: 0 | G68: 5 | H68: =0 -> 0 | I68: =0 -> 0 | J68: 1.1 | K68: 2 | L68: 1.7 | M68: =ROUND(C68*G68/1000,0) -> 14 | N68: =0 -> 0 | U68: =ROUND(C68*J68,0) -> 3159 | V68: =0 -> 0 | AC68: =ROUND(M68*95,0) -> 1330 | AD68: =ROUND(N68*960,0) -> 0 | AK68: =U68+AC68 -> 4489 | AL68: =V68+AD68 -> 0
A69: 50-T12-R | B69: 121 | C69: 3030 | D69: 1 | E69: 0 | F69: 0 | G69: 5 | H69: =0 -> 0 | I69: =0 -> 0 | J69: 1.1 | K69: 2 | L69: 1.7 | M69: =ROUND(C69*G69/1000,0) -> 15 | N69: 0 | U69: =ROUND(C69*J69,0) -> 3333 | V69: 0 | AC69: =ROUND(M69*95,0) -> 1425 | AD69: 0 | AK69: =U69+AC69 -> 4758 | AL69: =V69+AD69 -> 0
A70: รวมตะกุก | B70: =SUM(B68:B69) -> 236 | C70: =SUM(C68:C69) -> 5902 | M70: =SUM(M68:M69) -> 29 | N70: =SUM(N68:N69) -> 0 | O70: =SUM(O66:O69) -> 0 | P70: =0 -> 0 | Q70: =0 -> 0 | U70: =SUM(U68:U69) -> 6492 | V70: =SUM(V66:V69) -> 0 | W70: =SUM(W66:W69) -> 0 | AC70: =SUM(AC68:AC69) -> 2755 | AD70: =ROUND(N70*960,0) -> 0 | AE70: =SUM(AE66:AE69) -> 0 | AF70: =AF68+AF69 -> 0 | AK70: =SUM(AK66:AK69) -> 9247 | AL70: =SUM(AL67:AL69) -> 0 | AM70: =SUM(AM66:AM69) -> 0 | AN70: =AN68+AN69 -> 0
M71: =M70+N70 -> 29 | N71: =M70+N70 -> 29 | O71: =+O70+P70+Q70 -> 0 | R71: =+R70+S70+T70 -> 0 | U71: =U70+V70 -> 6492 | W71: =W70+X70+Y70 -> 0 | Z71: =Z70+AA70+AB70 -> 0 | AC71: =AC70+AD70 -> 2755 | AD71: =ROUND(N71*960,0) -> 27840 | AE71: =AE70+AF70+AG70 -> 0 | AH71: =AH70+AI70+AJ70 -> 0 | AK71: =AK70+AL70 -> 9247 | AL71: =V71+AD71 -> 27840 | AM71: =AM70+AN70+AO70 -> 0 | AP71: =AP70+AQ70+AR70 -> 0
A72: 50-B07 | B72: 157 | C72: 4022 | D72: 1 | E72: =0 -> 0 | F72: =0 -> 0 | G72: 5 | H72: =0 -> 0 | I72: =0 -> 0 | J72: 1.1 | K72: 2 | L72: 1.7 | M72: =ROUND(C72*G72/1000,0) -> 20 | U72: =ROUND(C72*J72,0) -> 4424 | AC72: =ROUND(M72*95,0) -> 1900 | AK72: =U72+AC72 -> 6324
A73: 50-B10 | B73: 170 | C73: 4245 | D73: 1 | E73: 0 | F73: 0 | G73: 5 | H73: =0 -> 0 | I73: =0 -> 0 | J73: 1.1 | K73: 2 | L73: 1.7 | M73: =ROUND(C73*G73/1000,0) -> 21 | U73: =ROUND(C73*J73,0) -> 4670 | AC73: =ROUND(M73*95,0) -> 1995 | AK73: =U73+AC73 -> 6665
A74: รวมบางกัน | B74: =SUM(B72:B73) -> 327 | C74: =SUM(C72:C73) -> 8267 | M74: =SUM(M72:M73) -> 41 | N74: =SUM(N72:N73) -> 0 | O74: =SUM(O70:O73) -> 0 | P74: =0 -> 0 | Q74: =0 -> 0 | U74: =SUM(U72:U73) -> 9094 | V74: =SUM(V70:V73) -> 0 | W74: =SUM(W70:W73) -> 0 | AC74: =SUM(AC72:AC73) -> 3895 | AD74: =ROUND(N74*960,0) -> 0 | AE74: =SUM(AE70:AE73) -> 0 | AF74: =AF72+AF73 -> 0 | AK74: =SUM(AK72:AK73) -> 12989 | AL74: =SUM(AL72:AL73) -> 0 | AM74: =SUM(AM70:AM73) -> 0 | AN74: =AN72+AN73 -> 0
M75: =M74+N74 -> 41 | N75: =M74+N74 -> 41 | O75: =+O74+P74+Q74 -> 0 | R75: =+R74+S74+T74 -> 0 | U75: =U74+V74 -> 9094 | W75: =W74+X74+Y74 -> 0 | Z75: =Z74+AA74+AB74 -> 0 | AC75: =AC74+AD74 -> 3895 | AD75: =ROUND(N75*960,0) -> 39360 | AE75: =AE74+AF74+AG74 -> 0 | AH75: =AH74+AI74+AJ74 -> 0 | AK75: =AK74+AL74 -> 12989 | AL75: =V75+AD75 -> 39360 | AM75: =AM74+AN74+AO74 -> 0 | AP75: =AP74+AQ74+AR74 -> 0
A76: ตอนล่าง (Re50)
A77: 50-A04 | B77: 195 | C77: 4864 | D77: 1 | E77: 0 | F77: 0 | G77: 5 | H77: =0 -> 0 | I77: =0 -> 0 | J77: 1.1 | K77: 2 | L77: 1.7 | M77: =ROUND(C77*G77/1000,0) -> 24 | U77: =ROUND(C77*J77,0) -> 5350 | AC77: =ROUND(M77*95,0) -> 2280 | AK77: =U77+AC77 -> 7630
A78: 50-A05 | B78: 171 | C78: 4608 | D78: 1 | E78: 0 | F78: 0 | G78: 5 | H78: =0 -> 0 | I78: =0 -> 0 | J78: 1.1 | K78: 2 | L78: 1.7 | M78: =ROUND(C78*G78/1000,0) -> 23 | U78: =ROUND(C78*J78,0) -> 5069 | AC78: =ROUND(M78*95,0) -> 2185 | AK78: =U78+AC78 -> 7254
A79: รวมกะเปา | B79: =SUM(B77:B78) -> 366 | C79: =SUM(C77:C78) -> 9472 | M79: =SUM(M77:M78) -> 47 | N79: =SUM(N77:N78) -> 0 | O79: =SUM(O75:O78) -> 0 | P79: =0 -> 0 | Q79: =0 -> 0 | U79: =SUM(U77:U78) -> 10419 | V79: =SUM(V75:V78) -> 0 | W79: =SUM(W75:W78) -> 0 | AC79: =SUM(AC77:AC78) -> 4465 | AD79: =ROUND(N79*960,0) -> 0 | AE79: =SUM(AE75:AE78) -> 0 | AF79: =AF77+AF78 -> 0 | AK79: =SUM(AK77:AK78) -> 14884 | AL79: =SUM(AL77:AL78) -> 0 | AM79: =SUM(AM75:AM78) -> 0 | AN79: =AN77+AN78 -> 0
M80: =M79+N79 -> 47 | N80: =M79+N79 -> 47 | O80: =+O79+P79+Q79 -> 0 | R80: =+R79+S79+T79 -> 0 | U80: =U79+V79 -> 10419 | W80: =W79+X79+Y79 -> 0 | Z80: =Z79+AA79+AB79 -> 0 | AC80: =AC79+AD79 -> 4465 | AD80: =ROUND(N80*960,0) -> 45120 | AE80: =AE79+AF79+AG79 -> 0 | AH80: =AH79+AI79+AJ79 -> 0 | AK80: =AK79+AL79 -> 14884 | AL80: =V80+AD80 -> 45120 | AM80: =AM79+AN79+AO79 -> 0 | AP80: =AP79+AQ79+AR79 -> 0
A81: 50-C05-R | B81: 103 | C81: 2792 | D81: 1 | E81: 0 | F81: 0 | G81: 5 | H81: =0 -> 0 | I81: =0 -> 0 | J81: 1.1 | K81: 2 | L81: 1.7 | M81: =ROUND(C81*G81/1000,0) -> 14 | U81: =ROUND(C81*J81,0) -> 3071 | AC81: =ROUND(M81*95,0) -> 1330 | AK81: =U81+AC81 -> 4401
A82: 50-C07-R | B82: 156 | C82: 4202 | D82: 1 | E82: 0 | F82: 0 | G82: 5 | H82: =0 -> 0 | I82: =0 -> 0 | J82: 1.1 | K82: 2 | L82: 1.7 | M82: =ROUND(C82*G82/1000,0) -> 21 | U82: =ROUND(C82*J82,0) -> 4622 | AC82: =ROUND(M82*95,0) -> 1995 | AK82: =U82+AC82 -> 6617
A83: รวมพันไร่ | B83: =SUM(B81:B82) -> 259 | C83: =SUM(C81:C82) -> 6994 | M83: =SUM(M81:M82) -> 35 | N83: =SUM(N81:N82) -> 0 | O83: =SUM(O79:O82) -> 0 | P83: =0 -> 0 | Q83: =0 -> 0 | U83: =SUM(U81:U82) -> 7693 | V83: =SUM(V79:V82) -> 0 | W83: =SUM(W79:W82) -> 0 | AC83: =SUM(AC81:AC82) -> 3325 | AD83: =ROUND(N83*960,0) -> 0 | AE83: =SUM(AE79:AE82) -> 0 | AF83: =AF81+AF82 -> 0 | AK83: =SUM(AK81:AK82) -> 11018 | AL83: =SUM(AL81:AL82) -> 0 | AM83: =SUM(AM79:AM82) -> 0 | AN83: =AN81+AN82 -> 0
M84: =M83+N83 -> 35 | N84: =M83+N83 -> 35 | O84: =+O83+P83+Q83 -> 0 | R84: =+R83+S83+T83 -> 0 | U84: =U83+V83 -> 7693 | W84: =W83+X83+Y83 -> 0 | Z84: =Z83+AA83+AB83 -> 0 | AC84: =AC83+AD83 -> 3325 | AD84: =ROUND(N84*960,0) -> 33600 | AE84: =AE83+AF83+AG83 -> 0 | AH84: =AH83+AI83+AJ83 -> 0 | AK84: =AK83+AL83 -> 11018 | AL84: =V84+AD84 -> 33600 | AM84: =AM83+AN83+AO83 -> 0 | AP84: =AP83+AQ83+AR83 -> 0
A85: ปาล์มReplant51
A86: ตอนล่าง (Re51)
A87: 51-P07-R | B87: 15 | C87: 401 | D87: =0 -> 0 | E87: 2 | F87: 0 | G87: =0 -> 0 | H87: 12 | I87: =0 -> 0 | J87: 1.1 | K87: 2 | L87: 1.7 | M87: =ROUND(C87*G87/1000,0) -> 0 | N87: =0 -> 0 | O87: =ROUND(C87*H87/1000,0) -> 5 | P87: =0 -> 0 | Q87: =0 -> 0 | R87: =0 -> 0 | S87: =0 -> 0 | T87: =0 -> 0 | U87: =0 -> 0 | V87: =0 -> 0 | W87: =ROUND(C87*K87,0) -> 802 | AC87: =ROUND(M87*960,0) -> 0 | AE87: =ROUND(O87*95,0) -> 475 | AK87: =U87+AC87 -> 0 | AM87: =+W87+AE87 -> 1277
A88: 51-P07 | B88: 6 | C88: 152 | D88: =0 -> 0 | E88: 2 | F88: 0 | G88: =0 -> 0 | H88: 12 | I88: =0 -> 0 | J88: 1.1 | K88: 2 | L88: 1.7 | M88: =ROUND(C88*G88/1000,0) -> 0 | N88: =0 -> 0 | O88: =ROUND(C88*H88/1000,0) -> 2 | P88: =0 -> 0 | Q88: =0 -> 0 | R88: =0 -> 0 | S88: =0 -> 0 | T88: =0 -> 0 | U88: =0 -> 0 | V88: =0 -> 0 | W88: =ROUND(C88*K88,0) -> 304 | AC88: =ROUND(M88*95,0) -> 0 | AE88: =ROUND(O88*95,0) -> 190 | AK88: =U88+AC88 -> 0 | AM88: =W88+AE88 -> 494
A89: รวมปลายราง | B89: =SUM(B87:B88) -> 21 | C89: =SUM(C87:C88) -> 553 | M89: =SUM(M87:M88) -> 0 | N89: =SUM(N87:N88) -> 0 | O89: =SUM(O87:O88) -> 7 | P89: =P87+P88 -> 0 | Q89: =Q87+Q88 -> 0 | R89: =R87+R88 -> 0 | S89: =S87+S88 -> 0 | T89: =T87+T88 -> 0 | U89: =SUM(U87:U88) -> 0 | V89: =SUM(V87:V88) -> 0 | W89: =SUM(W87:W88) -> 1106 | AC89: =SUM(AC87:AC88) -> 0 | AD89: =ROUND(N89*960,0) -> 0 | AE89: =SUM(AE87:AE88) -> 665 | AF89: =AF87+AF88 -> 0 | AK89: =SUM(AK87:AK88) -> 0 | AL89: =SUM(AL87:AL88) -> 0 | AM89: =SUM(AM87:AM88) -> 1771 | AN89: =AN87+AN88 -> 0
M90: =M89+N89 -> 0 | N90: =M89+N89 -> 0 | O90: =+O89+P89+Q89 -> 7 | R90: =+R89+S89+T89 -> 0 | U90: =U89+V89 -> 0 | W90: =W89+X89+Y89 -> 1106 | Z90: =Z89+AA89+AB89 -> 0 | AC90: =AC89+AD89 -> 0 | AD90: =ROUND(N90*960,0) -> 0 | AE90: =AE89+AF89+AG89 -> 665 | AH90: =AH89+AI89+AJ89 -> 0 | AK90: =AK89+AL89 -> 0 | AL90: =V90+AD90 -> 0 | AM90: =AM89+AN89+AO89 -> 1771 | AP90: =AP89+AQ89+AR89 -> 0
A91: ปาล์มReplant52
A92: ตอนบน (Re52)
A93: 52-T28-R | B93: 4 | C93: 92 | D93: 1 | E93: 0 | F93: 0 | G93: 5 | H93: =0 -> 0 | I93: =0 -> 0 | J93: 1.1 | K93: 2 | L93: 1.7 | M93: =ROUND(C93*G93/1000,2) -> 0.46 | U93: =ROUND(C93*J93,0) -> 101 | AC93: =ROUND(M93*95,0) -> 44 | AK93: =U93+AC93 -> 145
A94: รวมตะกุก | B94: =SUM(B93) -> 4 | C94: =SUM(C93) -> 92 | M94: =SUM(M93) -> 0.46 | N94: =SUM(N92:N93) -> 0 | O94: =SUM(O92:O93) -> 0 | P94: =P92+P93 -> 0 | Q94: =Q92+Q93 -> 0 | R94: =R92+R93 -> 0 | S94: =S92+S93 -> 0 | T94: =T92+T93 -> 0 | U94: =SUM(U93) -> 101 | V94: =SUM(V92:V93) -> 0 | W94: =SUM(W92:W93) -> 0 | AC94: =SUM(AC92:AC93) -> 44 | AD94: =ROUND(N94*960,0) -> 0 | AE94: =SUM(AE92:AE93) -> 0 | AF94: =AF92+AF93 -> 0 | AK94: =SUM(AK92:AK93) -> 145 | AL94: =SUM(AL92:AL93) -> 0 | AM94: =SUM(AM92:AM93) -> 0 | AN94: =AN92+AN93 -> 0
M95: =M94+N94 -> 0.46 | N95: =M94+N94 -> 0.46 | O95: =+O94+P94+Q94 -> 0 | R95: =+R94+S94+T94 -> 0 | U95: =U94+V94 -> 101 | W95: =W94+X94+Y94 -> 0 | Z95: =Z94+AA94+AB94 -> 0 | AC95: =AC94+AD94 -> 44 | AD95: =ROUND(N95*960,0) -> 442 | AE95: =AE94+AF94+AG94 -> 0 | AH95: =AH94+AI94+AJ94 -> 0 | AK95: =AK94+AL94 -> 145 | AL95: =V95+AD95 -> 442 | AM95: =AM94+AN94+AO94 -> 0 | AP95: =AP94+AQ94+AR94 -> 0
A96: ปาล์มReplant56
A97: ตอนบน (Re56)
A98: 56-T08-R | B98: 113 | C98: 2816 | D98: 2 | E98: 0 | F98: 0 | G98: 5 | H98: 0 | I98: 0 | J98: 1.1 | K98: 2 | L98: 1.7 | M98: =ROUND(C98*G98/1000,0) -> 14 | N98: =ROUND(C98*G98/1000,0) -> 14 | O98: =ROUND(C98*H98/1000,0) -> 0 | P98: =ROUND(C98*H98/1000,0) -> 0 | U98: =ROUND(C98*J98,0) -> 3098 | V98: =ROUND(C98*J98,0) -> 3098 | AC98: =ROUND(M98*95,0) -> 1330 | AD98: =ROUND(N98*95,0) -> 1330 | AK98: =U98+AC98 -> 4428 | AL98: =V98+AD98 -> 4428 | AM98: 0 | AN98: 0
A99: 56-T19-R | B99: 128 | C99: 3199 | D99: 2 | E99: 0 | F99: 0 | G99: 5 | H99: 0 | I99: 0 | J99: 1.1 | K99: 2 | L99: 1.7 | M99: =ROUND(C99*G99/1000,0) -> 16 | N99: =ROUND(C99*G99/1000,0) -> 16 | O99: =+C99*H99*E99 -> 0 | P99: 0 | U99: =ROUND(C99*J99,0) -> 3519 | V99: =ROUND(C99*J99,0) -> 3519 | W99: 0 | X99: 0 | AC99: =ROUND(M99*95,0) -> 1520 | AD99: =ROUND(N99*95,0) -> 1520 | AE99: =+S99*X99*U99 -> 0 | AF99: 0 | AK99: =U99+AC99 -> 5039 | AL99: =V99+AD99 -> 5039 | AM99: 0 | AN99: 0
A100: 56-T21-R | B100: 121 | C100: 3015 | D100: 2 | E100: 0 | F100: 0 | G100: 5 | H100: 0 | I100: 0 | J100: 1.1 | K100: 2 | L100: 1.7 | M100: =ROUND(C100*G100/1000,0) -> 15 | N100: =ROUND(C100*G100/1000,0) -> 15 | O100: =+C100*H100*E100 -> 0 | U100: =ROUND(C100*J100,0) -> 3317 | V100: =ROUND(C100*J100,0) -> 3317 | W100: 0 | X100: 0 | AC100: =ROUND(M100*95,0) -> 1425 | AD100: =ROUND(N100*95,0) -> 1425 | AE100: =+S100*X100*U100 -> 0 | AF100: 0 | AK100: =U100+AC100 -> 4742 | AL100: =V100+AD100 -> 4742 | AM100: 0 | AN100: 0
...

Sheet ถางป่าพร้อมทายา 69
A1: ค่าแรงถางป่าพร้อมทายากาลอน
A2: บล็อก | C2: ไร่ | D2: ต้น | E2: จำนวนไร่ของพื้นที่ทั้งหมด | F2: จำนวนต้นของพื้นที่ทั้งหมด | G2: ค่าแรง (บาท/ต้น) | H2: รวมค่าแรงถางป่าพร้อมทายากาลอน | J2: สูตรการคำนวณ : ค่าแรงถางป่า = (จำนวนต้นในพื้นที่ต้องการถางป่า * ค่าแรง)
G3: 5
A4: ปาล์ม (49-52)
A5: ตอนบน
A6: 50-T10-R | B6: 1 | C6: ='จน.ปาล์ม 69 '!E22 -> 115 | D6: ='จน.ปาล์ม 69 '!F22 -> 2872 | E6: =ROUND(C6*B6,0) -> 115 | F6: =ROUND(D6*B6,0) -> 2872 | G6: =$G$3 -> 5 | H6: =ROUND(G6*F6,0) -> 14360
A7: 50-T12-R | B7: 1 | C7: ='จน.ปาล์ม 69 '!E23 -> 121 | D7: ='จน.ปาล์ม 69 '!F23 -> 3030 | E7: =ROUND(C7*B7,0) -> 121 | F7: =ROUND(D7*B7,0) -> 3030 | G7: =$G$3 -> 5 | H7: =ROUND(G7*F7,0) -> 15150
A8: รวมค่าแรงแปลงตะกุก | H8: =SUM(H6:H7) -> 29510
A9: ='จน.ปาล์ม 69 '!D26 -> 49-B13 | B9: 1 | C9: ='จน.ปาล์ม 69 '!E26 -> 168 | D9: ='จน.ปาล์ม 69 '!F26 -> 4192 | E9: =ROUND(C9*B9,0) -> 168 | F9: =ROUND(D9*B9,0) -> 4192 | G9: =$G$3 -> 5 | H9: =ROUND(G9*F9,0) -> 20960
A10: ='จน.ปาล์ม 69 '!D27 -> 50-B07 | B10: 1 | C10: ='จน.ปาล์ม 69 '!E27 -> 157 | D10: ='จน.ปาล์ม 69 '!F27 -> 4022 | E10: =ROUND(C10*B10,0) -> 157 | F10: =ROUND(D10*B10,0) -> 4022 | G10: =$G$3 -> 5 | H10: =ROUND(G10*F10,0) -> 20110
A11: ='จน.ปาล์ม 69 '!D28 -> 50-B10 | B11: 1 | C11: ='จน.ปาล์ม 69 '!E28 -> 170 | D11: ='จน.ปาล์ม 69 '!F28 -> 4245 | E11: =ROUND(C11*B11,0) -> 170 | F11: =ROUND(D11*B11,0) -> 4245 | G11: =$G$3 -> 5 | H11: =ROUND(G11*F11,0) -> 21225
A12: รวมค่าแรงแปลงบางกัน | H12: =SUM(H9:H11) -> 62295
A13: รวมค่าแรงถางป่าพร้อมทายากาลอนปาล์มตอนบน 49-52 | H13: =H8+H12 -> 91805
A14: ตอนล่าง
A15: ='จน.ปาล์ม 69 '!D42 -> 50-C05-R | B15: 1 | C15: ='จน.ปาล์ม 69 '!E42 -> 103 | D15: ='จน.ปาล์ม 69 '!F42 -> 2792 | E15: =ROUND(C15*B15,0) -> 103 | F15: =ROUND(D15*B15,0) -> 2792 | G15: =$G$3 -> 5 | H15: =ROUND(G15*F15,0) -> 13960
A16: รวมค่าแรงแปลงพันไร่ | H16: =SUM(H15:H15) -> 13960
A17: 49-A10-R | B17: 1 | C17: 111 | D17: 2785 | E17: =ROUND(C17*B17,0) -> 111 | F17: =ROUND(D17*B17,0) -> 2785 | G17: =$G$3 -> 5 | H17: =ROUND(G17*F17,0) -> 13925
A18: 50-A04 | B18: 1 | C18: 195 | D18: 4864 | E18: =ROUND(C18*B18,0) -> 195 | F18: =ROUND(D18*B18,0) -> 4864 | G18: =$G$3 -> 5 | H18: =ROUND(G18*F18,0) -> 24320
A19: รวมค่าแรงแปลงกะเปา | H19: =SUM(H17:H18) -> 38245
A20: รวมค่าแรงถางป่าพร้อมทายากาลอนปาล์มตอนล่าง 49-52 | H20: =H19+H16 -> 52205
A21: รวมค่าแรงถางป่าพร้อมทายากาลอนปาล์ม 49-52 | H21: =H20+H13 -> 144010
A22: ปาล์มปี 56
A23: ตอนบน
A24: 56-T08-R | B24: 1 | C24: 113 | D24: 2816 | E24: =ROUND(C24*B24,0) -> 113 | F24: =ROUND(D24*B24,0) -> 2816 | G24: =$G$3 -> 5 | H24: =ROUND(G24*F24,0) -> 14080
A25: 56-T08 | B25: 1 | C25: 9 | D25: 213 | E25: =ROUND(C25*B25,0) -> 9 | F25: =ROUND(D25*B25,0) -> 213 | G25: =$G$3 -> 5 | H25: =ROUND(G25*F25,0) -> 1065
A26: 56-T19-R | B26: 1 | C26: 128 | D26: 3199 | E26: =ROUND(C26*B26,0) -> 128 | F26: =ROUND(D26*B26,0) -> 3199 | G26: =$G$3 -> 5 | H26: =ROUND(G26*F26,0) -> 15995
A27: 56-T21-R | B27: 1 | C27: 121 | D27: 3015 | E27: =ROUND(C27*B27,0) -> 121 | F27: =ROUND(D27*B27,0) -> 3015 | G27: =$G$3 -> 5 | H27: =ROUND(G27*F27,0) -> 15075
A28: 56-T28-R | B28: 1 | C28: 56 | D28: 1403 | E28: =ROUND(C28*B28,0) -> 56 | F28: =ROUND(D28*B28,0) -> 1403 | G28: =$G$3 -> 5 | H28: =ROUND(G28*F28,0) -> 7015
A29: รวมค่าแรงแปลงตะกุก | H29: =SUM(H24:H28) -> 53230
A30: รวมค่าแรงถางป่าพร้อมทายากาลอนปาล์มตอนบน 49-52 | H30: =H29 -> 53230
A31: ตอนล่าง
A32: 56-C10-R | B32: 1 | C32: ='จน.ปาล์ม 69 '!E67 -> 124 | D32: ='จน.ปาล์ม 69 '!F67 -> 3106 | E32: =ROUND(C32*B32,0) -> 124 | F32: =ROUND(D32*B32,0) -> 3106 | G32: =$G$3 -> 5 | H32: =ROUND(G32*F32,0) -> 15530
A33: รวมค่าแรงแปลงพันไร่ | H33: =SUM(H32) -> 15530
A34: 56-A01 | B34: 1 | C34: ='จน.ปาล์ม 69 '!E71 -> 78 | D34: ='จน.ปาล์ม 69 '!F71 -> 1950 | E34: =ROUND(C34*B34,0) -> 78 | F34: =ROUND(D34*B34,0) -> 1950 | G34: =$G$3 -> 5 | H34: =ROUND(G34*F34,0) -> 9750
A35: รวมค่าแรงแปลงกะเปา | H35: =SUM(H34:H34) -> 9750
A36: รวมค่าแรงถางป่าพร้อมทายากาลอนปาล์มตอนล่าง 56 | H36: =H35+H33 -> 25280
A37: รวมปาล์มปี 56 | H37: =H30+H36 -> 78510
A38: ปาล์มปี 57
A39: ตอนบน
A40: 57-B03 | B40: 1 | C40: ='จน.ปาล์ม 69 '!E59 -> 169 | D40: ='จน.ปาล์ม 69 '!F59 -> 4231 | E40: =ROUND(C40*B40,0) -> 169 | F40: =ROUND(D40*B40,0) -> 4231 | G40: =$G$3 -> 5 | H40: =ROUND(G40*F40,0) -> 21155
A41: 57-B12 | B41: 1 | C41: ='จน.ปาล์ม 69 '!E60 -> 171 | D41: ='จน.ปาล์ม 69 '!F60 -> 4265 | E41: =ROUND(C41*B41,0) -> 171 | F41: =ROUND(D41*B41,0) -> 4265 | G41: =$G$3 -> 5 | H41: =ROUND(G41*F41,0) -> 21325
A42: 57-B14 | B42: 1 | C42: ='จน.ปาล์ม 69 '!E61 -> 67 | D42: ='จน.ปาล์ม 69 '!F61 -> 1663 | E42: =ROUND(C42*B42,0) -> 67 | F42: =ROUND(D42*B42,0) -> 1663 | G42: =$G$3 -> 5 | H42: =ROUND(G42*F42,0) -> 8315
A43: รวมบางกัน | H43: =SUM(H40:H42) -> 50795
A44: ตอนล่าง
A45: ='จน.ปาล์ม 69 '!D74 -> 57-A08-R | B45: 1 | C45: ='จน.ปาล์ม 69 '!E74 -> 172 | D45: ='จน.ปาล์ม 69 '!F74 -> 4308 | E45: =ROUND(C45*B45,0) -> 172 | F45: =ROUND(D45*B45,0) -> 4308 | G45: =$G$3 -> 5 | H45: =ROUND(G45*F45,0) -> 21540
A46: ='จน.ปาล์ม 69 '!D75 -> 57-A09-R | B46: 1 | C46: ='จน.ปาล์ม 69 '!E75 -> 154 | D46: ='จน.ปาล์ม 69 '!F75 -> 3861 | E46: =ROUND(C46*B46,0) -> 154 | F46: =ROUND(D46*B46,0) -> 3861 | G46: =$G$3 -> 5 | H46: =ROUND(G46*F46,0) -> 19305
A47: รวมกะเปา | H47: =SUM(H45:H46) -> 40845
A48: รวมค่าแรงถางป่าพร้อมทายากาลอน ปาล์มปี 57 | H48: =H47+H43 -> 91640
A49: ปาล์มปี 58
A50: 58-T09-R | B50: 1 | C50: ='จน.ปาล์ม 69 '!E53 -> 117 | D50: ='จน.ปาล์ม 69 '!F53 -> 2934 | E50: =ROUND(C50*B50,0) -> 117 | F50: =ROUND(D50*B50,0) -> 2934 | G50: =$G$3 -> 5 | H50: =ROUND(G50*F50,0) -> 14670
A51: 58-T13-R | B51: 1 | C51: ='จน.ปาล์ม 69 '!E55 -> 115 | D51: ='จน.ปาล์ม 69 '!F55 -> 2864 | E51: =ROUND(C51*B51,0) -> 115 | F51: =ROUND(D51*B51,0) -> 2864 | G51: =$G$3 -> 5 | H51: =ROUND(G51*F51,0) -> 14320
A52: 58-T17-R | B52: 1 | C52: ='จน.ปาล์ม 69 '!E56 -> 128 | D52: ='จน.ปาล์ม 69 '!F56 -> 2825 | E52: =ROUND(C52*B52,0) -> 128 | F52: =ROUND(D52*B52,0) -> 2825 | G52: =$G$3 -> 5 | H52: =ROUND(G52*F52,0) -> 14125
A53: รวมค่าแรงถางป่าพร้อมทายากาลอนปาล์ม ปี58 | H53: =SUM(H50:H52) -> 43115
A54: ปาล์มปี 59
A55: ='จน.ปาล์ม 69 '!D90 -> 59-C08-R | B55: 1 | C55: ='จน.ปาล์ม 69 '!E90 -> 116 | D55: ='จน.ปาล์ม 69 '!F90 -> 2888 | E55: =ROUND(C55*B55,0) -> 116 | F55: =ROUND(D55*B55,0) -> 2888 | G55: =$G$3 -> 5 | H55: =ROUND(G55*F55,0) -> 14440
A56: ='จน.ปาล์ม 69 '!D92 -> 59-C11-R | B56: 1 | C56: ='จน.ปาล์ม 69 '!E92 -> 92 | D56: ='จน.ปาล์ม 69 '!F92 -> 2291 | E56: =ROUND(C56*B56,0) -> 92 | F56: =ROUND(D56*B56,0) -> 2291 | G56: =$G$3 -> 5 | H56: =ROUND(G56*F56,0) -> 11455
A57: รวมค่าแรงถางป่าพร้อมทายากาลอนปาล์ม ปี 59 | H57: =SUM(H55:H56) -> 25895
A58: ปาล์มปี 60
A59: ตอนบน
A60: 60-B04 | B60: 1 | C60: 154 | D60: 3851 | E60: =ROUND(C60*B60,0) -> 154 | F60: =ROUND(D60*B60,0) -> 3851 | G60: =$G$3 -> 5 | H60: =ROUND(G60*F60,0) -> 19255
A61: 60-B08 | B61: 1 | C61: 139 | D61: 3476 | E61: =ROUND(C61*B61,0) -> 139 | F61: =ROUND(D61*B61,0) -> 3476 | G61: =$G$3 -> 5 | H61: =ROUND(G61*F61,0) -> 17380
A62: 60-B09 | B62: 1 | C62: 165 | D62: 4127 | E62: =ROUND(C62*B62,0) -> 165 | F62: =ROUND(D62*B62,0) -> 4127 | G62: =$G$3 -> 5 | H62: =ROUND(G62*F62,0) -> 20635
A63: รวมค่าแรงถางป่าพร้อมทายากาลอนปาล์มปี 60 ตอนบน | H63: =SUM(H60:H62) -> 57270
A64: ตอนล่าง
A65: 60-C01-R | B65: 1 | C65: 108 | D65: 2707 | E65: =ROUND(C65*B65,0) -> 108 | F65: =ROUND(D65*B65,0) -> 2707 | G65: =$G$3 -> 5 | H65: =ROUND(G65*F65,0) -> 13535
A66: 60-C05-R | B66: 1 | C66: 29 | D66: 720 | E66: =ROUND(C66*B66,0) -> 29 | F66: =ROUND(D66*B66,0) -> 720 | G66: =$G$3 -> 5 | H66: =ROUND(G66*F66,0) -> 3600
A67: รวมค่าแรงถางป่าพร้อมทายากาลอนปาล์มปี 60 ตอนล่าง | H67: =SUM(H65:H66) -> 17135
A68: รวมค่าแรงถางป่าพร้อมทายากาลอนปาล์ม ปี 60 | H68: =H67+H63 -> 74405
A69: ปาล์มปี 63
A70: ตอนล่าง
A71: 63-A01-R | B71: 1 | C71: 24 | D71: 534 | E71: =ROUND(C71*B71,0) -> 24 | F71: =ROUND(D71*B71,0) -> 534 | G71: =$G$3 -> 5 | H71: =ROUND(G71*F71,0) -> 2670
A72: 63-A03-R | B72: 1 | C72: 39 | D72: 980 | E72: =ROUND(C72*B72,0) -> 39 | F72: =ROUND(D72*B72,0) -> 980 | G72: =$G$3 -> 5 | H72: =ROUND(G72*F72,0) -> 4900
A73: รวมค่าแรงถางป่าพร้อมทายากาลอนปาล์ม ปี 63 ตอนล่าง | H73: =SUM(H71:H72) -> 7570
A74: รวมค่าแรงถางป่าพร้อมทายากาลอนปาล์มปี 63 | H74: =H73 -> 7570
A75: ปาล์มปี 66
A76: ตอนล่าง
A77: 66-PU2 | B77: 1 | C77: ='จน.ปาล์ม 69 '!E156 -> 90 | D77: ='จน.ปาล์ม 69 '!F156 -> 1970 | E77: =ROUND(C77*B77,0) -> 90 | F77: =ROUND(D77*B77,0) -> 1970 | G77: =$G$3 -> 5 | H77: =ROUND(G77*F77,0) -> 9850
A78: รวมค่าแรงถางป่าพร้อมทายากาลอนปาล์ม ปี 66 | H78: =SUM(H77:H77) -> 9850
A79: ปาล์มปี 67
A80: ตอนบน (ปลูกแซม)
A81: 67-T10 | B81: 1 | C81: 3 | D81: 61 | E81: =ROUND(C81*B81,0) -> 3 | F81: =ROUND(D81*B81,0) -> 61 | G81: =$G$3 -> 5 | H81: =ROUND(G81*F81,0) -> 305
A82: 67-T18 | B82: 1 | C82: 8 | D82: 171 | E82: =ROUND(C82*B82,0) -> 8 | F82: =ROUND(D82*B82,0) -> 171 | G82: =$G$3 -> 5 | H82: =ROUND(G82*F82,0) -> 855
A83: 67-T21 | B83: 1 | C83: 11 | D83: 241 | E83: =ROUND(C83*B83,0) -> 11 | F83: =ROUND(D83*B83,0) -> 241 | G83: =$G$3 -> 5 | H83: =ROUND(G83*F83,0) -> 1205
A84: รวมค่าแรงถางป่าพร้อมทายากาลอน ปาล์ม ปี 67 | H84: =SUM(H81:H83) -> 2365
A85: ปาล์มปี 68
A86: ตอนล่าง
A87: 68-PU1 | B87: 1 | C87: 86 | D87: 1892 | E87: =ROUND(C87*B87,0) -> 86 | F87: =ROUND(D87*B87,0) -> 1892 | G87: =$G$3 -> 5 | H87: =ROUND(G87*F87,0) -> 9460
A88: 68-PU3 | B88: 1 | C88: 77 | D88: 1686 | E88: =ROUND(C88*B88,0) -> 77 | F88: =ROUND(D88*B88,0) -> 1686 | G88: =$G$3 -> 5 | H88: =ROUND(G88*F88,0) -> 8430
A89: รวมค่าแรงถางป่าพร้อมทายากาลอน ปาล์ม ปี 68 | H89: =SUM(H87:H88) -> 17890
A90: รวมค่าแรงถางป่าพร้อมทายากาลอน ปาล์ม ปี 68 | H90: =H89 -> 17890

Sheet ถากโคน 69
A1: ค่าใช้จ่ายในการถากโคน 2569
A2: บล็อก | B2: ไร่ | C2: ต้น | D2: ค่าแรงถากโคน (บาท/ต้น) | E2: จำนวน(ครั้ง/ปี) | H2: สูตรการคำนวณ : ค่าแรงถากโคน = (จำนวนต้นในพื้นที่ต้องการถางป่า * ค่าแรง*จำนวนครั้ง)
E3: ตอนบน
E4: ครั้งที่ 1 | F4: ค่าใช้จ่าย (บาท)
A5: ปาล์มปี 67
A6: ตอนบน
A7: 67-T10 | B7: 3 | C7: 61 | D7: 3.5 | E7: 1 | F7: =ROUND(+D7*C7*E7,0) -> 214
A8: 67-T18 | B8: 8 | C8: 171 | D8: 3.5 | E8: 1 | F8: =ROUND(+D8*C8*E8,0) -> 599
A9: 67-T21 | B9: 11 | C9: 241 | D9: 3.5 | E9: 1 | F9: =ROUND(+D9*C9*E9,0) -> 844
A10: 67-T29 | B10: 140 | C10: 3070 | D10: 3.5 | E10: 1 | F10: =ROUND(+D10*C10*E10,0) -> 10745
A11: 67-T30 | B11: 149 | C11: 3270 | D11: 3.5 | E11: 1 | F11: =ROUND(+D11*C11*E11,0) -> 11445
A12: รวมปาล์มปี 67 ตอนบน | F12: =F7+F8+F9+F10+F11 -> 23847
A13: ตอนล่าง
A14: 67-P01-R | B14: 99 | C14: 2167 | D14: 3.5 | E14: 1 | F14: =ROUND(+D14*C14*E14,0) -> 7585
A15: 67-P02-R | B15: 105 | C15: 2320 | D15: 3.5 | E15: 1 | F15: =ROUND(+D15*C15*E15,0) -> 8120
A16: 67-D06-R | B16: 130 | C16: 2865 | D16: 3.5 | E16: 1 | F16: =ROUND(+D16*C16*E16,0) -> 10028
A17: รวมปาล์มปี 67 ตอนล่าง | F17: =F14+F15+F16 -> 25733
A18: รวมค่าใช้จ่ายถากโคน ปาล์มปี 67 | F18: =F17+F12 -> 49580
A19: ปาล์มปี 68
A20: ตอนบน
A21: 68-T01 | B21: 144 | C21: 3171 | D21: 3.5 | E21: 1 | F21: =ROUND(+D21*C21*E21,0) -> 11099
A22: 68-T02 | B22: 134 | C22: 2950 | D22: 3.5 | E22: 1 | F22: =ROUND(+D22*C22*E22,0) -> 10325
A23: รวมตอนบน | F23: =F21+F22 -> 21424
A24: ตอนล่าง
A25: 68-PU1 | B25: 86 | C25: 1892 | D25: 3.5 | E25: 1 | F25: =ROUND(+D25*C25*E25,0) -> 6622
A26: 68-PU3 | B26: 77 | C26: 1686 | D26: 3.5 | E26: 1 | F26: =ROUND(+D26*C26*E26,0) -> 5901
A27: 68-PU4 | B27: 63 | C27: 1380 | D27: 3.5 | E27: 1 | F27: =ROUND(+D27*C27*E27,0) -> 4830
A28: 68-PU5-R | B28: 53 | C28: 1168 | D28: 3.5 | E28: 1 | F28: =ROUND(+D28*C28*E28,0) -> 4088
A29: 68-PU5 | B29: 34 | C29: 751 | D29: 3.5 | E29: 1 | F29: =ROUND(+D29*C29*E29,0) -> 2629
A30: 68-PU6-R | B30: 70 | C30: 1547 | D30: 3.5 | E30: 1 | F30: =ROUND(+D30*C30*E30,0) -> 5415
A31: 68-PU6 | B31: 7 | C31: 145 | D31: 3.5 | E31: 1 | F31: =ROUND(+D31*C31*E31,0) -> 508
A32: รวมตอนล่าง | F32: =F31+F30+F29+F28+F27+F26+F25 -> 29993
A33: รวมค่าใช้จ่ายถากโคน ปาล์มปี 68 | F33: =F23+F32 -> 51417
A34: รวมค่าใช้จ่ายถากโคนทั้งหมด | F34: =F33+F18 -> 100997

Sheet ตัดหญ้า 69
B1: ค่าตัดหญ้า
B2: บล็อก | C2: ไร่ | D2: ต้น | E2: จำนวนไร่ของพื้นที่ทั้งหมด | F2: จำนวนต้นของพื้นที่ทั้งหมด | G2: ค่าแรงตัดหญ้า(บาท/ไร่) | H2: จำนวน(ครั้ง/ปี)
H3: ตอนบน | L3: ตอนล่าง | S3: สูตรการคำนวณ : ค่าแรงตัดหญ้า/ไร่ = (จำนวนต้นในพื้นที่ต้องการตัดหญ้า * ค่าแรง*จำนวนครั้ง)
H4: ครั้งที่1 | I4: บาท | J4: ครั้งที่2 | K4: บาท | L4: ครั้งที่1 | M4: บาท | N4: ครั้งที่2 | O4: บาท | P4: ครั้งที่3 | Q4: บาท
B5: ปาล์มใหญ่
B6: ตอนล่าง
B7: R-22-C5 | C7: 8 | D7: 184 | E7: =+C7*100% -> 8 | F7: =D7*100% -> 184 | G7: 5 | H7: 0 | I7: 0 | J7: =0 -> 0 | K7: =0 -> 0 | L7: 1 | M7: =C7*G7 -> 40 | N7: 0 | O7: 0 | P7: 0 | Q7: 0
B8: รวมตอนล่าง | C8: =C7 -> 8 | D8: =D7 -> 184 | E8: =SUM(E7:E7) -> 8 | F8: =SUM(F7:F7) -> 184 | H8: =SUM(H7:H7) -> 0 | I8: =SUM(I7:I7) -> 0 | J8: =J7 -> 0 | K8: =K7 -> 0 | M8: =M7 -> 40 | N8: =SUM(N7:N7) -> 0 | O8: =SUM(O7:O7) -> 0 | P8: =SUM(P7:P7) -> 0 | Q8: =SUM(Q7:Q7) -> 0
B9: ปาล์มกลาง 49-52
B10: ตอนบน
B11: 50-T10-R | C11: 115 | D11: 2872 | E11: =+C11*100% -> 115 | F11: =D11*80% -> 2297.6 | G11: 5 | H11: 1 | I11: =C11*G11 -> 575 | J11: =0 -> 0 | K11: =0 -> 0 | L11: 0 | M11: 0 | N11: =0 -> 0 | O11: =0 -> 0 | P11: =0 -> 0 | Q11: =0 -> 0
B12: รวมตอนบน | C12: =SUM(C11:C11) -> 115 | D12: =SUM(D11:D11) -> 2872 | E12: =SUM(E11:E11) -> 115 | F12: =SUM(F11:F11) -> 2297.6 | I12: =SUM(I11:I11) -> 575 | J12: =J11 -> 0 | K12: =K11 -> 0
B13: ปาล์มปี 55
B14: ตอนล่าง
B15: 55-P07-R | C15: 4 | D15: 93 | E15: =+C15*100% -> 4 | F15: =D15*100% -> 93 | G15: 5 | H15: 0 | I15: 0 | J15: =0 -> 0 | L15: 1 | M15: =C15*G15 -> 20 | N15: =0 -> 0 | O15: =0 -> 0 | P15: =0 -> 0 | Q15: =0 -> 0
B16: รวมตอนล่าง | C16: =C15 -> 4 | D16: =D15 -> 93 | E16: =E15 -> 4 | F16: =F15 -> 93 | H16: =H15 -> 0 | I16: =I15 -> 0 | J16: =J15 -> 0 | K16: =K15 -> 0 | M16: =M15 -> 20 | N16: =N15 -> 0 | O16: =0 -> 0 | P16: =P15 -> 0 | Q16: =0 -> 0
B17: ปาล์มปี 56
B18: ตอนบน
B19: 56-T08-R | C19: 113 | D19: 2816 | E19: =+C19*100% -> 113 | F19: =D19*100% -> 2816 | G19: 5 | H19: 1 | I19: =+G19*C19*H19 -> 565 | J19: 0 | K19: =0 -> 0 | L19: 0 | M19: 0 | N19: 0 | O19: 0 | P19: 0 | Q19: 0
B20: 56-T08 | C20: 9 | D20: 213 | E20: =+C20*100% -> 9 | F20: =D20*100% -> 213 | G20: 5 | H20: 1 | I20: =+G20*C20*H20 -> 45 | J20: =0 -> 0 | K20: =0 -> 0 | L20: 0 | M20: 0 | N20: 0 | O20: 0 | P20: 0 | Q20: 0
B21: 56-T19-R | C21: 128 | D21: 3199 | E21: =+C21*100% -> 128 | F21: =D21*100% -> 3199 | G21: 5 | H21: 1 | I21: =+G21*C21*H21 -> 640 | J21: =0 -> 0 | K21: =0 -> 0 | L21: 0 | M21: 0 | N21: 0 | O21: 0 | P21: 0 | Q21: 0
B22: 56-T21-R | C22: 121 | D22: 3015 | E22: =+C22*100% -> 121 | F22: =D22*100% -> 3015 | G22: 5 | H22: 1 | I22: =+G22*C22*H22 -> 605 | J22: =0 -> 0 | K22: =0 -> 0 | L22: 0 | M22: 0 | N22: 0 | O22: 0 | P22: 0 | Q22: 0
B23: 56-T28-R | C23: 56 | D23: 1403 | E23: =+C23*100% -> 56 | F23: =D23*100% -> 1403 | G23: 5 | H23: 1 | I23: =+G23*C23*H23 -> 280 | J23: =0 -> 0 | K23: =0 -> 0 | L23: 0 | M23: 0 | N23: 0 | O23: 0 | P23: 0 | Q23: 0
B24: รวมตอนบน | C24: =SUM(C19:C23) -> 427 | D24: =SUM(D19:D23) -> 10646 | E24: =SUM(E19:E23) -> 427 | F24: =SUM(F19:F23) -> 10646 | I24: =SUM(I19:I23) -> 2135 | J24: =0 -> 0 | K24: =SUM(K19:K23) -> 0
B25: ปาล์มปี 57
B26: ตอนบน
B27: 57-B03 | C27: 169 | D27: 4231 | E27: =+C27*100% -> 169 | F27: =D27*100% -> 4231 | G27: 5 | H27: 1 | I27: =+G27*C27*H27 -> 845 | J27: =0 -> 0 | K27: =+G27*C27*J27 -> 0 | L27: 0 | M27: 0 | N27: 0 | O27: 0 | P27: 0 | Q27: 0
B28: 57-B12 | C28: 171 | D28: 4265 | E28: =+C28*100% -> 171 | F28: =D28*100% -> 4265 | G28: 5 | H28: 1 | I28: =+G28*C28*H28 -> 855 | J28: =0 -> 0 | K28: =+G28*C28*J28 -> 0 | L28: =0 -> 0 | M28: =0 -> 0 | N28: =0 -> 0 | O28: =0 -> 0 | P28: =0 -> 0 | Q28: =0 -> 0
B29: 57-B14 | C29: 67 | D29: 1663 | E29: =+C29*100% -> 67 | F29: =D29*100% -> 1663 | G29: 5 | H29: 1 | I29: =+G29*C29*H29 -> 335 | J29: =0 -> 0 | K29: =+G29*C29*J29 -> 0 | L29: 0 | M29: 0 | N29: =0 -> 0 | O29: 0 | P29: =0 -> 0 | Q29: 0
B30: รวมตอนบน | C30: =SUM(C27:C29) -> 407 | D30: =SUM(D27:D29) -> 10159 | E30: =SUM(E27:E29) -> 407 | F30: =SUM(F27:F29) -> 10159 | I30: =SUM(I27:I29) -> 2035 | K30: =SUM(K27:K29) -> 0
B31: ปาล์มปี 58
B32: ตอนบน
B33: 58-T09-R | C33: 117 | D33: 2934 | E33: =+C33*100% -> 117 | F33: =D33*100% -> 2934 | G33: 5 | H33: 1 | I33: =+G33*C33*H33 -> 585 | J33: =0 -> 0 | K33: =0 -> 0 | L33: 0 | M33: 0 | N33: 0 | O33: 0 | P33: 0 | Q33: 0
B34: 58-T11-R | C34: 116 | D34: 2903 | E34: =+C34*100% -> 116 | F34: =D34*100% -> 2903 | G34: 5 | H34: 1 | I34: =+G34*C34*H34 -> 580 | J34: =0 -> 0 | K34: =0 -> 0 | L34: 0 | M34: 0 | N34: 0 | O34: 0 | P34: 0 | Q34: 0
B35: 58-T13-R | C35: 115 | D35: 2864 | E35: =+C35*100% -> 115 | F35: =D35*100% -> 2864 | G35: 5 | H35: 1 | I35: =+G35*C35*H35 -> 575 | J35: =0 -> 0 | K35: =0 -> 0 | L35: 0 | M35: 0 | N35: 0 | O35: 0 | P35: 0 | Q35: 0
B36: 58-T17-R | C36: 128 | D36: 2825 | E36: =+C36*100% -> 128 | F36: =D36*100% -> 2825 | G36: 5 | H36: 1 | I36: =+G36*C36*H36 -> 640 | J36: =0 -> 0 | K36: =0 -> 0 | L36: 0 | M36: 0 | N36: 0 | O36: 0 | P36: 0 | Q36: 0
B37: 58-T18-R | C37: 129 | D37: 2843 | E37: =+C37*100% -> 129 | F37: =D37*100% -> 2843 | G37: 5 | H37: 1 | I37: =+G37*C37*H37 -> 645 | J37: =0 -> 0 | K37: =0 -> 0 | L37: 0 | M37: 0 | N37: 0 | O37: 0 | P37: 0 | Q37: 0
B38: รวมตอนบน | C38: =SUM(C33:C37) -> 605 | D38: =SUM(D33:D37) -> 14369 | E38: =SUM(E33:E37) -> 605 | F38: =SUM(F33:F37) -> 14369 | I38: =SUM(I33:I37) -> 3025 | J38: =SUM(J33:J37) -> 0 | K38: =SUM(K33:K37) -> 0 | L38: =SUM(L33:L37) -> 0 | M38: =SUM(M33:M37) -> 0 | N38: =SUM(N33:N37) -> 0 | O38: =SUM(O33:O37) -> 0 | P38: =SUM(P33:P37) -> 0 | Q38: =SUM(Q33:Q37) -> 0
B39: ปาล์มปี 60
B40: ตอนบน
B41: 60-B04 | C41: 154 | D41: 3851 | E41: =+C41*100% -> 154 | F41: =D41*100% -> 3851 | G41: 5 | H41: 1 | I41: =+G41*C41*H41 -> 770 | J41: =0 -> 0 | K41: =0 -> 0 | L41: 0 | M41: 0 | N41: 0 | O41: 0 | P41: 0 | Q41: 0
B42: 60-B08 | C42: 139 | D42: 3476 | E42: =+C42*100% -> 139 | F42: =D42*100% -> 3476 | G42: 5 | H42: 1 | I42: =+G42*C42*H42 -> 695 | J42: =0 -> 0 | K42: =0 -> 0 | L42: 0 | M42: 0 | N42: 0 | O42: 0 | P42: 0 | Q42: 0
B43: 60-B09 | C43: 165 | D43: 4127 | E43: =+C43*100% -> 165 | F43: =D43*100% -> 4127 | G43: 5 | H43: 1 | I43: =+G43*C43*H43 -> 825 | J43: =0 -> 0 | K43: =0 -> 0 | L43: 0 | M43: 0 | N43: 0 | O43: 0 | P43: 0 | Q43: 0
B44: รวมตอนบน | C44: =SUM(C41:C43) -> 458 | D44: =SUM(D41:D43) -> 11454 | E44: =SUM(E41:E43) -> 458 | F44: =SUM(F41:F43) -> 11454 | I44: =SUM(I41:I43) -> 2290 | J44: =SUM(J41:J43) -> 0 | K44: =SUM(K41:K43) -> 0 | L44: =SUM(L41:L43) -> 0 | M44: =SUM(M41:M43) -> 0 | N44: =SUM(N41:N43) -> 0 | O44: =SUM(O41:O43) -> 0 | P44: =SUM(P41:P43) -> 0 | Q44: =SUM(Q41:Q43) -> 0
B45: ตอนล่าง
B46: 60-C01-R | C46: 108 | D46: 2707 | E46: =+C46*100% -> 108 | F46: =D46*100% -> 2707 | G46: 5 | J46: =0 -> 0 | K46: =0 -> 0 | L46: 1 | M46: =+G46*C46*L46 -> 540 | N46: 0 | O46: 0 | P46: 0 | Q46: 0
B47: 60-C02-R | C47: 85 | D47: 2132 | E47: =+C47*100% -> 85 | F47: =D47*100% -> 2132 | G47: 5 | J47: =0 -> 0 | K47: =0 -> 0 | L47: 1 | M47: =+G47*C47*L47 -> 425 | N47: 0 | O47: 0 | P47: 0 | Q47: 0
B48: 60-C05-R | C48: 29 | D48: 720 | E48: =+C48*100% -> 29 | F48: =D48*100% -> 720 | G48: 5 | J48: =0 -> 0 | K48: =0 -> 0 | L48: 1 | M48: =+G48*C48*L48 -> 145 | N48: 0 | O48: 0 | P48: 0 | Q48: 0
B49: 60-A06 | C49: 142 | D49: 3259 | E49: =+C49*100% -> 142 | F49: =D49*100% -> 3259 | G49: 5 | J49: =0 -> 0 | K49: =0 -> 0 | L49: 1 | M49: =+G49*C49*L49 -> 710 | N49: 0 | O49: 0 | P49: 0 | Q49: 0
B50: รวมตอนล่าง | C50: =SUM(C46:C49) -> 364 | D50: =SUM(D46:D49) -> 8818 | E50: =SUM(E46:E49) -> 364 | F50: =SUM(F46:F49) -> 8818 | J50: =SUM(J46:J48) -> 0 | K50: =SUM(K46:K48) -> 0 | L50: =0 -> 0 | M50: =SUM(M46:M49) -> 1820 | N50: =SUM(N46:N48) -> 0 | O50: =SUM(O46:O48) -> 0 | P50: =SUM(P46:P48) -> 0 | Q50: =SUM(Q46:Q48) -> 0
B51: ปาล์มปี 63
B52: ตอนบน
B53: 63-T05-R | C53: 121 | D53: 3037 | E53: =+C53*100% -> 121 | F53: =D53*100% -> 3037 | G53: 5 | H53: 1 | I53: =+G53*E53*H53 -> 605 | J53: 1 | K53: =+G53*E53*J53 -> 605 | L53: 0 | M53: 0 | N53: 0 | O53: 0 | P53: 0 | Q53: 0
B54: 63-T22-R | C54: 38 | D54: 842 | E54: =+C54*100% -> 38 | F54: =D54*100% -> 842 | G54: 5 | H54: 1 | I54: =+G54*E54*H54 -> 190 | J54: 1 | K54: =+G54*E54*J54 -> 190 | L54: 0 | M54: 0 | N54: 0 | O54: 0 | P54: 0 | Q54: 0
B55: 63-T23-R | C55: 38 | D55: 844 | E55: =+C55*100% -> 38 | F55: =D55*100% -> 844 | G55: 5 | H55: 1 | I55: =+G55*C55*H55 -> 190 | J55: 1 | K55: =+G55*E55*J55 -> 190 | L55: 0 | M55: 0 | N55: 0 | O55: 0 | P55: 0 | Q55: 0
B56: รวมตอนบน | C56: =SUM(C53:C55) -> 197 | D56: =SUM(D53:D55) -> 4723 | E56: =SUM(E53:E55) -> 197 | F56: =SUM(F53:F55) -> 4723 | I56: =SUM(I53:I55) -> 985 | J56: =0 -> 0 | K56: =SUM(K53:K55) -> 985 | L56: =SUM(L53:L55) -> 0 | M56: =SUM(M53:M55) -> 0 | N56: =SUM(N53:N55) -> 0 | O56: =SUM(O53:O55) -> 0 | P56: =SUM(P53:P55) -> 0 | Q56: =SUM(Q53:Q55) -> 0 | R56: =K56+I56 -> 1970
B57: ตอนล่าง
B58: 63-A01-R | C58: 24 | D58: 534 | E58: =+C58*100% -> 24 | F58: =D58*100% -> 534 | G58: 5 | H58: =0 -> 0 | L58: 1 | M58: =+E58*G58*L58 -> 120 | N58: 1 | O58: =+G58*E58*N58 -> 120 | P58: 1 | Q58: =+I58*G58*P58 -> 0
B59: 63-A03-R | C59: 39 | D59: 980 | E59: =+C59*100% -> 39 | F59: =D59*100% -> 980 | G59: 5 | H59: =0 -> 0 | L59: 1 | M59: =+E59*G59*L59 -> 195 | N59: 1 | O59: =+G59*E59*N59 -> 195 | P59: 1 | Q59: =+I59*G59*P59 -> 0
B60: 63-A07-R | C60: 14 | D60: 309 | E60: =+C60*100% -> 14 | F60: =D60*100% -> 309 | G60: 5 | H60: =0 -> 0 | L60: 1 | M60: =+E60*G60*L60 -> 70 | N60: 1 | O60: =+G60*E60*N60 -> 70 | P60: 1 | Q60: =+I60*G60*P60 -> 0
B61: 63-A07 | C61: 109 | D61: 2388 | E61: =+C61*100% -> 109 | F61: =D61*100% -> 2388 | G61: 5 | H61: =0 -> 0 | L61: 1 | M61: =+E61*G61*L61 -> 545 | N61: 1 | O61: =+G61*E61*N61 -> 545 | P61: 1 | Q61: =+I61*G61*P61 -> 0
B62: 63-D08-R | C62: 108 | D62: 2365 | E62: =+C62*100% -> 108 | F62: =D62*100% -> 2365 | G62: 5 | H62: =0 -> 0 | L62: 1 | M62: =+E62*G62*L62 -> 540 | N62: 1 | O62: =+G62*E62*N62 -> 540 | P62: 1 | Q62: =+I62*G62*P62 -> 0
B63: รวมตอนล่าง | C63: =SUM(C58:C62) -> 294 | D63: =SUM(D58:D62) -> 6576 | E63: =SUM(E58:E62) -> 294 | F63: =SUM(F58:F62) -> 6576 | H63: =0 -> 0 | J63: =SUM(J58:J62) -> 0 | K63: =SUM(K58:K62) -> 0 | L63: =0 -> 0 | M63: =SUM(M58:M62) -> 1470 | N63: =0 -> 0 | O63: =SUM(O58:O62) -> 1470 | P63: =0 -> 0 | Q63: =SUM(Q58:Q62) -> 0 | R63: =O63+M63 -> 2940
B64: ปาล์มปี 64
B65: ตอนบน
B66: 64-B02 | C66: 158 | D66: 3480 | E66: =+C66*100% -> 158 | F66: =D66*100% -> 3480 | G66: 5 | H66: 1 | I66: =+G66*E66*H66 -> 790 | J66: 1 | K66: =+G66*E66*J66 -> 790 | L66: 0 | M66: 0 | N66: 0 | O66: 0 | P66: 0 | Q66: 0
B67: 64-B05 | C67: 143 | D67: 3140 | E67: =+C67*100% -> 143 | F67: =D67*100% -> 3140 | G67: 5 | H67: 1 | I67: =+G67*E67*H67 -> 715 | J67: 1 | K67: =+G67*E67*J67 -> 715 | L67: 0 | M67: 0 | N67: 0 | O67: 0 | P67: 0 | Q67: 0
B68: 64-B06 | C68: 167 | D68: 3671 | E68: =+C68*100% -> 167 | F68: =D68*100% -> 3671 | G68: 5 | H68: 1 | I68: =+G68*E68*H68 -> 835 | J68: 1 | K68: =+G68*E68*J68 -> 835 | L68: 0 | M68: 0 | N68: 0 | O68: 0 | P68: 0 | Q68: 0
B69: รวมตอนบน | C69: =SUM(C66:C68) -> 468 | D69: =SUM(D66:D68) -> 10291 | E69: =SUM(E66:E68) -> 468 | F69: =SUM(F66:F68) -> 10291 | I69: =SUM(I66:I68) -> 2340 | J69: =0 -> 0 | K69: =SUM(K66:K68) -> 2340 | L69: =SUM(L66:L68) -> 0 | M69: =SUM(M66:M68) -> 0 | N69: =SUM(N66:N68) -> 0 | O69: =SUM(O66:O68) -> 0 | P69: =SUM(P66:P68) -> 0 | Q69: =SUM(Q66:Q68) -> 0 | R69: =K69+I69 -> 4680
B70: ตอนล่าง
B71: 64-P06-R | C71: 131 | D71: 2886 | E71: =+C71*100% -> 131 | F71: =D71*100% -> 2886 | G71: 5 | H71: =0 -> 0 | I71: =0 -> 0 | J71: =0 -> 0 | K71: =0 -> 0 | L71: 1 | M71: =+E71*G71*L71 -> 655 | N71: 1 | O71: =+G71*E71*N71 -> 655 | P71: 1 | Q71: =+I71*G71*P71 -> 0
B72: 64-P07-R | C72: 117 | D72: 2579 | E72: =+C72*100% -> 117 | F72: =D72*100% -> 2579 | G72: 5 | H72: =0 -> 0 | I72: =0 -> 0 | J72: =0 -> 0 | K72: =0 -> 0 | L72: 1 | M72: =+E72*G72*L72 -> 585 | N72: 1 | O72: =+G72*E72*N72 -> 585 | P72: 1 | Q72: =+I72*G72*P72 -> 0
B73: 64-P08-R | C73: 155 | D73: 3402 | E73: =+C73*100% -> 155 | F73: =D73*100% -> 3402 | G73: 5 | H73: =0 -> 0 | I73: =0 -> 0 | J73: =0 -> 0 | K73: =0 -> 0 | L73: 1 | M73: =+E73*G73*L73 -> 775 | N73: 1 | O73: =+G73*E73*N73 -> 775 | P73: 1 | Q73: =+I73*G73*P73 -> 0
B74: 64-P09-R | C74: 100 | D74: 2192 | E74: =+C74*100% -> 100 | F74: =D74*100% -> 2192 | G74: 5 | H74: =0 -> 0 | I74: =0 -> 0 | J74: =0 -> 0 | K74: =0 -> 0 | L74: 1 | M74: =+E74*G74*L74 -> 500 | N74: 1 | O74: =+G74*E74*N74 -> 500 | P74: 1 | Q74: =+I74*G74*P74 -> 0
B75: 64-D02-R | C75: 130 | D75: 2853 | E75: =+C75*100% -> 130 | F75: =D75*100% -> 2853 | G75: 5 | H75: =0 -> 0 | I75: =0 -> 0 | J75: =0 -> 0 | K75: =0 -> 0 | L75: 1 | M75: =+E75*G75*L75 -> 650 | N75: 1 | O75: =+G75*E75*N75 -> 650 | P75: 1 | Q75: =+I75*G75*P75 -> 0
B76: รวมตอนล่าง | C76: =SUM(C71:C75) -> 633 | D76: =SUM(D71:D75) -> 13912 | E76: =SUM(E71:E75) -> 633 | F76: =SUM(F71:F75) -> 13912 | H76: =0 -> 0 | I76: =0 -> 0 | J76: =SUM(J71:J75) -> 0 | K76: =SUM(K71:K75) -> 0 | L76: =0 -> 0 | M76: =SUM(M71:M75) -> 3165 | N76: =0 -> 0 | O76: =SUM(O71:O75) -> 3165 | P76: =0 -> 0 | Q76: =SUM(Q71:Q75) -> 0 | R76: =O76+M76 -> 6330
B77: ปาล์มปี 65
B78: ตอนบน
B79: 65-B01 | C79: 130 | D79: 2868 | E79: =+C79*100% -> 130 | F79: =D79*100% -> 2868 | G79: 5 | H79: 1 | I79: =+G79*E79*H79 -> 650 | J79: 1 | K79: =+G79*E79*J79 -> 650 | L79: 0 | M79: 0 | N79: 0 | O79: 0 | P79: 0 | Q79: 0
B80: 65-B11 | C80: 145 | D80: 3193 | E80: =+C80*100% -> 145 | F80: =D80*100% -> 3193 | G80: 5 | H80: 1 | I80: =+G80*E80*H80 -> 725 | J80: 1 | K80: =+G80*E80*J80 -> 725 | L80: 0 | M80: 0 | N80: 0 | O80: 0 | P80: 0 | Q80: 0
B81: รวมตอนบน | C81: =SUM(C79:C80) -> 275 | D81: =SUM(D79:D80) -> 6061 | E81: =SUM(E79:E80) -> 275 | F81: =SUM(F79:F80) -> 6061 | I81: =SUM(I79:I80) -> 1375 | J81: =0 -> 0 | K81: =SUM(K79:K80) -> 1375 | L81: =SUM(L79:L80) -> 0 | M81: =SUM(M79:M80) -> 0 | N81: =SUM(N79:N80) -> 0 | O81: =SUM(O79:O80) -> 0 | P81: =SUM(P79:P80) -> 0 | Q81: =SUM(Q79:Q80) -> 0 | R81: =K81+I81 -> 2750
B82: ตอนล่าง
B83: 65-D01-R | C83: 115 | D83: 2531 | E83: =+C83*100% -> 115 | F83: =D83*100% -> 2531 | G83: 5 | H83: =0 -> 0 | I83: =0 -> 0 | J83: =0 -> 0 | K83: =0 -> 0 | L83: 1 | M83: =+E83*G83*L83 -> 575 | N83: 1 | O83: =+G83*E83*N83 -> 575 | P83: 1 | Q83: =+E83*G83*P83 -> 575
B84: 65-D03-R | C84: 127 | D84: 2803 | E84: =+C84*100% -> 127 | F84: =D84*100% -> 2803 | G84: 5 | H84: =0 -> 0 | I84: =0 -> 0 | J84: =0 -> 0 | K84: =0 -> 0 | L84: 1 | M84: =+E84*G84*L84 -> 635 | N84: 1 | O84: =+G84*E84*N84 -> 635 | P84: 1 | Q84: =+E84*G84*P84 -> 635
B85: 65-D04-R | C85: 128 | D85: 2819 | E85: =+C85*100% -> 128 | F85: =D85*100% -> 2819 | G85: 5 | H85: =0 -> 0 | I85: =0 -> 0 | J85: =0 -> 0 | K85: =0 -> 0 | L85: 1 | M85: =+E85*G85*L85 -> 640 | N85: 1 | O85: =+G85*E85*N85 -> 640 | P85: 1 | Q85: =+E85*G85*P85 -> 640
B86: 65-D05-R | C86: 122 | D86: 2687 | E86: =+C86*100% -> 122 | F86: =D86*100% -> 2687 | G86: 5 | H86: =0 -> 0 | I86: =0 -> 0 | J86: =0 -> 0 | K86: =0 -> 0 | L86: 1 | M86: =+E86*G86*L86 -> 610 | N86: 1 | O86: =+G86*E86*N86 -> 610 | P86: 1 | Q86: =+E86*G86*P86 -> 610
B87: รวมตอนล่าง | C87: =SUM(C83:C86) -> 492 | D87: =SUM(D83:D86) -> 10840 | E87: =SUM(E83:E86) -> 492 | F87: =SUM(F83:F86) -> 10840 | H87: =0 -> 0 | I87: =0 -> 0 | J87: =SUM(J83:J86) -> 0 | K87: =SUM(K83:K86) -> 0 | L87: =0 -> 0 | M87: =SUM(M83:M86) -> 2460 | N87: =0 -> 0 | O87: =SUM(O83:O86) -> 2460 | P87: =0 -> 0 | Q87: =SUM(Q83:Q86) -> 2460 | R87: =O87+M87+Q87 -> 7380
B88: ปาล์มปี 66
B89: ตอนบน
B90: 66-T03 | C90: 111 | D90: 2449 | E90: =+C90*100% -> 111 | F90: =D90*100% -> 2449 | G90: 5 | H90: 1 | I90: =+G90*E90*H90 -> 555 | J90: 1 | K90: =+G90*E90*J90 -> 555 | L90: 0 | M90: 0 | N90: 0 | O90: 0 | P90: 0 | Q90: 0
B91: 66-T04 | C91: 92 | D91: 2014 | E91: =+C91*100% -> 92 | F91: =D91*100% -> 2014 | G91: 5 | H91: 1 | I91: =+G91*E91*H91 -> 460 | J91: 1 | K91: =+G91*E91*J91 -> 460
B92: 66-T06 | C92: 132 | D92: 2898 | E92: =+C92*100% -> 132 | F92: =D92*100% -> 2898 | G92: 5 | H92: 1 | I92: =+G92*E92*H92 -> 660 | J92: 1 | K92: =+G92*E92*J92 -> 660
B93: 66-T07 | C93: 107 | D93: 2364 | E93: =+C93*100% -> 107 | F93: =D93*100% -> 2364 | G93: 5 | H93: 1 | I93: =+G93*E93*H93 -> 535 | J93: 1 | K93: =+G93*E93*J93 -> 535 | L93: 0 | M93: 0 | N93: 0 | O93: 0 | P93: 0 | Q93: 0
B94: รวมตอนบน | C94: =SUM(C90:C93) -> 442 | D94: =SUM(D90:D93) -> 9725 | E94: =SUM(E90:E93) -> 442 | F94: =SUM(F90:F93) -> 9725 | I94: =SUM(I90:I93) -> 2210 | J94: =0 -> 0 | K94: =SUM(K90:K93) -> 2210 | L94: =SUM(L90:L93) -> 0 | M94: =SUM(M90:M93) -> 0 | N94: =SUM(N90:N93) -> 0 | O94: =SUM(O90:O93) -> 0 | P94: =SUM(P90:P93) -> 0 | Q94: =SUM(Q90:Q93) -> 0 | R94: =K94+I94 -> 4420
B95: ตอนล่าง
B96: 66-P03-R | C96: 116 | D96: 2550 | E96: =+C96*100% -> 116 | F96: =D96*100% -> 2550 | G96: 5 | H96: =0 -> 0 | I96: =0 -> 0 | J96: =0 -> 0 | K96: =0 -> 0 | L96: 1 | M96: =+E96*G96*L96 -> 580 | N96: 1 | O96: =+G96*E96*N96 -> 580 | P96: 1 | Q96: =+E96*G96*P96 -> 580
B97: 66-P04-R | C97: 130 | D97: 2854 | E97: =+C97*100% -> 130 | F97: =D97*100% -> 2854 | G97: 5 | H97: =0 -> 0 | I97: =0 -> 0 | J97: =0 -> 0 | K97: =0 -> 0 | L97: 1 | M97: =+E97*G97*L97 -> 650 | N97: 1 | O97: =+G97*E97*N97 -> 650 | P97: 1 | Q97: =+E97*G97*P97 -> 650
B98: 66-P05-R | C98: 141 | D98: 3111 | E98: =+C98*100% -> 141 | F98: =D98*100% -> 3111 | G98: 5 | H98: =0 -> 0 | I98: =0 -> 0 | J98: =0 -> 0 | K98: =0 -> 0 | L98: 1 | M98: =+E98*G98*L98 -> 705 | N98: 1 | O98: =+G98*E98*N98 -> 705 | P98: 1 | Q98: =+E98*G98*P98 -> 705
B99: 66-D09-R | C99: 136 | D99: 2999 | E99: =+C99*100% -> 136 | F99: =D99*100% -> 2999 | G99: 5 | H99: =0 -> 0 | I99: =0 -> 0 | J99: =0 -> 0 | K99: =0 -> 0 | L99: 1 | M99: =+E99*G99*L99 -> 680 | N99: 1 | O99: =+G99*E99*N99 -> 680 | P99: 1 | Q99: =+E99*G99*P99 -> 680
B100: 66-PU-02 | C100: 90 | D100: 1970 | E100: =+C100*100% -> 90 | F100: =D100*100% -> 1970 | G100: 5 | H100: =0 -> 0 | I100: =0 -> 0 | J100: =0 -> 0 | K100: =0 -> 0 | L100: 1 | M100: =+E100*G100*L100 -> 450 | N100: 1 | O100: =+G100*E100*N100 -> 450 | P100: 1 | Q100: =+E100*G100*P100 -> 450
...

Sheet ไถ,พรวนดิน 69 
B1: ไถ, พรวนดิน 2569
B2: บล็อก | C2: ไร่ | D2: ต้น | E2: จำนวนไร่ของพื้นที่ทั้งหมด | F2: จำนวนต้นของพื้นที่ทั้งหมด | G2: ค่าแรง(บาท/ไร่) | H2: จำนวน(ครั้ง/ปี)
H3: ตอนบน | K3: สูตรการคำนวณ : ค่าแรงไถ,พรวนดิน/ไร่ = (จำนวนไร่ * ค่าแรง*จำนวนครั้ง)
H4: ครั้ง | I4: บาท
B5: ปาล์มปี 68
B6: ตอนบน
B7: 68-T01 | C7: 144 | D7: 3171 | E7: 0 | F7: 0 | G7: 5 | H7: 1 | I7: =+G7*C7*H7 -> 720
B8: 68-T02 | C8: 134 | D8: 2950 | E8: 0 | F8: 0 | G8: 5 | H8: 1 | I8: =+G8*C8* H8 -> 670
B9: รวมปาล์มปี 68 ตอนบน | C9: =SUM(C7:C8) -> 278 | D9: =SUM(D7:D8) -> 6121 | I9: =SUM(I7:I8) -> 1390
B10: รวมปาล์มปี 68 | I10: =I9 -> 1390

Sheet ฟีโรโมน 69 
A1: ล่อฟีโรโมน 10ไร่/ซอง/ครั้ง 2569
A2: บล็อก | B2: ไร่ | C2: ต้น | D2: ฟีโรโมน (ซอง) | E2: ล่อฟีโรโมน (ครั้งที่ 1) | F2: ล่อฟีโรโมน (ครั้งที่ 2) | G2: ล่อฟีโรโมน (ครั้งที่ 3) | H2: ล่อฟีโรโมน (ครั้งที่ 4) | I2: รวม | J2: คงเหลือ
A4: ปาล์มปี 66 | L4: สูตรการคำนวณ : ล่อฟีโรโมน(10ไร่/ซอง/ครั้ง) = (จำนวนไร่/จำนวนซอง*จำนวนครั้ง)
A5: ตอนล่าง
A6: 66-P03-R | B6: 116 | C6: 2550 | D6: =I11 -> 124 | E6: =ROUND(B6/10,0) -> 12 | F6: =ROUND(B6/10,0) -> 12 | I6: =SUM(E6:H6) -> 24
A7: 66-P04-R | B7: 130 | C7: 2854 | E7: =ROUND(B7/10,0) -> 13 | F7: =ROUND(B7/10,0) -> 13 | I7: =SUM(E7:H7) -> 26
A8: 66-P05-R | B8: 141 | C8: 3111 | E8: =ROUND(B8/10,0) -> 14 | F8: =ROUND(B8/10,0) -> 14 | I8: =SUM(E8:H8) -> 28
A9: 66-D09-R | B9: 136 | C9: 2999 | E9: =ROUND(B9/10,0) -> 14 | F9: =ROUND(B9/10,0) -> 14 | I9: =SUM(E9:H9) -> 28
A10: 66-PU-02 | B10: 90 | C10: 1970 | E10: =ROUND(B10/10,0) -> 9 | F10: =ROUND(B10/10,0) -> 9 | I10: =SUM(E10:H10) -> 18
A11: รวมปาล์มตอนล่าง ปี 66 | B11: =SUM(B6:B10) -> 613 | C11: =SUM(C6:C10) -> 13484 | E11: =SUM(E6:E10) -> 62 | F11: =E11 -> 62 | G11: =0 -> 0 | H11: =0 -> 0 | I11: =SUM(I6:I10) -> 124
A12: ปาล์มปี 67
A13: ตอนบน
A14: 67-T10 | B14: 3 | C14: 61 | D14: =I19 -> 124 | E14: 0 | F14: 0 | G14: 0 | H14: 0 | I14: =SUM(E14:H14) -> 0
A15: 67-T18 | B15: 8 | C15: 171 | E15: 1 | F15: =ROUND(B15/10,0) -> 1 | G15: =ROUND(B15/10,0) -> 1 | H15: =ROUND(B15/10,0) -> 1 | I15: =SUM(E15:H15) -> 4
A16: 67-T21 | B16: 11 | C16: 241 | E16: =ROUND(B16/10,0) -> 1 | F16: =ROUND(B16/10,0) -> 1 | G16: =ROUND(B16/10,0) -> 1 | H16: =ROUND(B16/10,0) -> 1 | I16: =SUM(E16:H16) -> 4
A17: 67-T29 | B17: 140 | C17: 3070 | E17: =ROUND(B17/10,0) -> 14 | F17: =ROUND(B17/10,0) -> 14 | G17: =ROUND(B17/10,0) -> 14 | H17: =ROUND(B17/10,0) -> 14 | I17: =SUM(E17:H17) -> 56
A18: 67-T30 | B18: 149 | C18: 3270 | E18: =ROUND(B18/10,0) -> 15 | F18: =ROUND(B18/10,0) -> 15 | G18: =ROUND(B18/10,0) -> 15 | H18: =ROUND(B18/10,0) -> 15 | I18: =SUM(E18:H18) -> 60
A19: รวมปาล์มตอนบน ปี 67 | B19: =SUM(B14:B18) -> 311 | C19: =SUM(C14:C18) -> 6813 | E19: =SUM(E14:E18) -> 31 | F19: =SUM(F14:F18) -> 31 | G19: =SUM(G14:G18) -> 31 | H19: =SUM(H14:H18) -> 31 | I19: =SUM(I14:I18) -> 124
A20: ตอนล่าง
A21: 67-P01-R | B21: 99 | C21: 2167 | D21: =I24 -> 136 | E21: =ROUND(B21/10,0) -> 10 | F21: =ROUND(B21/10,0) -> 10 | G21: =ROUND(B21/10,0) -> 10 | H21: =ROUND(B21/10,0) -> 10 | I21: =SUM(E21:H21) -> 40
A22: 67-P02-R | B22: 105 | C22: 2320 | E22: =ROUND(B22/10,0) -> 11 | F22: =ROUND(B22/10,0) -> 11 | G22: =ROUND(B22/10,0) -> 11 | H22: =ROUND(B22/10,0) -> 11 | I22: =SUM(E22:H22) -> 44
A23: 67-D06-R | B23: 130 | C23: 2865 | E23: =ROUND(B23/10,0) -> 13 | F23: =ROUND(B23/10,0) -> 13 | G23: =ROUND(B23/10,0) -> 13 | H23: =ROUND(B23/10,0) -> 13 | I23: =SUM(E23:H23) -> 52
A24: รวมปาล์มตอนล่าง ปี 67 | B24: =SUM(B21:B23) -> 334 | C24: =SUM(C21:C23) -> 7352 | E24: =SUM(E21:E23) -> 34 | F24: =SUM(F21:F23) -> 34 | G24: =SUM(G21:G23) -> 34 | H24: =SUM(H21:H23) -> 34 | I24: =SUM(I21:I23) -> 136
A25: ปาล์มปี 68
A26: ตอนบน
A27: 68-T01 | B27: 144 | C27: 3171 | D27: =I29 -> 108 | E27: =ROUND(B27/10,0) -> 14 | F27: =ROUND(B27/10,0) -> 14 | G27: =ROUND(B27/10,0) -> 14 | H27: =ROUND(B27/10,0) -> 14 | I27: =SUM(E27:H27) -> 56
A28: 68-T02 | B28: 134 | C28: 2950 | E28: =ROUND(B28/10,0) -> 13 | F28: =ROUND(B28/10,0) -> 13 | G28: =ROUND(B28/10,0) -> 13 | H28: =ROUND(B28/10,0) -> 13 | I28: =SUM(E28:H28) -> 52
A29: รวมปาล์มตอนบน | B29: =SUM(B27:B28) -> 278 | C29: =SUM(C27:C28) -> 6121 | E29: =SUM(E27:E28) -> 27 | F29: =SUM(F27:F28) -> 27 | G29: =SUM(G27:G28) -> 27 | H29: =SUM(H27:H28) -> 27 | I29: =SUM(I27:I28) -> 108
A30: ตอนล่าง
A31: 68-PU1 | B31: 86 | C31: 1892 | D31: =I38 -> 156 | E31: =ROUND(B31/10,0) -> 9 | F31: =ROUND(B31/10,0) -> 9 | G31: =ROUND(B31/10,0) -> 9 | H31: =ROUND(B31/10,0) -> 9 | I31: =SUM(E31:H31) -> 36
A32: 68-PU3 | B32: 77 | C32: 1686 | E32: =ROUND(B32/10,0) -> 8 | F32: =ROUND(B32/10,0) -> 8 | G32: =ROUND(B32/10,0) -> 8 | H32: =ROUND(B32/10,0) -> 8 | I32: =SUM(E32:H32) -> 32
A33: 68-PU4 | B33: 63 | C33: 1380 | E33: =ROUND(B33/10,0) -> 6 | F33: =ROUND(B33/10,0) -> 6 | G33: =ROUND(B33/10,0) -> 6 | H33: =ROUND(B33/10,0) -> 6 | I33: =SUM(E33:H33) -> 24
A34: 68-PU5-R | B34: 53 | C34: 1168 | E34: =ROUND(B34/10,0) -> 5 | F34: =ROUND(B34/10,0) -> 5 | G34: =ROUND(B34/10,0) -> 5 | H34: =ROUND(B34/10,0) -> 5 | I34: =SUM(E34:H34) -> 20
A35: 68-PU5 | B35: 34 | C35: 751 | E35: =ROUND(B35/10,0) -> 3 | F35: =ROUND(B35/10,0) -> 3 | G35: =ROUND(B35/10,0) -> 3 | H35: =ROUND(B35/10,0) -> 3 | I35: =SUM(E35:H35) -> 12
A36: 68-PU6-R | B36: 70 | C36: 1547 | E36: =ROUND(B36/10,0) -> 7 | F36: =ROUND(B36/10,0) -> 7 | G36: =ROUND(B36/10,0) -> 7 | H36: =ROUND(B36/10,0) -> 7 | I36: =SUM(E36:H36) -> 28
A37: 68-PU6 | B37: 7 | C37: 145 | E37: =ROUND(B37/10,0) -> 1 | F37: =ROUND(B37/10,0) -> 1 | G37: =ROUND(B37/10,0) -> 1 | H37: =ROUND(B37/10,0) -> 1 | I37: =SUM(E37:H37) -> 4
A38: รวมปาล์มตอนล่าง ปี 68 | B38: =SUM(B31:B37) -> 390 | C38: =SUM(C31:C37) -> 8569 | E38: =SUM(E31:E37) -> 39 | F38: =SUM(F31:F37) -> 39 | G38: =SUM(G31:G37) -> 39 | H38: =SUM(H31:H37) -> 39 | I38: =SUM(I31:I37) -> 156

Sheet พิโพรนิล 69 
A1: พิโพรนิล 10กรัม/ต้น | I1: 1000 กรัม = 1 กิโลกรัม
A2: บล็อก | B2: ไร่ | C2: ต้น | D2: จำนวนครั้ง/ปี | E2: ปริมาณพิโพรนิล (g) | F2: รวมปริมาณ พิโพรนิล(Kg) | G2: หมายเหตุ
E3: 10
A4: ปาล์มปี 66 | J4: สูตรการคำนวณ : พิโพรนิล (10กรัม/ต้น) = (จำนวนต้น*ปริมาณพิโพรนิล)
A5: ตอนล่าง | K5: กรณีผันกรัมเป็นกิโลกรัม = ( ปริมาณพิโพรนิล/กรัม / 1000 )
A6: 66-P03-R | B6: 116 | C6: 2550 | D6: 24 | E6: =ROUND(C6*$E$3,0) -> 25500 | F6: =ROUND(E6*D6/1000,0) -> 612 | H6: =ROUND(E6/1000,0) -> 26 | I6: kg / 1ครั้ง
A7: 66-P04-R | B7: 130 | C7: 2854 | E7: =ROUND(C7*$E$3,0) -> 28540 | F7: =ROUND(E7*D6/1000,0) -> 685 | H7: =ROUND(E7/1000,0) -> 29 | I7: kg / 1ครั้ง
A8: 66-P05-R | B8: 141 | C8: 3111 | E8: =ROUND(C8*$E$3,0) -> 31110 | F8: =ROUND(E8*D6/1000,0) -> 747 | H8: =ROUND(E8/1000,0) -> 31 | I8: kg / 1ครั้ง
A9: 66-D09-R | B9: 136 | C9: 2999 | E9: =ROUND(C9*$E$3,0) -> 29990 | F9: =ROUND(E9*D6/1000,0) -> 720 | H9: =ROUND(E9/1000,0) -> 30 | I9: kg / 1ครั้ง
A10: 66-PU-02 | B10: 90 | C10: 1970 | E10: =ROUND(C10*$E$3,0) -> 19700 | F10: =ROUND(E10*D6/1000,0) -> 473 | H10: =ROUND(E10/1000,0) -> 20 | I10: kg / 1ครั้ง
A11: รวมปาล์มตอนล่าง ปี 66 | B11: =SUM(B6:B10) -> 613 | C11: =SUM(C6:C10) -> 13484 | E11: =SUM(E6:E10) -> 134840 | F11: =SUM(F6:F10) -> 3237 | H11: =ROUND(E11/1000,0) -> 135 | I11: kg / 1ครั้ง
A12: ปาล์มปี 67
A13: ตอนบน
A14: 67-T10 | B14: 3 | C14: 61 | D14: 24 | E14: =ROUND(C14*$E$3,0) -> 610 | F14: =ROUND(E14*D14/1000,0) -> 15 | H14: =ROUND(E14/1000,0) -> 1 | I14: kg / 1ครั้ง
A15: 67-T18 | B15: 8 | C15: 171 | E15: =ROUND(C15*$E$3,0) -> 1710 | F15: =ROUND(E15*D14/1000,0) -> 41 | H15: =ROUND(E15/1000,0) -> 2 | I15: kg / 1ครั้ง
A16: 67-T21 | B16: 11 | C16: 241 | E16: =ROUND(C16*$E$3,0) -> 2410 | F16: =ROUND(E16*D14/1000,0) -> 58 | H16: =ROUND(E16/1000,0) -> 2 | I16: kg / 1ครั้ง
A17: 67-T29 | B17: 140 | C17: 3070 | E17: =ROUND(C17*$E$3,0) -> 30700 | F17: =ROUND(E17*D14/1000,0) -> 737 | H17: =ROUND(E17/1000,0) -> 31 | I17: kg / 1ครั้ง
A18: 67-T30 | B18: 149 | C18: 3270 | E18: =ROUND(C18*$E$3,0) -> 32700 | F18: =ROUND(E18*D14/1000,0) -> 785 | H18: =ROUND(E18/1000,0) -> 33 | I18: kg / 1ครั้ง
A19: รวมปาล์มตอนบน ปี 67 | B19: =SUM(B14:B18) -> 311 | C19: =SUM(C14:C18) -> 6813 | E19: =SUM(E14:E18) -> 68130 | F19: =SUM(F14:F18) -> 1636 | H19: =ROUND(E19/1000,0) -> 68 | I19: kg / 1ครั้ง
A20: ตอนล่าง
A21: 67-P01-R | B21: 99 | C21: 2167 | D21: 24 | E21: =ROUND(C21*$E$3,0) -> 21670 | F21: =ROUND(E21*D21/1000,0) -> 520 | H21: =ROUND(E21/1000,0) -> 22 | I21: kg / 1ครั้ง
A22: 67-P02-R | B22: 105 | C22: 2320 | E22: =ROUND(C22*$E$3,0) -> 23200 | F22: =ROUND(E22*D21/1000,0) -> 557 | H22: =ROUND(E22/1000,0) -> 23 | I22: kg / 1ครั้ง
A23: 67-D06-R | B23: 130 | C23: 2865 | E23: =ROUND(C23*$E$3,0) -> 28650 | F23: =ROUND(E23*D21/1000,0) -> 688 | H23: =ROUND(E23/1000,0) -> 29 | I23: kg / 1ครั้ง
A24: รวมปาล์มตอนล่าง ปี 67 | B24: =SUM(B21:B23) -> 334 | C24: =SUM(C21:C23) -> 7352 | E24: =SUM(E21:E23) -> 73520 | F24: =SUM(F21:F23) -> 1765 | H24: =ROUND(E24/1000,0) -> 74 | I24: kg / 1ครั้ง
A25: ปาล์มปี 68
A26: ตอนบน
A27: 68-T01 | B27: 144 | C27: 3171 | D27: 24 | E27: =ROUND(C27*$E$3,0) -> 31710 | F27: =ROUND(E27*$D$27/1000,0) -> 761 | H27: =ROUND(E27/1000,0) -> 32 | I27: kg / 1ครั้ง
A28: 68-T02 | B28: 134 | C28: 2950 | E28: =ROUND(C28*$E$3,0) -> 29500 | F28: =ROUND(E28*$D$27/1000,0) -> 708 | H28: =ROUND(E28/1000,0) -> 30 | I28: kg / 1ครั้ง
A29: รวมปาล์มปี 68 | B29: =SUM(B27:B28) -> 278 | C29: =SUM(C27:C28) -> 6121 | E29: =SUM(E27:E28) -> 61210 | F29: =SUM(F27:F28) -> 1469 | H29: =ROUND(E29/1000,0) -> 61 | I29: kg / 1ครั้ง
A30: ตอนล่าง
A31: 68-PU1 | B31: 86 | C31: 1892 | D31: 24 | E31: =ROUND(C31*$E$3,0) -> 18920 | F31: =ROUND(E31*$D$31/1000,0) -> 454 | H31: =ROUND(E31/1000,0) -> 19 | I31: kg / 1ครั้ง
A32: 68-PU3 | B32: 77 | C32: 1686 | E32: =ROUND(C32*$E$3,0) -> 16860 | F32: =ROUND(E32*$D$31/1000,0) -> 405 | H32: =ROUND(E32/1000,0) -> 17 | I32: kg / 1ครั้ง
A33: 68-PU4 | B33: 63 | C33: 1380 | E33: =ROUND(C33*$E$3,0) -> 13800 | F33: =ROUND(E33*$D$31/1000,0) -> 331 | H33: =ROUND(E33/1000,0) -> 14 | I33: kg / 1ครั้ง
A34: 68-PU5-R | B34: 53 | C34: 1168 | E34: =ROUND(C34*$E$3,0) -> 11680 | F34: =ROUND(E34*$D$31/1000,0) -> 280 | H34: =ROUND(E34/1000,0) -> 12 | I34: kg / 1ครั้ง
A35: 68-PU5 | B35: 34 | C35: 751 | E35: =ROUND(C35*$E$3,0) -> 7510 | F35: =ROUND(E35*$D$31/1000,0) -> 180 | H35: =ROUND(E35/1000,0) -> 8 | I35: kg / 1ครั้ง
A36: 68-PU6-R | B36: 70 | C36: 1547 | E36: =ROUND(C36*$E$3,0) -> 15470 | F36: =ROUND(E36*$D$31/1000,0) -> 371 | H36: =ROUND(E36/1000,0) -> 15 | I36: kg / 1ครั้ง
A37: 68-PU6 | B37: 7 | C37: 145 | E37: =ROUND(C37*$E$3,0) -> 1450 | F37: =ROUND(E37*$D$31/1000,0) -> 35 | H37: =ROUND(E37/1000,0) -> 1 | I37: kg / 1ครั้ง
A38: รวมปาล์มปี 68 | B38: =SUM(B31:B37) -> 390 | C38: =SUM(C31:C37) -> 8569 | E38: =SUM(E31:E37) -> 85690 | F38: =SUM(F31:F37) -> 2056 | H38: =ROUND(E38/1000,0) -> 86 | I38: kg / 1ครั้ง

Sheet เจาะฆ่าต้นปาล์ม 69  
B1: เจาะฆ่าต้นปาล์ม 2569 (ไกลโฟเสท)
B2: บล็อก | C2: ไร่ | D2: ต้น | E2: จำนวน(ครั้ง/ปี) | J2: สูตรการคำนวณ : เจาะฆ่าต้นปาล์ม = (จำนวนต้น/ปริมาณสารเคมี(100ซีซี)*จำนวนครั้ง
E3: 100 CC / ต้น
E4: ครั้ง | F4: ไกลโฟเสท / CC | G4: ครั้ง | H4: ไกลโฟเสท / CC
B5: ปาล์มปี 67
B6: ตอนบน
B7: 67-T29 | C7: 140 | D7: 3070 | E7: 1 | F7: =ROUND(D7/100,0) -> 31 | G7: 1 | H7: =ROUND(D7/100,0) -> 31
B8: 67-T30 | C8: 149 | D8: 3270 | E8: 1 | F8: =ROUND(D8/100,0) -> 33 | G8: 1 | H8: =ROUND(D8/100,0) -> 33
B9: รวมปาล์มปี 67 ตอนบน | C9: =SUM(C7:C8) -> 289 | D9: =SUM(D7:D8) -> 6340 | F9: =SUM(F7:F8) -> 64 | H9: =SUM(H7:H8) -> 64
B10: รวมปาล์มปี 67 | F10: =F9 -> 64 | H10: =H9 -> 64
B11: ปาล์มปี 68
B12: ตอนบน
B13: 68-PU1 | C13: 86 | D13: 1892 | E13: 1 | F13: =ROUND(D13/100,0) -> 19 | G13: 1 | H13: =ROUND(D13/100,0) -> 19
B14: 68-PU3 | C14: 77 | D14: 1686 | E14: 1 | F14: =ROUND(D14/100,0) -> 17 | G14: 1 | H14: =ROUND(D14/100,0) -> 17
B15: 68-PU4 | C15: 63 | D15: 1380 | E15: 1 | F15: =ROUND(D15/100,0) -> 14 | G15: 1 | H15: =ROUND(D15/100,0) -> 14
B16: รวมปาล์มปี 67 ตอนบน | C16: =SUM(C13:C15) -> 226 | D16: =SUM(D13:D15) -> 4958 | F16: =SUM(F13:F15) -> 50 | H16: =SUM(H13:H15) -> 50
B17: รวมปาล์มปี 68 | F17: =F16 -> 50 | H17: =H16 -> 50

Sheet แหวกโคน 69
A1: ค่าแรงแหวกโคน
A2: บล็อก | C2: ไร่ | D2: ต้น | E2: จำนวนไร่ของพื้นที่ทั้งหมด | F2: จำนวนต้นของพื้นที่ทั้งหมด | G2: จำนวนครั้ง / ปี | H2: ค่าแรง (บาท/ต้น) | I2: รวมค่าแรงแหวกโคน
K3: สูตรการคำนวณ : ค่าแรงแหวกโคน = (จำนวนต้นในพื้นที่ต้องการแหวกโคน*ค่าแรง*จำนวนครั้ง
A4: ปาล์มปี 57
A5: ตอนบน
A6: 57-B03 | B6: 1 | C6: ='จน.ปาล์ม 69 '!E59 -> 169 | D6: ='จน.ปาล์ม 69 '!F59 -> 4231 | E6: =ROUND(C6*B6,0) -> 169 | F6: =ROUND(D6*B6,0) -> 4231 | G6: 1 | H6: 2 | I6: =ROUND(H6*F6,0) -> 8462
A7: รวมค่าแรงแหวกโคน ปาล์มปี 57 | I7: =I6 -> 8462
A8: ปาล์มปี 58 (ตอนบน)
A9: 58-T09-R | B9: 1 | C9: ='จน.ปาล์ม 69 '!E53 -> 117 | D9: ='จน.ปาล์ม 69 '!F53 -> 2934 | E9: =ROUND(C9*B9,0) -> 117 | F9: =ROUND(D9*B9,0) -> 2934 | G9: 1 | H9: 2 | I9: =ROUND(H9*F9,0) -> 5868
A10: 58-T13-R | B10: 1 | C10: ='จน.ปาล์ม 69 '!E55 -> 115 | D10: ='จน.ปาล์ม 69 '!F55 -> 2864 | E10: =ROUND(C10*B10,0) -> 115 | F10: =ROUND(D10*B10,0) -> 2864 | G10: 1 | H10: 2 | I10: =ROUND(H10*F10,0) -> 5728
A11: รวมค่าแรงแหวกโคน ปาล์มปี 58 | I11: =SUM(I9:I10) -> 11596
A12: ปาล์มปี 60
A13: ตอนบน
A14: 60-B04 | B14: 1 | C14: ='จน.ปาล์ม 69 '!E82 -> 154 | D14: ='จน.ปาล์ม 69 '!F82 -> 3851 | E14: =ROUND(C14*B14,0) -> 154 | F14: =ROUND(D14*B14,0) -> 3851 | G14: 1 | H14: 2 | I14: =ROUND(H14*F14,0) -> 7702
A15: 60-B08 | B15: 1 | C15: ='จน.ปาล์ม 69 '!E83 -> 139 | D15: ='จน.ปาล์ม 69 '!F83 -> 3476 | E15: =ROUND(C15*B15,0) -> 139 | F15: =ROUND(D15*B15,0) -> 3476 | G15: 1 | H15: 2 | I15: =ROUND(H15*F15,0) -> 6952
A16: 60-B09 | B16: 1 | C16: ='จน.ปาล์ม 69 '!E84 -> 165 | D16: ='จน.ปาล์ม 69 '!F84 -> 4127 | E16: =ROUND(C16*B16,0) -> 165 | F16: =ROUND(D16*B16,0) -> 4127 | G16: 1 | H16: 2 | I16: =ROUND(H16*F16,0) -> 8254
A17: รวมค่าแรงแหวกโคนตอนบน ปาล์มปี 60 | I17: =SUM(I14:I16) -> 22908
A18: ตอนล่าง
A19: 60-A06 | B19: 1 | C19: ='จน.ปาล์ม 69 '!E97 -> 142 | D19: ='จน.ปาล์ม 69 '!F97 -> 3259 | E19: =ROUND(C19*B19,0) -> 142 | F19: =ROUND(D19*B19,0) -> 3259 | G19: 1 | H19: 2 | I19: =ROUND(H19*F19,0) -> 6518
A20: 60-C05-R | B20: 1 | C20: ='จน.ปาล์ม 69 '!E95 -> 29 | D20: ='จน.ปาล์ม 69 '!F95 -> 720 | E20: =ROUND(C20*B20,0) -> 29 | F20: =ROUND(D20*B20,0) -> 720 | G20: 1 | H20: 2 | I20: =ROUND(H20*F20,0) -> 1440
A21: รวมค่าแรงแหวกโคนตอนล่าง ปาล์มปี 60 | I21: =SUM(I19:I20) -> 7958
A22: รวมค่าแรงแหวกโคนปาล์ม ปี 60 | I22: =I21+I17 -> 30866
A23: ปาล์มปี 63
A24: ตอนบน
A25: 63-T05-R | B25: 1 | C25: 121 | D25: 3037 | E25: =ROUND(C25*B25,0) -> 121 | F25: =ROUND(D25*B25,0) -> 3037 | G25: 2 | H25: 2 | I25: =ROUND(H25*F25*G25,0) -> 12148
A26: 63-T22-R | B26: 1 | C26: 38 | D26: 842 | E26: =ROUND(C26*B26,0) -> 38 | F26: =ROUND(D26*B26,0) -> 842 | G26: 2 | H26: 2 | I26: =ROUND(H26*F26*G26,0) -> 3368
A27: 63-T23-R | B27: 1 | C27: 38 | D27: 844 | E27: =ROUND(C27*B27,0) -> 38 | F27: =ROUND(D27*B27,0) -> 844 | G27: 2 | H27: 2 | I27: =ROUND(H27*F27*G27,0) -> 3376
A28: รวมค่าแรงแหวกโคนตอนบน ปาล์มปี 63 | I28: =SUM(I25:I27) -> 18892
A29: ตอนล่าง
A30: 63-A01-R | B30: 1 | C30: 24 | D30: 534 | E30: =ROUND(C30*B30,0) -> 24 | F30: =ROUND(D30*B30,0) -> 534 | G30: 2 | H30: 2 | I30: =ROUND(H30*F30*G30,0) -> 2136
A31: 63-A03-R | B31: 1 | C31: 39 | D31: 980 | E31: =ROUND(C31*B31,0) -> 39 | F31: =ROUND(D31*B31,0) -> 980 | G31: 2 | H31: 2 | I31: =ROUND(H31*F31*G31,0) -> 3920
A32: 63-A07-R | B32: 1 | C32: 14 | D32: 309 | E32: =ROUND(C32*B32,0) -> 14 | F32: =ROUND(D32*B32,0) -> 309 | G32: 2 | H32: 2 | I32: =ROUND(H32*F32*G32,0) -> 1236
A33: 63-A07 | B33: 1 | C33: 109 | D33: 2388 | E33: =ROUND(C33*B33,0) -> 109 | F33: =ROUND(D33*B33,0) -> 2388 | G33: 2 | H33: 2 | I33: =ROUND(H33*F33*G33,0) -> 9552
A34: 63-D08-R | B34: 1 | C34: 108 | D34: 2365 | E34: =ROUND(C34*B34,0) -> 108 | F34: =ROUND(D34*B34,0) -> 2365 | G34: 2 | H34: 2 | I34: =ROUND(H34*F34*G34,0) -> 9460
A35: รวมค่าแรงแหวกโคนปาล์ม ปี 63 ตอนล่าง | I35: =SUM(I30:I34) -> 26304
A36: รวมค่าแรงแหวกโคนปาล์มปี 63 | I36: =I35+I28 -> 45196
A37: ปาล์มปี 64
A38: ตอนบน
A39: 64-B02 | B39: 1 | C39: 158 | D39: 3480 | E39: =ROUND(C39*B39,0) -> 158 | F39: =ROUND(D39*B39,0) -> 3480 | G39: 3 | H39: 3.5 | I39: =ROUND(H39*F39*G39,0) -> 36540
A40: 64-B05 | B40: 1 | C40: 143 | D40: 3140 | E40: =ROUND(C40*B40,0) -> 143 | F40: =ROUND(D40*B40,0) -> 3140 | G40: 3 | H40: 3.5 | I40: =ROUND(H40*F40*G40,0) -> 32970
A41: 64-B06 | B41: 1 | C41: 167 | D41: 3671 | E41: =ROUND(C41*B41,0) -> 167 | F41: =ROUND(D41*B41,0) -> 3671 | G41: 3 | H41: 3.5 | I41: =ROUND(H41*F41*G41,0) -> 38546
A42: รวมค่าแรงแหวกโคนตอนบน ปาล์มปี 64 | I42: =SUM(I39:I41) -> 108056
A43: ตอนล่าง
A44: 64-P06-R | B44: 1 | C44: 131 | D44: 2886 | E44: =ROUND(C44*B44,0) -> 131 | F44: =ROUND(D44*B44,0) -> 2886 | G44: 3 | H44: 3.5 | I44: =ROUND(H44*F44*G44,0) -> 30303
A45: 64-P07-R | B45: 1 | C45: 117 | D45: 2579 | E45: =ROUND(C45*B45,0) -> 117 | F45: =ROUND(D45*B45,0) -> 2579 | G45: 3 | H45: 3.5 | I45: =ROUND(H45*F45*G45,0) -> 27080
A46: 64-P08-R | B46: 1 | C46: 155 | D46: 3402 | E46: =ROUND(C46*B46,0) -> 155 | F46: =ROUND(D46*B46,0) -> 3402 | G46: 3 | H46: 3.5 | I46: =ROUND(H46*F46*G46,0) -> 35721
A47: 64-P09-R | B47: 1 | C47: 100 | D47: 2192 | E47: =ROUND(C47*B47,0) -> 100 | F47: =ROUND(D47*B47,0) -> 2192 | G47: 3 | H47: 3.5 | I47: =ROUND(H47*F47*G47,0) -> 23016
A48: 64-D02-R | B48: 1 | C48: 130 | D48: 2853 | E48: =ROUND(C48*B48,0) -> 130 | F48: =ROUND(D48*B48,0) -> 2853 | G48: 3 | H48: 3.5 | I48: =ROUND(H48*F48*G48,0) -> 29957
A49: รวมค่าแรงแหวกโคนตอนล่าง ปาล์ม ปี 64 | I49: =SUM(I44:I48) -> 146077
A50: รวมค่าแรงแหวกโคนปาล์มปี 64 | I50: =I49+I42 -> 254133
A51: ปาล์มปี 65
A52: ตอนบน
A53: 65-B01 | B53: 1 | C53: 130 | D53: 2868 | E53: =ROUND(C53*B53,0) -> 130 | F53: =ROUND(D53*B53,0) -> 2868 | G53: 3 | H53: 3.5 | I53: =ROUND(H53*F53*G53,0) -> 30114
A54: 65-B11 | B54: 1 | C54: 145 | D54: 3193 | E54: =ROUND(C54*B54,0) -> 145 | F54: =ROUND(D54*B54,0) -> 3193 | G54: 3 | H54: 3.5 | I54: =ROUND(H54*F54*G54,0) -> 33527
A55: รวมค่าแรงแหวกโคนตอนบน ปาล์มปี 65 | I55: =SUM(I53:I54) -> 63641
A56: ตอนล่าง
A57: 65-D01-R | B57: 1 | C57: 115 | D57: 2531 | E57: =ROUND(C57*B57,0) -> 115 | F57: =ROUND(D57*B57,0) -> 2531 | G57: 3 | H57: 3.5 | I57: =ROUND(H57*F57*G57,0) -> 26576
A58: 65-D03-R | B58: 1 | C58: 127 | D58: 2803 | E58: =ROUND(C58*B58,0) -> 127 | F58: =ROUND(D58*B58,0) -> 2803 | G58: 3 | H58: 3.5 | I58: =ROUND(H58*F58*G58,0) -> 29432
A59: 65-D04-R | B59: 1 | C59: 128 | D59: 2819 | E59: =ROUND(C59*B59,0) -> 128 | F59: =ROUND(D59*B59,0) -> 2819 | G59: 3 | H59: 3.5 | I59: =ROUND(H59*F59*G59,0) -> 29600
A60: 65-D05-R | B60: 1 | C60: 122 | D60: 2687 | E60: =ROUND(C60*B60,0) -> 122 | F60: =ROUND(D60*B60,0) -> 2687 | G60: 3 | H60: 3.5 | I60: =ROUND(H60*F60*G60,0) -> 28214
A61: รวมค่าแรงแหวกโคนตอนล่าง ปาล์ม ปี 65 | I61: =SUM(I57:I60) -> 113822
A62: รวมค่าแรงแหวกโคนปาล์มปี 65 | I62: =I61+I55 -> 177463
A63: ปาล์มปี 66
A64: ตอนบน
A65: 66-T03 | B65: 1 | C65: 111 | D65: 2449 | E65: =ROUND(C65*B65,0) -> 111 | F65: =ROUND(D65*B65,0) -> 2449 | G65: 4 | H65: 3.5 | I65: =ROUND(H65*F65*G65,0) -> 34286
A66: 66-T04 | B66: 1 | C66: 92 | D66: 2014 | E66: =ROUND(C66*B66,0) -> 92 | F66: =ROUND(D66*B66,0) -> 2014 | G66: 4 | H66: 3.5 | I66: =ROUND(H66*F66*G66,0) -> 28196
A67: 66-T06 | B67: 1 | C67: 132 | D67: 2898 | E67: =ROUND(C67*B67,0) -> 132 | F67: =ROUND(D67*B67,0) -> 2898 | G67: 4 | H67: 3.5 | I67: =ROUND(H67*F67*G67,0) -> 40572
A68: 66-T07 | B68: 1 | C68: 107 | D68: 2364 | E68: =ROUND(C68*B68,0) -> 107 | F68: =ROUND(D68*B68,0) -> 2364 | G68: 4 | H68: 3.5 | I68: =ROUND(H68*F68*G68,0) -> 33096
A69: รวมค่าแรงแหวกโคนตอนบน ปาล์มปี 66 | I69: =SUM(I65:I68) -> 136150
A70: ตอนล่าง
A71: 66-P03-R | B71: 1 | C71: 116 | D71: 2550 | E71: =ROUND(C71*B71,0) -> 116 | F71: =ROUND(D71*B71,0) -> 2550 | G71: 4 | H71: 3.5 | I71: =ROUND(H71*F71*G71,0) -> 35700
A72: 66-P04-R | B72: 1 | C72: 130 | D72: 2854 | E72: =ROUND(C72*B72,0) -> 130 | F72: =ROUND(D72*B72,0) -> 2854 | G72: 4 | H72: 3.5 | I72: =ROUND(H72*F72*G72,0) -> 39956
A73: 66-P05-R | B73: 1 | C73: 141 | D73: 3111 | E73: =ROUND(C73*B73,0) -> 141 | F73: =ROUND(D73*B73,0) -> 3111 | G73: 4 | H73: 3.5 | I73: =ROUND(H73*F73*G73,0) -> 43554
A74: 66-D09-R | B74: 1 | C74: 136 | D74: 2999 | E74: =ROUND(C74*B74,0) -> 136 | F74: =ROUND(D74*B74,0) -> 2999 | G74: 4 | H74: 3.5 | I74: =ROUND(H74*F74*G74,0) -> 41986
A75: 66-PU-02 | B75: 1 | C75: 90 | D75: 1970 | E75: =ROUND(C75*B75,0) -> 90 | F75: =ROUND(D75*B75,0) -> 1970 | G75: 4 | H75: 3.5 | I75: =ROUND(H75*F75*G75,0) -> 27580
A76: รวมค่าแรงแหวกโคนตอนล่าง ปาล์ม ปี 66 | I76: =SUM(I71:I75) -> 188776
A77: รวมค่าแรงแหวกโคนปาล์ม ปี 66 | I77: =I76+I69 -> 324926
A78: ปาล์มปี 67
A79: ตอนบน
A80: 67-T10 | B80: 1 | C80: 3 | D80: 61 | E80: =ROUND(C80*B80,0) -> 3 | F80: =ROUND(D80*B80,0) -> 61 | G80: 3 | H80: 2.5 | I80: =ROUND(H80*F80*G80,0) -> 458
A81: 67-T18 | B81: 1 | C81: 8 | D81: 171 | E81: =ROUND(C81*B81,0) -> 8 | F81: =ROUND(D81*B81,0) -> 171 | G81: 3 | H81: 2.5 | I81: =ROUND(H81*F81*G81,0) -> 1283
A82: 67-T21 | B82: 1 | C82: 11 | D82: 241 | E82: =ROUND(C82*B82,0) -> 11 | F82: =ROUND(D82*B82,0) -> 241 | G82: 3 | H82: 2.5 | I82: =ROUND(H82*F82*G82,0) -> 1808
A83: 67-T29 | B83: 1 | C83: 140 | D83: 3070 | E83: =ROUND(C83*B83,0) -> 140 | F83: =ROUND(D83*B83,0) -> 3070 | G83: 3 | H83: 2.5 | I83: =ROUND(H83*F83*G83,0) -> 23025
A84: 67-T30 | B84: 1 | C84: 149 | D84: 3270 | E84: =ROUND(C84*B84,0) -> 149 | F84: =ROUND(D84*B84,0) -> 3270 | G84: 3 | H84: 2.5 | I84: =ROUND(H84*F84*G84,0) -> 24525
A85: รวมค่าแรงแหวกโคนตอนบน ปาล์มปี 67 | I85: =SUM(I80:I84) -> 51099
A86: ตอนล่าง
A87: 67-P01-R | B87: 1 | C87: 99 | D87: 2167 | E87: =ROUND(C87*B87,0) -> 99 | F87: =ROUND(D87*B87,0) -> 2167 | G87: 3 | H87: 2.5 | I87: =ROUND(H87*F87*G87,0) -> 16253
A88: 67-P02-R | B88: 1 | C88: 105 | D88: 2320 | E88: =ROUND(C88*B88,0) -> 105 | F88: =ROUND(D88*B88,0) -> 2320 | G88: 3 | H88: 2.5 | I88: =ROUND(H88*F88*G88,0) -> 17400
A89: 67-D06-R | B89: 1 | C89: 130 | D89: 2865 | E89: =ROUND(C89*B89,0) -> 130 | F89: =ROUND(D89*B89,0) -> 2865 | G89: 3 | H89: 2.5 | I89: =ROUND(H89*F89*G89,0) -> 21488
A90: รวมค่าแรงแหวกโคนตอนล่าง ปาล์ม ปี 67 | I90: =SUM(I87:I89) -> 55141
A91: รวมค่าแรงแหวกโคน ปาล์ม ปี 67 | I91: =I90+I85 -> 106240
A92: ปาล์มปี 68
A93: ตอนบน
A94: 68-T01 | B94: 1 | C94: 144 | D94: 3171 | E94: =ROUND(C94*B94,0) -> 144 | F94: =ROUND(D94*B94,0) -> 3171 | G94: 3 | H94: 2.25 | I94: =ROUND(H94*F94*G94,0) -> 21404
A95: 68-T02 | B95: 1 | C95: 134 | D95: 2950 | E95: =ROUND(C95*B95,0) -> 134 | F95: =ROUND(D95*B95,0) -> 2950 | G95: 3 | H95: 2.25 | I95: =ROUND(H95*F95*G95,0) -> 19913
A96: รวมค่าแรงแหวกโคนตอนบน ปาล์มปี 68 | I96: =SUM(I94:I95) -> 41317
A97: ตอนล่าง
A98: 68-PU1 | B98: 1 | C98: 86 | D98: 1892 | E98: =ROUND(C98*B98,0) -> 86 | F98: =ROUND(D98*B98,0) -> 1892 | G98: 3 | H98: 2.25 | I98: =ROUND(H98*F98*G98,0) -> 12771
A99: 68-PU3 | B99: 1 | C99: 77 | D99: 1686 | E99: =ROUND(C99*B99,0) -> 77 | F99: =ROUND(D99*B99,0) -> 1686 | G99: 3 | H99: 2.25 | I99: =ROUND(H99*F99*G99,0) -> 11381
A100: 68-PU4 | B100: 1 | C100: 63 | D100: 1380 | E100: =ROUND(C100*B100,0) -> 63 | F100: =ROUND(D100*B100,0) -> 1380 | G100: 3 | H100: 2.25 | I100: =ROUND(H100*F100*G100,0) -> 9315
...
