Workbook

Sheet Data1
A1: wpDocNo | B1: wpInOutType | C1: wpOriginal | D1: wpDocDate | E1: wptypecar | F1: wpctCode | G1: wpctName | H1: wpRspo | I1: wpCash | J1: wpPartNo | K1: wpPlot | L1: wpBlock | M1: wpArea | N1: wpCarLicense | O1: wpCarProvince | P1: wplf2 | Q1: wpDriver | R1: wpBunchWeight | S1: wpGrade | T1: wpemCodeWeighter | U1: wpemCodeAppraisal | V1: wpAdCode | W1: wpHeadCode | X1: wpPlotRain | Y1: wpRampRain | Z1: wpTranRain | AA1: wpProduct | AB1: wpBunchPrice | AC1: wpFallPrice | AD1: wpCustWeight | AE1: wpCarWeightDate | AF1: wpCarWeightNo | AG1: wpCarWeight | AH1: wpTotalWeightDate | AI1: wpTotalWeightNo | AJ1: wpTotalWeight | AK1: wpNetWeight | AL1: wpRipePercent | AM1: wpRawPercent | AN1: wpFallPercent | AO1: wpMixRawPercent | AP1: wpBadPercent | AQ1: wpDuraPercent | AR1: wpOtherPercent | AS1: wpLongStemPercent | AT1: wpContract | AU1: wpRampAmount | AV1: wpReturnFFB | AW1: wpreturnffb2 | AX1: wpblock1 | AY1: wpblock2 | AZ1: wpblock3 | BA1: wpblock4 | BB1: wpblock5 | BC1: wpblock6 | BD1: wpblock7 | BE1: wppunch1 | BF1: wppunch2 | BG1: wppunch3 | BH1: wppunch4 | BI1: wppunch5 | BJ1: wppunch6 | BK1: wppunch7 | BL1: wpweight1 | BM1: wpweight2 | BN1: wpweight3 | BO1: wpweight4 | BP1: wpweight5 | BQ1: wpweight6 | BR1: wpweight7 | BS1: wpFacDocNo | BT1: wpFacDocDate | BU1: wpFacGrade | BV1: wpFacCarWeight | BW1: wpFacTotalWeight | BX1: wpFacNetWeight | BY1: wpFacDocNo2 | BZ1: wpFacGrade2 | CA1: wpFacCarWeight2 | CB1: wpFacTotalWeight2 | CC1: wpFacNetWeight2 | CD1: wpReturnPalm | CE1: wpftcode | CF1: wpfacprice | CG1: wpintime | CH1: wpouttime | CI1: location
A2: 2071 | B2: O | C2: N | D2: 46113 | E2: 3 | F2: 99000 | G2: {=_xlfn.XLOOKUP(TRIM(F2), TRIM(Wpct!$A$2:$A$1000), Wpct!$B$2:$B$1000, "ไม่พบชื่อ", 0) & IF(_xlfn.XLOOKUP(TRIM(F2), TRIM(Terrain!$N$2:$N$1002), Terrain!$I$2:$I$1002, "NO", 0)="YES", " (R)", "")} -> บจก.ทักษิณปาล์ม (ฝ่ายสวนปาล์ม) | H2: {=IFERROR(_xlfn.SWITCH(_xlfn.XLOOKUP(TRIM(F2), TRIM(Terrain!$N:$N), Terrain!$I:$I), "YES", "RSPO", "NO", "NON-RSPO", "OB", "Outbound Logistics"), "Contract Farmer")} -> Outbound Logistics | I2: N | K2: {=IFERROR(INDEX(Terrain!$D:$D, MATCH(TEXT(F2,"0"), TEXT(Terrain!$N:$N,"0"), 0)), "-")} -> Outbound | L2: {=IFERROR(INDEX(Terrain!$E:$E, MATCH(TEXT(F2,"0"), TEXT(Terrain!$N:$N,"0"), 0)), "-")} -> Ramp | M2: {=IFERROR(INDEX(Terrain!$C:$C, MATCH(TEXT(F2,"0"), TEXT(Terrain!$N:$N,"0"), 0)), "Contract")} -> EST | N2: 83-5636,83-5637 | O2: สฎ | P2: 0 | Q2: ประฏิพัทธิ์ คุณสุทธิ์ | R2: 0 | S2: 18 | T2: 004 | U2: 004 | X2: N | Y2: N | Z2: N | AA2: FFB | AB2: 0 | AC2: 0 | AD2: 0 | AE2: 46113.365 | AF2: 3 | AG2: 22960 | AH2: 46113.38 | AI2: 4 | AJ2: 27180 | AK2: 4220 | AL2: 0 | AM2: 0 | AN2: 0 | AO2: 0 | AP2: 0 | AQ2: 0 | AR2: 0 | AS2: 0 | AU2: 0 | AV2: 0 | AW2: 0 | BE2: 0 | BF2: 0 | BG2: 0 | BH2: 0 | BI2: 0 | BJ2: 0 | BK2: 0 | BL2: 0 | BM2: 0 | BN2: 0 | BO2: 0 | BP2: 0 | BQ2: 0 | BR2: 0 | BS2: 03172 | BT2: 46113 | BU2: 18 | BV2: 46120 | BW2: 50320 | BX2: 4200 | BZ2: 0 | CA2: 0 | CB2: 0 | CC2: 0 | CD2: 0 | CE2: SPC | CF2: 0 | CG2: 46113.619 | CH2: 46113.639 | CI2: E2071
A3: 2072 | B3: O | C3: N | D3: 46113 | E3: 3 | F3: 99000 | G3: {=_xlfn.XLOOKUP(TRIM(F3), TRIM(Wpct!$A$2:$A$1000), Wpct!$B$2:$B$1000, "ไม่พบชื่อ", 0) & IF(_xlfn.XLOOKUP(TRIM(F3), TRIM(Terrain!$N$2:$N$1002), Terrain!$I$2:$I$1002, "NO", 0)="YES", " (R)", "")} -> บจก.ทักษิณปาล์ม (ฝ่ายสวนปาล์ม) | H3: {=IFERROR(_xlfn.SWITCH(_xlfn.XLOOKUP(TRIM(F3), TRIM(Terrain!$N:$N), Terrain!$I:$I), "YES", "RSPO", "NO", "NON-RSPO", "OB", "Outbound Logistics"), "Contract Farmer")} -> Outbound Logistics | I3: N | K3: {=IFERROR(INDEX(Terrain!$D:$D, MATCH(TEXT(F3,"0"), TEXT(Terrain!$N:$N,"0"), 0)), "-")} -> Outbound | L3: {=IFERROR(INDEX(Terrain!$E:$E, MATCH(TEXT(F3,"0"), TEXT(Terrain!$N:$N,"0"), 0)), "-")} -> Ramp | M3: {=IFERROR(INDEX(Terrain!$C:$C, MATCH(TEXT(F3,"0"), TEXT(Terrain!$N:$N,"0"), 0)), "Contract")} -> EST | N3: 83-5636,83-5637 | O3: สฎ | P3: 0 | Q3: ประฏิพัทธิ์ คุณสุทธิ์ | R3: 0 | S3: 18 | T3: 004 | U3: 004 | X3: N | Y3: N | Z3: N | AA3: FFB | AB3: 0 | AC3: 0 | AD3: 0 | AE3: 46113.38 | AF3: 5 | AG3: 27180 | AH3: 46113.567 | AI3: 38 | AJ3: 50480 | AK3: 23300 | AL3: 0 | AM3: 0 | AN3: 0 | AO3: 0 | AP3: 0 | AQ3: 0 | AR3: 0 | AS3: 0 | AU3: 0 | AV3: 0 | AW3: 0 | BE3: 0 | BF3: 0 | BG3: 0 | BH3: 0 | BI3: 0 | BJ3: 0 | BK3: 0 | BL3: 0 | BM3: 0 | BN3: 0 | BO3: 0 | BP3: 0 | BQ3: 0 | BR3: 0 | BS3: N03172 | BT3: 46113 | BU3: 18 | BV3: 27100 | BW3: 50320 | BX3: 23220 | BZ3: 0 | CA3: 0 | CB3: 0 | CC3: 0 | CD3: 0 | CE3: SPC | CF3: 0 | CG3: 46113.619 | CH3: 46113.639 | CI3: E2072
A4: 2073 | B4: I | C4: N | D4: 46113 | E4: 1 | F4: 91002_2 | G4: {=_xlfn.XLOOKUP(TRIM(F4), TRIM(Wpct!$A$2:$A$1000), Wpct!$B$2:$B$1000, "ไม่พบชื่อ", 0) & IF(_xlfn.XLOOKUP(TRIM(F4), TRIM(Terrain!$N$2:$N$1002), Terrain!$I$2:$I$1002, "NO", 0)="YES", " (R)", "")} -> บางกัน 02 | H4: {=IFERROR(_xlfn.SWITCH(_xlfn.XLOOKUP(TRIM(F4), TRIM(Terrain!$N:$N), Terrain!$I:$I), "YES", "RSPO", "NO", "NON-RSPO", "OB", "Outbound Logistics"), "Contract Farmer")} -> NON-RSPO | I4: N | K4: {=IFERROR(INDEX(Terrain!$D:$D, MATCH(TEXT(F4,"0"), TEXT(Terrain!$N:$N,"0"), 0)), "-")} -> Banggun | L4: {=IFERROR(INDEX(Terrain!$E:$E, MATCH(TEXT(F4,"0"), TEXT(Terrain!$N:$N,"0"), 0)), "-")} -> 64-B02 | M4: {=IFERROR(INDEX(Terrain!$C:$C, MATCH(TEXT(F4,"0"), TEXT(Terrain!$N:$N,"0"), 0)), "Contract")} -> Upper | N4: บร5489 | O4: สฎ | P4: 0 | R4: 0 | S4: 18 | T4: 001 | U4: 001 | W4: 911_2 | X4: N | Y4: N | Z4: N | AA4: FFB | AB4: 0 | AC4: 0 | AD4: 0 | AE4: 46113.445 | AF4: 7 | AG4: 2120 | AH4: 46113.434 | AI4: 6 | AJ4: 4450 | AK4: 2330 | AL4: 0 | AM4: 0 | AN4: 0 | AO4: 0 | AP4: 0 | AQ4: 0 | AR4: 0 | AS4: 0 | AU4: 353 | AV4: 0 | AW4: 0 | BE4: 0 | BF4: 0 | BG4: 0 | BH4: 0 | BI4: 0 | BJ4: 0 | BK4: 0 | BL4: 0 | BM4: 0 | BN4: 0 | BO4: 0 | BP4: 0 | BQ4: 0 | BR4: 0 | BT4: 46113 | BU4: 0 | BV4: 0 | BW4: 0 | BX4: 0 | BZ4: 0 | CA4: 0 | CB4: 0 | CC4: 0 | CD4: 0 | CF4: 0 | CG4: 46113 | CH4: 46113 | CI4: E2073
A5: 2074 | B5: I | C5: N | D5: 46113 | E5: 1 | F5: 90009 | G5: {=_xlfn.XLOOKUP(TRIM(F5), TRIM(Wpct!$A$2:$A$1000), Wpct!$B$2:$B$1000, "ไม่พบชื่อ", 0) & IF(_xlfn.XLOOKUP(TRIM(F5), TRIM(Terrain!$N$2:$N$1002), Terrain!$I$2:$I$1002, "NO", 0)="YES", " (R)", "")} -> กะเปา 09 (R) | H5: {=IFERROR(_xlfn.SWITCH(_xlfn.XLOOKUP(TRIM(F5), TRIM(Terrain!$N:$N), Terrain!$I:$I), "YES", "RSPO", "NO", "NON-RSPO", "OB", "Outbound Logistics"), "Contract Farmer")} -> RSPO | I5: N | K5: {=IFERROR(INDEX(Terrain!$D:$D, MATCH(TEXT(F5,"0"), TEXT(Terrain!$N:$N,"0"), 0)), "-")} -> Kapao | L5: {=IFERROR(INDEX(Terrain!$E:$E, MATCH(TEXT(F5,"0"), TEXT(Terrain!$N:$N,"0"), 0)), "-")} -> 57-A09-R | M5: {=IFERROR(INDEX(Terrain!$C:$C, MATCH(TEXT(F5,"0"), TEXT(Terrain!$N:$N,"0"), 0)), "Contract")} -> Lower | N5: ผบ3033 | O5: สฎ | P5: 0 | Q5: อุทุมพร วิเชียร | R5: 0 | S5: 18 | T5: 001 | U5: 001 | W5: 902_6 | X5: N | Y5: N | Z5: N | AA5: FFB | AB5: 0 | AC5: 0 | AD5: 0 | AE5: 46113.475 | AF5: 11 | AG5: 1900 | AH5: 46113.458 | AI5: 8 | AJ5: 4920 | AK5: 3020 | AL5: 0 | AM5: 0 | AN5: 0 | AO5: 0 | AP5: 0 | AQ5: 0 | AR5: 0 | AS5: 0 | AU5: 175 | AV5: 0 | AW5: 0 | BE5: 0 | BF5: 0 | BG5: 0 | BH5: 0 | BI5: 0 | BJ5: 0 | BK5: 0 | BL5: 0 | BM5: 0 | BN5: 0 | BO5: 0 | BP5: 0 | BQ5: 0 | BR5: 0 | BT5: 46113 | BU5: 0 | BV5: 0 | BW5: 0 | BX5: 0 | BZ5: 0 | CA5: 0 | CB5: 0 | CC5: 0 | CD5: 0 | CF5: 0 | CG5: 46113 | CH5: 46113 | CI5: E2074
A6: 2075 | B6: I | C6: N | D6: 46113 | E6: 1 | F6: 22456 | G6: {=_xlfn.XLOOKUP(TRIM(F6), TRIM(Wpct!$A$2:$A$1000), Wpct!$B$2:$B$1000, "ไม่พบชื่อ", 0) & IF(_xlfn.XLOOKUP(TRIM(F6), TRIM(Terrain!$N$2:$N$1002), Terrain!$I$2:$I$1002, "NO", 0)="YES", " (R)", "")} -> บริษัท ฟี.บี. จำกัด | H6: {=IFERROR(_xlfn.SWITCH(_xlfn.XLOOKUP(TRIM(F6), TRIM(Terrain!$N:$N), Terrain!$I:$I), "YES", "RSPO", "NO", "NON-RSPO", "OB", "Outbound Logistics"), "Contract Farmer")} -> Contract Farmer | I6: N | K6: {=IFERROR(INDEX(Terrain!$D:$D, MATCH(TEXT(F6,"0"), TEXT(Terrain!$N:$N,"0"), 0)), "-")} -> - | L6: {=IFERROR(INDEX(Terrain!$E:$E, MATCH(TEXT(F6,"0"), TEXT(Terrain!$N:$N,"0"), 0)), "-")} -> - | M6: {=IFERROR(INDEX(Terrain!$C:$C, MATCH(TEXT(F6,"0"), TEXT(Terrain!$N:$N,"0"), 0)), "Contract")} -> Contract | N6: 81-0395 | O6: สฎ | P6: 0 | Q6: สมศักดิ์ รอกระโทก | R6: 0 | S6: 18 | T6: 001 | U6: 001 | X6: N | Y6: N | Z6: N | AA6: FFB | AB6: 8.2 | AC6: 0 | AD6: 0 | AE6: 46113.467 | AF6: 10 | AG6: 4060 | AH6: 46113.465 | AI6: 9 | AJ6: 6420 | AK6: 2360 | AL6: 0 | AM6: 0 | AN6: 0 | AO6: 0 | AP6: 0 | AQ6: 0 | AR6: 0 | AS6: 0 | AU6: 0 | AV6: 0 | AW6: 0 | BE6: 0 | BF6: 0 | BG6: 0 | BH6: 0 | BI6: 0 | BJ6: 0 | BK6: 0 | BL6: 0 | BM6: 0 | BN6: 0 | BO6: 0 | BP6: 0 | BQ6: 0 | BR6: 0 | BT6: 46113 | BU6: 0 | BV6: 0 | BW6: 0 | BX6: 0 | BZ6: 0 | CA6: 0 | CB6: 0 | CC6: 0 | CD6: 0 | CF6: 0 | CG6: 46113 | CH6: 46113 | CI6: E2075
A7: 2076 | B7: I | C7: N | D7: 46113 | E7: 1 | F7: 92011 | G7: {=_xlfn.XLOOKUP(TRIM(F7), TRIM(Wpct!$A$2:$A$1000), Wpct!$B$2:$B$1000, "ไม่พบชื่อ", 0) & IF(_xlfn.XLOOKUP(TRIM(F7), TRIM(Terrain!$N$2:$N$1002), Terrain!$I$2:$I$1002, "NO", 0)="YES", " (R)", "")} -> พันไร่ 11 (R) | H7: {=IFERROR(_xlfn.SWITCH(_xlfn.XLOOKUP(TRIM(F7), TRIM(Terrain!$N:$N), Terrain!$I:$I), "YES", "RSPO", "NO", "NON-RSPO", "OB", "Outbound Logistics"), "Contract Farmer")} -> RSPO | I7: N | K7: {=IFERROR(INDEX(Terrain!$D:$D, MATCH(TEXT(F7,"0"), TEXT(Terrain!$N:$N,"0"), 0)), "-")} -> Panrai | L7: {=IFERROR(INDEX(Terrain!$E:$E, MATCH(TEXT(F7,"0"), TEXT(Terrain!$N:$N,"0"), 0)), "-")} -> 59-C11-R | M7: {=IFERROR(INDEX(Terrain!$C:$C, MATCH(TEXT(F7,"0"), TEXT(Terrain!$N:$N,"0"), 0)), "Contract")} -> Lower | N7: บร2653 | O7: สฎ | P7: 0 | Q7: สันติภาพ | R7: 0 | S7: 18 | T7: 001 | U7: 001 | W7: 922_4 | X7: N | Y7: N | Z7: N | AA7: FFB | AB7: 0 | AC7: 0 | AD7: 0 | AE7: 46113.486 | AF7: 16 | AG7: 1520 | AH7: 46113.477 | AI7: 13 | AJ7: 3490 | AK7: 1970 | AL7: 0 | AM7: 0 | AN7: 0 | AO7: 0 | AP7: 0 | AQ7: 0 | AR7: 0 | AS7: 0 | AU7: 105 | AV7: 0 | AW7: 0 | BE7: 0 | BF7: 0 | BG7: 0 | BH7: 0 | BI7: 0 | BJ7: 0 | BK7: 0 | BL7: 0 | BM7: 0 | BN7: 0 | BO7: 0 | BP7: 0 | BQ7: 0 | BR7: 0 | BT7: 46113 | BU7: 0 | BV7: 0 | BW7: 0 | BX7: 0 | BZ7: 0 | CA7: 0 | CB7: 0 | CC7: 0 | CD7: 0 | CF7: 0 | CG7: 46113 | CH7: 46113 | CI7: E2076
A8: 2077 | B8: I | C8: N | D8: 46113 | E8: 1 | F8: 22455 | G8: {=_xlfn.XLOOKUP(TRIM(F8), TRIM(Wpct!$A$2:$A$1000), Wpct!$B$2:$B$1000, "ไม่พบชื่อ", 0) & IF(_xlfn.XLOOKUP(TRIM(F8), TRIM(Terrain!$N$2:$N$1002), Terrain!$I$2:$I$1002, "NO", 0)="YES", " (R)", "")} -> บริษัท สวนนายห้าง จำกัด | H8: {=IFERROR(_xlfn.SWITCH(_xlfn.XLOOKUP(TRIM(F8), TRIM(Terrain!$N:$N), Terrain!$I:$I), "YES", "RSPO", "NO", "NON-RSPO", "OB", "Outbound Logistics"), "Contract Farmer")} -> Contract Farmer | I8: N | K8: {=IFERROR(INDEX(Terrain!$D:$D, MATCH(TEXT(F8,"0"), TEXT(Terrain!$N:$N,"0"), 0)), "-")} -> - | L8: {=IFERROR(INDEX(Terrain!$E:$E, MATCH(TEXT(F8,"0"), TEXT(Terrain!$N:$N,"0"), 0)), "-")} -> - | M8: {=IFERROR(INDEX(Terrain!$C:$C, MATCH(TEXT(F8,"0"), TEXT(Terrain!$N:$N,"0"), 0)), "Contract")} -> Contract | N8: ผท1425 | O8: สฎ | P8: 0 | Q8: สมบูรณ์ | R8: 0 | S8: 18 | T8: 001 | U8: 001 | X8: N | Y8: N | Z8: N | AA8: FFB | AB8: 8.3 | AC8: 0 | AD8: 0 | AE8: 46113.495 | AF8: 18 | AG8: 2050 | AH8: 46113.483 | AI8: 14 | AJ8: 5380 | AK8: 3330 | AL8: 0 | AM8: 0 | AN8: 0 | AO8: 0 | AP8: 0 | AQ8: 0 | AR8: 0 | AS8: 0 | AU8: 0 | AV8: 0 | AW8: 4 | BE8: 0 | BF8: 0 | BG8: 0 | BH8: 0 | BI8: 0 | BJ8: 0 | BK8: 0 | BL8: 0 | BM8: 0 | BN8: 0 | BO8: 0 | BP8: 0 | BQ8: 0 | BR8: 0 | BT8: 46113 | BU8: 0 | BV8: 0 | BW8: 0 | BX8: 0 | BZ8: 0 | CA8: 0 | CB8: 0 | CC8: 0 | CD8: 0 | CF8: 0 | CG8: 46113 | CH8: 46113 | CI8: E2077
A9: 2078 | B9: I | C9: N | D9: 46113 | E9: 1 | F9: 92001 | G9: {=_xlfn.XLOOKUP(TRIM(F9), TRIM(Wpct!$A$2:$A$1000), Wpct!$B$2:$B$1000, "ไม่พบชื่อ", 0) & IF(_xlfn.XLOOKUP(TRIM(F9), TRIM(Terrain!$N$2:$N$1002), Terrain!$I$2:$I$1002, "NO", 0)="YES", " (R)", "")} -> พันไร่ 01 (R) | H9: {=IFERROR(_xlfn.SWITCH(_xlfn.XLOOKUP(TRIM(F9), TRIM(Terrain!$N:$N), Terrain!$I:$I), "YES", "RSPO", "NO", "NON-RSPO", "OB", "Outbound Logistics"), "Contract Farmer")} -> RSPO | I9: N | K9: {=IFERROR(INDEX(Terrain!$D:$D, MATCH(TEXT(F9,"0"), TEXT(Terrain!$N:$N,"0"), 0)), "-")} -> Panrai | L9: {=IFERROR(INDEX(Terrain!$E:$E, MATCH(TEXT(F9,"0"), TEXT(Terrain!$N:$N,"0"), 0)), "-")} -> 60-C01-R | M9: {=IFERROR(INDEX(Terrain!$C:$C, MATCH(TEXT(F9,"0"), TEXT(Terrain!$N:$N,"0"), 0)), "Contract")} -> Lower | N9: 81-9344 | O9: สฎ | P9: 0 | Q9: ทวีศักดิ์ วิโรจน์ | R9: 0 | S9: 18 | T9: 001 | U9: 001 | W9: 922_5 | X9: N | Y9: N | Z9: N | AA9: FFB | AB9: 0 | AC9: 0 | AD9: 0 | AE9: 46113.498 | AF9: 20 | AG9: 3440 | AH9: 46113.485 | AI9: 15 | AJ9: 8030 | AK9: 4590 | AL9: 0 | AM9: 0 | AN9: 0 | AO9: 0 | AP9: 0 | AQ9: 0 | AR9: 0 | AS9: 0 | AU9: 249 | AV9: 0 | AW9: 0 | BE9: 0 | BF9: 0 | BG9: 0 | BH9: 0 | BI9: 0 | BJ9: 0 | BK9: 0 | BL9: 0 | BM9: 0 | BN9: 0 | BO9: 0 | BP9: 0 | BQ9: 0 | BR9: 0 | BT9: 46113 | BU9: 0 | BV9: 0 | BW9: 0 | BX9: 0 | BZ9: 0 | CA9: 0 | CB9: 0 | CC9: 0 | CD9: 0 | CF9: 0 | CG9: 46113 | CH9: 46113 | CI9: E2078
A10: 2079 | B10: I | C10: N | D10: 46113 | E10: 1 | F10: 90009 | G10: {=_xlfn.XLOOKUP(TRIM(F10), TRIM(Wpct!$A$2:$A$1000), Wpct!$B$2:$B$1000, "ไม่พบชื่อ", 0) & IF(_xlfn.XLOOKUP(TRIM(F10), TRIM(Terrain!$N$2:$N$1002), Terrain!$I$2:$I$1002, "NO", 0)="YES", " (R)", "")} -> กะเปา 09 (R) | H10: {=IFERROR(_xlfn.SWITCH(_xlfn.XLOOKUP(TRIM(F10), TRIM(Terrain!$N:$N), Terrain!$I:$I), "YES", "RSPO", "NO", "NON-RSPO", "OB", "Outbound Logistics"), "Contract Farmer")} -> RSPO | I10: N | K10: {=IFERROR(INDEX(Terrain!$D:$D, MATCH(TEXT(F10,"0"), TEXT(Terrain!$N:$N,"0"), 0)), "-")} -> Kapao | L10: {=IFERROR(INDEX(Terrain!$E:$E, MATCH(TEXT(F10,"0"), TEXT(Terrain!$N:$N,"0"), 0)), "-")} -> 57-A09-R | M10: {=IFERROR(INDEX(Terrain!$C:$C, MATCH(TEXT(F10,"0"), TEXT(Terrain!$N:$N,"0"), 0)), "Contract")} -> Lower | N10: บร3677 | O10: สฎ | P10: 0 | R10: 0 | S10: 18 | T10: 001 | U10: 001 | W10: 902_6 | X10: N | Y10: N | Z10: N | AA10: FFB | AB10: 0 | AC10: 0 | AD10: 0 | AE10: 46113.501 | AF10: 24 | AG10: 1490 | AH10: 46113.489 | AI10: 17 | AJ10: 2820 | AK10: 1330 | AL10: 0 | AM10: 0 | AN10: 0 | AO10: 0 | AP10: 0 | AQ10: 0 | AR10: 0 | AS10: 0 | AU10: 91 | AV10: 0 | AW10: 0 | BE10: 0 | BF10: 0 | BG10: 0 | BH10: 0 | BI10: 0 | BJ10: 0 | BK10: 0 | BL10: 0 | BM10: 0 | BN10: 0 | BO10: 0 | BP10: 0 | BQ10: 0 | BR10: 0 | BT10: 46113 | BU10: 0 | BV10: 0 | BW10: 0 | BX10: 0 | BZ10: 0 | CA10: 0 | CB10: 0 | CC10: 0 | CD10: 0 | CF10: 0 | CG10: 46113 | CH10: 46113 | CI10: E2079
A11: 2080 | B11: I | C11: N | D11: 46113 | E11: 1 | F11: 22456 | G11: {=_xlfn.XLOOKUP(TRIM(F11), TRIM(Wpct!$A$2:$A$1000), Wpct!$B$2:$B$1000, "ไม่พบชื่อ", 0) & IF(_xlfn.XLOOKUP(TRIM(F11), TRIM(Terrain!$N$2:$N$1002), Terrain!$I$2:$I$1002, "NO", 0)="YES", " (R)", "")} -> บริษัท ฟี.บี. จำกัด | H11: {=IFERROR(_xlfn.SWITCH(_xlfn.XLOOKUP(TRIM(F11), TRIM(Terrain!$N:$N), Terrain!$I:$I), "YES", "RSPO", "NO", "NON-RSPO", "OB", "Outbound Logistics"), "Contract Farmer")} -> Contract Farmer | I11: N | K11: {=IFERROR(INDEX(Terrain!$D:$D, MATCH(TEXT(F11,"0"), TEXT(Terrain!$N:$N,"0"), 0)), "-")} -> - | L11: {=IFERROR(INDEX(Terrain!$E:$E, MATCH(TEXT(F11,"0"), TEXT(Terrain!$N:$N,"0"), 0)), "-")} -> - | M11: {=IFERROR(INDEX(Terrain!$C:$C, MATCH(TEXT(F11,"0"), TEXT(Terrain!$N:$N,"0"), 0)), "Contract")} -> Contract | N11: 81-2209 | O11: สฎ | P11: 0 | Q11: นายสุธีร์ เกตุแย้ม | R11: 0 | S11: 18 | T11: 001 | U11: 001 | X11: N | Y11: N | Z11: N | AA11: FFB | AB11: 8.2 | AC11: 0 | AD11: 0 | AE11: 46113.5 | AF11: 23 | AG11: 4490 | AH11: 46113.496 | AI11: 19 | AJ11: 7400 | AK11: 2910 | AL11: 0 | AM11: 0 | AN11: 0 | AO11: 0 | AP11: 0 | AQ11: 0 | AR11: 0 | AS11: 0 | AU11: 0 | AV11: 0 | AW11: 0 | BE11: 0 | BF11: 0 | BG11: 0 | BH11: 0 | BI11: 0 | BJ11: 0 | BK11: 0 | BL11: 0 | BM11: 0 | BN11: 0 | BO11: 0 | BP11: 0 | BQ11: 0 | BR11: 0 | BT11: 46113 | BU11: 0 | BV11: 0 | BW11: 0 | BX11: 0 | BZ11: 0 | CA11: 0 | CB11: 0 | CC11: 0 | CD11: 0 | CF11: 0 | CG11: 46113 | CH11: 46113 | CI11: E2080
A12: 2081 | B12: I | C12: N | D12: 46113 | E12: 1 | F12: 22455 | G12: {=_xlfn.XLOOKUP(TRIM(F12), TRIM(Wpct!$A$2:$A$1000), Wpct!$B$2:$B$1000, "ไม่พบชื่อ", 0) & IF(_xlfn.XLOOKUP(TRIM(F12), TRIM(Terrain!$N$2:$N$1002), Terrain!$I$2:$I$1002, "NO", 0)="YES", " (R)", "")} -> บริษัท สวนนายห้าง จำกัด | H12: {=IFERROR(_xlfn.SWITCH(_xlfn.XLOOKUP(TRIM(F12), TRIM(Terrain!$N:$N), Terrain!$I:$I), "YES", "RSPO", "NO", "NON-RSPO", "OB", "Outbound Logistics"), "Contract Farmer")} -> Contract Farmer | I12: N | K12: {=IFERROR(INDEX(Terrain!$D:$D, MATCH(TEXT(F12,"0"), TEXT(Terrain!$N:$N,"0"), 0)), "-")} -> - | L12: {=IFERROR(INDEX(Terrain!$E:$E, MATCH(TEXT(F12,"0"), TEXT(Terrain!$N:$N,"0"), 0)), "-")} -> - | M12: {=IFERROR(INDEX(Terrain!$C:$C, MATCH(TEXT(F12,"0"), TEXT(Terrain!$N:$N,"0"), 0)), "Contract")} -> Contract | N12: ผต1807 | O12: สฎ | P12: 0 | Q12: ชัชพิสิฐ มวนนามอญ | R12: 0 | S12: 18 | T12: 001 | U12: 001 | X12: N | Y12: N | Z12: N | AA12: FFB | AB12: 8.3 | AC12: 0 | AD12: 0 | AE12: 46113.507 | AF12: 25 | AG12: 2210 | AH12: 46113.499 | AI12: 21 | AJ12: 4700 | AK12: 2490 | AL12: 0 | AM12: 0 | AN12: 0 | AO12: 0 | AP12: 0 | AQ12: 0 | AR12: 0 | AS12: 0 | AU12: 0 | AV12: 0 | AW12: 0 | BE12: 0 | BF12: 0 | BG12: 0 | BH12: 0 | BI12: 0 | BJ12: 0 | BK12: 0 | BL12: 0 | BM12: 0 | BN12: 0 | BO12: 0 | BP12: 0 | BQ12: 0 | BR12: 0 | BT12: 46113 | BU12: 0 | BV12: 0 | BW12: 0 | BX12: 0 | BZ12: 0 | CA12: 0 | CB12: 0 | CC12: 0 | CD12: 0 | CF12: 0 | CG12: 46113 | CH12: 46113 | CI12: E2081
A13: 2082 | B13: I | C13: N | D13: 46113 | E13: 1 | F13: 91001_2 | G13: {=_xlfn.XLOOKUP(TRIM(F13), TRIM(Wpct!$A$2:$A$1000), Wpct!$B$2:$B$1000, "ไม่พบชื่อ", 0) & IF(_xlfn.XLOOKUP(TRIM(F13), TRIM(Terrain!$N$2:$N$1002), Terrain!$I$2:$I$1002, "NO", 0)="YES", " (R)", "")} -> บางกัน 01 | H13: {=IFERROR(_xlfn.SWITCH(_xlfn.XLOOKUP(TRIM(F13), TRIM(Terrain!$N:$N), Terrain!$I:$I), "YES", "RSPO", "NO", "NON-RSPO", "OB", "Outbound Logistics"), "Contract Farmer")} -> NON-RSPO | I13: N | K13: {=IFERROR(INDEX(Terrain!$D:$D, MATCH(TEXT(F13,"0"), TEXT(Terrain!$N:$N,"0"), 0)), "-")} -> Banggun | L13: {=IFERROR(INDEX(Terrain!$E:$E, MATCH(TEXT(F13,"0"), TEXT(Terrain!$N:$N,"0"), 0)), "-")} -> 65-B01 | M13: {=IFERROR(INDEX(Terrain!$C:$C, MATCH(TEXT(F13,"0"), TEXT(Terrain!$N:$N,"0"), 0)), "Contract")} -> Upper | N13: 82-5318 | O13: สฎ | P13: 0 | Q13: นายพรชัย ช่วยจำ | R13: 0 | S13: 18 | T13: 001 | U13: 001 | W13: 911_4 | X13: N | Y13: N | Z13: N | AA13: FFB | AB13: 0 | AC13: 0 | AD13: 0 | AE13: 46113.537 | AF13: 27 | AG13: 5070 | AH13: 46113.536 | AI13: 26 | AJ13: 7370 | AK13: 2300 | AL13: 0 | AM13: 0 | AN13: 0 | AO13: 0 | AP13: 0 | AQ13: 0 | AR13: 0 | AS13: 0 | AU13: 807 | AV13: 0 | AW13: 0 | BE13: 0 | BF13: 0 | BG13: 0 | BH13: 0 | BI13: 0 | BJ13: 0 | BK13: 0 | BL13: 0 | BM13: 0 | BN13: 0 | BO13: 0 | BP13: 0 | BQ13: 0 | BR13: 0 | BT13: 46113 | BU13: 0 | BV13: 0 | BW13: 0 | BX13: 0 | BZ13: 0 | CA13: 0 | CB13: 0 | CC13: 0 | CD13: 0 | CF13: 0 | CG13: 46113 | CH13: 46113 | CI13: E2082
A14: 2083 | B14: I | C14: N | D14: 46113 | E14: 1 | F14: 91013 | G14: {=_xlfn.XLOOKUP(TRIM(F14), TRIM(Wpct!$A$2:$A$1000), Wpct!$B$2:$B$1000, "ไม่พบชื่อ", 0) & IF(_xlfn.XLOOKUP(TRIM(F14), TRIM(Terrain!$N$2:$N$1002), Terrain!$I$2:$I$1002, "NO", 0)="YES", " (R)", "")} -> บางกัน 13 | H14: {=IFERROR(_xlfn.SWITCH(_xlfn.XLOOKUP(TRIM(F14), TRIM(Terrain!$N:$N), Terrain!$I:$I), "YES", "RSPO", "NO", "NON-RSPO", "OB", "Outbound Logistics"), "Contract Farmer")} -> NON-RSPO | I14: N | K14: {=IFERROR(INDEX(Terrain!$D:$D, MATCH(TEXT(F14,"0"), TEXT(Terrain!$N:$N,"0"), 0)), "-")} -> Banggun | L14: {=IFERROR(INDEX(Terrain!$E:$E, MATCH(TEXT(F14,"0"), TEXT(Terrain!$N:$N,"0"), 0)), "-")} -> 49-B13 | M14: {=IFERROR(INDEX(Terrain!$C:$C, MATCH(TEXT(F14,"0"), TEXT(Terrain!$N:$N,"0"), 0)), "Contract")} -> Upper | N14: 82-2952 | O14: สฎ | P14: 0 | Q14: ธวัชชัย ชูจอน | R14: 0 | S14: 18 | T14: 001 | U14: 001 | W14: 919 | X14: N | Y14: N | Z14: N | AA14: FFB | AB14: 0 | AC14: 0 | AD14: 0 | AE14: 46113.542 | AF14: 29 | AG14: 7230 | AH14: 46113.54 | AI14: 28 | AJ14: 15280 | AK14: 8050 | AL14: 0 | AM14: 0 | AN14: 0 | AO14: 0 | AP14: 0 | AQ14: 0 | AR14: 0 | AS14: 0 | AU14: 335 | AV14: 0 | AW14: 0 | BE14: 0 | BF14: 0 | BG14: 0 | BH14: 0 | BI14: 0 | BJ14: 0 | BK14: 0 | BL14: 0 | BM14: 0 | BN14: 0 | BO14: 0 | BP14: 0 | BQ14: 0 | BR14: 0 | BT14: 46113 | BU14: 0 | BV14: 0 | BW14: 0 | BX14: 0 | BZ14: 0 | CA14: 0 | CB14: 0 | CC14: 0 | CD14: 0 | CF14: 0 | CG14: 46113 | CH14: 46113 | CI14: E2083
A15: 2084 | B15: I | C15: N | D15: 46113 | E15: 1 | F15: 92011 | G15: {=_xlfn.XLOOKUP(TRIM(F15), TRIM(Wpct!$A$2:$A$1000), Wpct!$B$2:$B$1000, "ไม่พบชื่อ", 0) & IF(_xlfn.XLOOKUP(TRIM(F15), TRIM(Terrain!$N$2:$N$1002), Terrain!$I$2:$I$1002, "NO", 0)="YES", " (R)", "")} -> พันไร่ 11 (R) | H15: {=IFERROR(_xlfn.SWITCH(_xlfn.XLOOKUP(TRIM(F15), TRIM(Terrain!$N:$N), Terrain!$I:$I), "YES", "RSPO", "NO", "NON-RSPO", "OB", "Outbound Logistics"), "Contract Farmer")} -> RSPO | I15: N | K15: {=IFERROR(INDEX(Terrain!$D:$D, MATCH(TEXT(F15,"0"), TEXT(Terrain!$N:$N,"0"), 0)), "-")} -> Panrai | L15: {=IFERROR(INDEX(Terrain!$E:$E, MATCH(TEXT(F15,"0"), TEXT(Terrain!$N:$N,"0"), 0)), "-")} -> 59-C11-R | M15: {=IFERROR(INDEX(Terrain!$C:$C, MATCH(TEXT(F15,"0"), TEXT(Terrain!$N:$N,"0"), 0)), "Contract")} -> Lower | N15: บร2653 | O15: สฎ | P15: 0 | Q15: สันติภาพ | R15: 0 | S15: 18 | T15: 001 | U15: 001 | W15: 922_4 | X15: N | Y15: N | Z15: N | AA15: FFB | AB15: 0 | AC15: 0 | AD15: 0 | AE15: 46113.551 | AF15: 32 | AG15: 1520 | AH15: 46113.544 | AI15: 30 | AJ15: 3100 | AK15: 1580 | AL15: 0 | AM15: 0 | AN15: 0 | AO15: 0 | AP15: 0 | AQ15: 0 | AR15: 0 | AS15: 0 | AU15: 74 | AV15: 0 | AW15: 0 | BE15: 0 | BF15: 0 | BG15: 0 | BH15: 0 | BI15: 0 | BJ15: 0 | BK15: 0 | BL15: 0 | BM15: 0 | BN15: 0 | BO15: 0 | BP15: 0 | BQ15: 0 | BR15: 0 | BT15: 46113 | BU15: 0 | BV15: 0 | BW15: 0 | BX15: 0 | BZ15: 0 | CA15: 0 | CB15: 0 | CC15: 0 | CD15: 0 | CF15: 0 | CG15: 46113 | CH15: 46113 | CI15: E2084
A16: 2085 | B16: I | C16: N | D16: 46113 | E16: 1 | F16: 94006_2 | G16: {=_xlfn.XLOOKUP(TRIM(F16), TRIM(Wpct!$A$2:$A$1000), Wpct!$B$2:$B$1000, "ไม่พบชื่อ", 0) & IF(_xlfn.XLOOKUP(TRIM(F16), TRIM(Terrain!$N$2:$N$1002), Terrain!$I$2:$I$1002, "NO", 0)="YES", " (R)", "")} -> ปลายราง 06 (R) | H16: {=IFERROR(_xlfn.SWITCH(_xlfn.XLOOKUP(TRIM(F16), TRIM(Terrain!$N:$N), Terrain!$I:$I), "YES", "RSPO", "NO", "NON-RSPO", "OB", "Outbound Logistics"), "Contract Farmer")} -> RSPO | I16: N | K16: {=IFERROR(INDEX(Terrain!$D:$D, MATCH(TEXT(F16,"0"), TEXT(Terrain!$N:$N,"0"), 0)), "-")} -> Plairang | L16: {=IFERROR(INDEX(Terrain!$E:$E, MATCH(TEXT(F16,"0"), TEXT(Terrain!$N:$N,"0"), 0)), "-")} -> 64-P06-R | M16: {=IFERROR(INDEX(Terrain!$C:$C, MATCH(TEXT(F16,"0"), TEXT(Terrain!$N:$N,"0"), 0)), "Contract")} -> Lower | N16: ผท9991 | O16: สฎ | P16: 0 | R16: 0 | S16: 18 | T16: 001 | U16: 001 | W16: 942_3 | X16: N | Y16: N | Z16: N | AA16: FFB | AB16: 0 | AC16: 0 | AD16: 0 | AE16: 46113.553 | AF16: 33 | AG16: 2120 | AH16: 46113.549 | AI16: 31 | AJ16: 4130 | AK16: 2010 | AL16: 0 | AM16: 0 | AN16: 0 | AO16: 0 | AP16: 0 | AQ16: 0 | AR16: 0 | AS16: 0 | AU16: 320 | AV16: 0 | AW16: 0 | BE16: 0 | BF16: 0 | BG16: 0 | BH16: 0 | BI16: 0 | BJ16: 0 | BK16: 0 | BL16: 0 | BM16: 0 | BN16: 0 | BO16: 0 | BP16: 0 | BQ16: 0 | BR16: 0 | BT16: 46113 | BU16: 0 | BV16: 0 | BW16: 0 | BX16: 0 | BZ16: 0 | CA16: 0 | CB16: 0 | CC16: 0 | CD16: 0 | CF16: 0 | CG16: 46113 | CH16: 46113 | CI16: E2085
A17: 2086 | B17: I | C17: N | D17: 46113 | E17: 1 | F17: 92001 | G17: {=_xlfn.XLOOKUP(TRIM(F17), TRIM(Wpct!$A$2:$A$1000), Wpct!$B$2:$B$1000, "ไม่พบชื่อ", 0) & IF(_xlfn.XLOOKUP(TRIM(F17), TRIM(Terrain!$N$2:$N$1002), Terrain!$I$2:$I$1002, "NO", 0)="YES", " (R)", "")} -> พันไร่ 01 (R) | H17: {=IFERROR(_xlfn.SWITCH(_xlfn.XLOOKUP(TRIM(F17), TRIM(Terrain!$N:$N), Terrain!$I:$I), "YES", "RSPO", "NO", "NON-RSPO", "OB", "Outbound Logistics"), "Contract Farmer")} -> RSPO | I17: N | K17: {=IFERROR(INDEX(Terrain!$D:$D, MATCH(TEXT(F17,"0"), TEXT(Terrain!$N:$N,"0"), 0)), "-")} -> Panrai | L17: {=IFERROR(INDEX(Terrain!$E:$E, MATCH(TEXT(F17,"0"), TEXT(Terrain!$N:$N,"0"), 0)), "-")} -> 60-C01-R | M17: {=IFERROR(INDEX(Terrain!$C:$C, MATCH(TEXT(F17,"0"), TEXT(Terrain!$N:$N,"0"), 0)), "Contract")} -> Lower | N17: 81-9344 | O17: สฎ | P17: 0 | Q17: ทวีศักดิ์ วิโรจน์ | R17: 0 | S17: 18 | T17: 001 | U17: 001 | W17: 922_5 | X17: N | Y17: N | Z17: N | AA17: FFB | AB17: 0 | AC17: 0 | AD17: 0 | AE17: 46113.562 | AF17: 37 | AG17: 3440 | AH17: 46113.559 | AI17: 34 | AJ17: 7060 | AK17: 3620 | AL17: 0 | AM17: 0 | AN17: 0 | AO17: 0 | AP17: 0 | AQ17: 0 | AR17: 0 | AS17: 0 | AU17: 228 | AV17: 0 | AW17: 0 | BE17: 0 | BF17: 0 | BG17: 0 | BH17: 0 | BI17: 0 | BJ17: 0 | BK17: 0 | BL17: 0 | BM17: 0 | BN17: 0 | BO17: 0 | BP17: 0 | BQ17: 0 | BR17: 0 | BT17: 46113 | BU17: 0 | BV17: 0 | BW17: 0 | BX17: 0 | BZ17: 0 | CA17: 0 | CB17: 0 | CC17: 0 | CD17: 0 | CF17: 0 | CG17: 46113 | CH17: 46113 | CI17: E2086
A18: 2087 | B18: O | C18: N | D18: 46113 | E18: 1 | F18: 99000 | G18: {=_xlfn.XLOOKUP(TRIM(F18), TRIM(Wpct!$A$2:$A$1000), Wpct!$B$2:$B$1000, "ไม่พบชื่อ", 0) & IF(_xlfn.XLOOKUP(TRIM(F18), TRIM(Terrain!$N$2:$N$1002), Terrain!$I$2:$I$1002, "NO", 0)="YES", " (R)", "")} -> บจก.ทักษิณปาล์ม (ฝ่ายสวนปาล์ม) | H18: {=IFERROR(_xlfn.SWITCH(_xlfn.XLOOKUP(TRIM(F18), TRIM(Terrain!$N:$N), Terrain!$I:$I), "YES", "RSPO", "NO", "NON-RSPO", "OB", "Outbound Logistics"), "Contract Farmer")} -> Outbound Logistics | I18: N | K18: {=IFERROR(INDEX(Terrain!$D:$D, MATCH(TEXT(F18,"0"), TEXT(Terrain!$N:$N,"0"), 0)), "-")} -> Outbound | L18: {=IFERROR(INDEX(Terrain!$E:$E, MATCH(TEXT(F18,"0"), TEXT(Terrain!$N:$N,"0"), 0)), "-")} -> Ramp | M18: {=IFERROR(INDEX(Terrain!$C:$C, MATCH(TEXT(F18,"0"), TEXT(Terrain!$N:$N,"0"), 0)), "Contract")} -> EST | N18: 81-5257 | O18: สฎ | P18: 0 | Q18: นายพจร เคลื่อนทอง | R18: 0 | S18: 18 | T18: 001 | U18: 001 | X18: N | Y18: N | Z18: N | AA18: FFB | AB18: 0 | AC18: 0 | AD18: 0 | AE18: 46113.561 | AF18: 36 | AG18: 10750 | AH18: 46113.601 | AI18: 47 | AJ18: 24970 | AK18: 14220 | AL18: 0 | AM18: 0 | AN18: 0 | AO18: 0 | AP18: 0 | AQ18: 0 | AR18: 0 | AS18: 0 | AU18: 0 | AV18: 0 | AW18: 0 | BE18: 0 | BF18: 0 | BG18: 0 | BH18: 0 | BI18: 0 | BJ18: 0 | BK18: 0 | BL18: 0 | BM18: 0 | BN18: 0 | BO18: 0 | BP18: 0 | BQ18: 0 | BR18: 0 | BS18: 03175 | BT18: 46113 | BU18: 18 | BV18: 10720 | BW18: 24890 | BX18: 14170 | BZ18: 0 | CA18: 0 | CB18: 0 | CC18: 0 | CD18: 0 | CE18: SPC | CF18: 0 | CG18: 46113.647 | CH18: 46113.663 | CI18: E2087
A19: 2088 | B19: I | C19: N | D19: 46113 | E19: 1 | F19: 22424 | G19: {=_xlfn.XLOOKUP(TRIM(F19), TRIM(Wpct!$A$2:$A$1000), Wpct!$B$2:$B$1000, "ไม่พบชื่อ", 0) & IF(_xlfn.XLOOKUP(TRIM(F19), TRIM(Terrain!$N$2:$N$1002), Terrain!$I$2:$I$1002, "NO", 0)="YES", " (R)", "")} -> บริษัทศรีสุบรรณฟาร์ม จำกัด | H19: {=IFERROR(_xlfn.SWITCH(_xlfn.XLOOKUP(TRIM(F19), TRIM(Terrain!$N:$N), Terrain!$I:$I), "YES", "RSPO", "NO", "NON-RSPO", "OB", "Outbound Logistics"), "Contract Farmer")} -> Contract Farmer | I19: N | K19: {=IFERROR(INDEX(Terrain!$D:$D, MATCH(TEXT(F19,"0"), TEXT(Terrain!$N:$N,"0"), 0)), "-")} -> - | L19: {=IFERROR(INDEX(Terrain!$E:$E, MATCH(TEXT(F19,"0"), TEXT(Terrain!$N:$N,"0"), 0)), "-")} -> - | M19: {=IFERROR(INDEX(Terrain!$C:$C, MATCH(TEXT(F19,"0"), TEXT(Terrain!$N:$N,"0"), 0)), "Contract")} -> Contract | N19: 82-0528 | O19: สฎ | P19: 0 | R19: 0 | S19: 18 | T19: 001 | U19: 001 | X19: N | Y19: N | Z19: N | AA19: FFB | AB19: 8.6 | AC19: 0 | AD19: 0 | AE19: 46113.58 | AF19: 42 | AG19: 5440 | AH19: 46113.57 | AI19: 40 | AJ19: 11010 | AK19: 5570 | AL19: 0 | AM19: 0 | AN19: 0 | AO19: 0 | AP19: 0 | AQ19: 0 | AR19: 0 | AS19: 0 | AU19: 0 | AV19: 0 | AW19: 20 | BE19: 0 | BF19: 0 | BG19: 0 | BH19: 0 | BI19: 0 | BJ19: 0 | BK19: 0 | BL19: 0 | BM19: 0 | BN19: 0 | BO19: 0 | BP19: 0 | BQ19: 0 | BR19: 0 | BT19: 46113 | BU19: 0 | BV19: 0 | BW19: 0 | BX19: 0 | BZ19: 0 | CA19: 0 | CB19: 0 | CC19: 0 | CD19: 0 | CF19: 0 | CG19: 46113 | CH19: 46113 | CI19: E2088
A20: 2089 | B20: I | C20: N | D20: 46113 | E20: 1 | F20: 22456 | G20: {=_xlfn.XLOOKUP(TRIM(F20), TRIM(Wpct!$A$2:$A$1000), Wpct!$B$2:$B$1000, "ไม่พบชื่อ", 0) & IF(_xlfn.XLOOKUP(TRIM(F20), TRIM(Terrain!$N$2:$N$1002), Terrain!$I$2:$I$1002, "NO", 0)="YES", " (R)", "")} -> บริษัท ฟี.บี. จำกัด | H20: {=IFERROR(_xlfn.SWITCH(_xlfn.XLOOKUP(TRIM(F20), TRIM(Terrain!$N:$N), Terrain!$I:$I), "YES", "RSPO", "NO", "NON-RSPO", "OB", "Outbound Logistics"), "Contract Farmer")} -> Contract Farmer | I20: N | K20: {=IFERROR(INDEX(Terrain!$D:$D, MATCH(TEXT(F20,"0"), TEXT(Terrain!$N:$N,"0"), 0)), "-")} -> - | L20: {=IFERROR(INDEX(Terrain!$E:$E, MATCH(TEXT(F20,"0"), TEXT(Terrain!$N:$N,"0"), 0)), "-")} -> - | M20: {=IFERROR(INDEX(Terrain!$C:$C, MATCH(TEXT(F20,"0"), TEXT(Terrain!$N:$N,"0"), 0)), "Contract")} -> Contract | N20: 81-0395 | O20: สฎ | P20: 0 | Q20: สมศักดิ์ รอกระโทก | R20: 0 | S20: 18 | T20: 001 | U20: 001 | X20: N | Y20: N | Z20: N | AA20: FFB | AB20: 8.2 | AC20: 0 | AD20: 0 | AE20: 46113.582 | AF20: 43 | AG20: 4060 | AH20: 46113.572 | AI20: 41 | AJ20: 8100 | AK20: 4040 | AL20: 0 | AM20: 0 | AN20: 0 | AO20: 0 | AP20: 0 | AQ20: 0 | AR20: 0 | AS20: 0 | AU20: 0 | AV20: 0 | AW20: 0 | BE20: 0 | BF20: 0 | BG20: 0 | BH20: 0 | BI20: 0 | BJ20: 0 | BK20: 0 | BL20: 0 | BM20: 0 | BN20: 0 | BO20: 0 | BP20: 0 | BQ20: 0 | BR20: 0 | BT20: 46113 | BU20: 0 | BV20: 0 | BW20: 0 | BX20: 0 | BZ20: 0 | CA20: 0 | CB20: 0 | CC20: 0 | CD20: 0 | CF20: 0 | CG20: 46113 | CH20: 46113 | CI20: E2089
A21: 2090 | B21: I | C21: N | D21: 46113 | E21: 1 | F21: 94008_2 | G21: {=_xlfn.XLOOKUP(TRIM(F21), TRIM(Wpct!$A$2:$A$1000), Wpct!$B$2:$B$1000, "ไม่พบชื่อ", 0) & IF(_xlfn.XLOOKUP(TRIM(F21), TRIM(Terrain!$N$2:$N$1002), Terrain!$I$2:$I$1002, "NO", 0)="YES", " (R)", "")} -> ปลายราง 08 (R) | H21: {=IFERROR(_xlfn.SWITCH(_xlfn.XLOOKUP(TRIM(F21), TRIM(Terrain!$N:$N), Terrain!$I:$I), "YES", "RSPO", "NO", "NON-RSPO", "OB", "Outbound Logistics"), "Contract Farmer")} -> RSPO | I21: N | K21: {=IFERROR(INDEX(Terrain!$D:$D, MATCH(TEXT(F21,"0"), TEXT(Terrain!$N:$N,"0"), 0)), "-")} -> Plairang | L21: {=IFERROR(INDEX(Terrain!$E:$E, MATCH(TEXT(F21,"0"), TEXT(Terrain!$N:$N,"0"), 0)), "-")} -> 64-P08-R | M21: {=IFERROR(INDEX(Terrain!$C:$C, MATCH(TEXT(F21,"0"), TEXT(Terrain!$N:$N,"0"), 0)), "Contract")} -> Lower | N21: 81-1907 | O21: สฎ | P21: 0 | Q21: นายศุภชัย ว่างงาน | R21: 0 | S21: 18 | T21: 001 | U21: 001 | W21: 942_1 | X21: N | Y21: N | Z21: N | AA21: FFB | AB21: 0 | AC21: 0 | AD21: 0 | AE21: 46113.595 | AF21: 45 | AG21: 6660 | AH21: 46113.592 | AI21: 44 | AJ21: 11490 | AK21: 4830 | AL21: 0 | AM21: 0 | AN21: 0 | AO21: 0 | AP21: 0 | AQ21: 0 | AR21: 0 | AS21: 0 | AU21: 921 | AV21: 0 | AW21: 0 | BE21: 0 | BF21: 0 | BG21: 0 | BH21: 0 | BI21: 0 | BJ21: 0 | BK21: 0 | BL21: 0 | BM21: 0 | BN21: 0 | BO21: 0 | BP21: 0 | BQ21: 0 | BR21: 0 | BT21: 46113 | BU21: 0 | BV21: 0 | BW21: 0 | BX21: 0 | BZ21: 0 | CA21: 0 | CB21: 0 | CC21: 0 | CD21: 0 | CF21: 0 | CG21: 46113 | CH21: 46113 | CI21: E2090
A22: 2091 | B22: I | C22: N | D22: 46113 | E22: 1 | F22: 22455 | G22: {=_xlfn.XLOOKUP(TRIM(F22), TRIM(Wpct!$A$2:$A$1000), Wpct!$B$2:$B$1000, "ไม่พบชื่อ", 0) & IF(_xlfn.XLOOKUP(TRIM(F22), TRIM(Terrain!$N$2:$N$1002), Terrain!$I$2:$I$1002, "NO", 0)="YES", " (R)", "")} -> บริษัท สวนนายห้าง จำกัด | H22: {=IFERROR(_xlfn.SWITCH(_xlfn.XLOOKUP(TRIM(F22), TRIM(Terrain!$N:$N), Terrain!$I:$I), "YES", "RSPO", "NO", "NON-RSPO", "OB", "Outbound Logistics"), "Contract Farmer")} -> Contract Farmer | I22: N | K22: {=IFERROR(INDEX(Terrain!$D:$D, MATCH(TEXT(F22,"0"), TEXT(Terrain!$N:$N,"0"), 0)), "-")} -> - | L22: {=IFERROR(INDEX(Terrain!$E:$E, MATCH(TEXT(F22,"0"), TEXT(Terrain!$N:$N,"0"), 0)), "-")} -> - | M22: {=IFERROR(INDEX(Terrain!$C:$C, MATCH(TEXT(F22,"0"), TEXT(Terrain!$N:$N,"0"), 0)), "Contract")} -> Contract | N22: ผต1807 | O22: สฎ | P22: 0 | Q22: ชัชพิสิฐ มวนนามอญ | R22: 0 | S22: 18 | T22: 001 | U22: 001 | X22: N | Y22: N | Z22: N | AA22: FFB | AB22: 8.3 | AC22: 0 | AD22: 0 | AE22: 46113.611 | AF22: 51 | AG22: 2180 | AH22: 46113.598 | AI22: 46 | AJ22: 5440 | AK22: 3260 | AL22: 0 | AM22: 0 | AN22: 0 | AO22: 0 | AP22: 0 | AQ22: 0 | AR22: 0 | AS22: 0 | AU22: 0 | AV22: 0 | AW22: 0 | BE22: 0 | BF22: 0 | BG22: 0 | BH22: 0 | BI22: 0 | BJ22: 0 | BK22: 0 | BL22: 0 | BM22: 0 | BN22: 0 | BO22: 0 | BP22: 0 | BQ22: 0 | BR22: 0 | BT22: 46113 | BU22: 0 | BV22: 0 | BW22: 0 | BX22: 0 | BZ22: 0 | CA22: 0 | CB22: 0 | CC22: 0 | CD22: 0 | CF22: 0 | CG22: 46113 | CH22: 46113 | CI22: E2091
A23: 2092 | B23: I | C23: N | D23: 46113 | E23: 1 | F23: 22455 | G23: {=_xlfn.XLOOKUP(TRIM(F23), TRIM(Wpct!$A$2:$A$1000), Wpct!$B$2:$B$1000, "ไม่พบชื่อ", 0) & IF(_xlfn.XLOOKUP(TRIM(F23), TRIM(Terrain!$N$2:$N$1002), Terrain!$I$2:$I$1002, "NO", 0)="YES", " (R)", "")} -> บริษัท สวนนายห้าง จำกัด | H23: {=IFERROR(_xlfn.SWITCH(_xlfn.XLOOKUP(TRIM(F23), TRIM(Terrain!$N:$N), Terrain!$I:$I), "YES", "RSPO", "NO", "NON-RSPO", "OB", "Outbound Logistics"), "Contract Farmer")} -> Contract Farmer | I23: N | K23: {=IFERROR(INDEX(Terrain!$D:$D, MATCH(TEXT(F23,"0"), TEXT(Terrain!$N:$N,"0"), 0)), "-")} -> - | L23: {=IFERROR(INDEX(Terrain!$E:$E, MATCH(TEXT(F23,"0"), TEXT(Terrain!$N:$N,"0"), 0)), "-")} -> - | M23: {=IFERROR(INDEX(Terrain!$C:$C, MATCH(TEXT(F23,"0"), TEXT(Terrain!$N:$N,"0"), 0)), "Contract")} -> Contract | N23: ผท1425 | O23: สฎ | P23: 0 | Q23: สมบูรณ์ | R23: 0 | S23: 18 | T23: 001 | U23: 001 | X23: N | Y23: N | Z23: N | AA23: FFB | AB23: 8.3 | AC23: 0 | AD23: 0 | AE23: 46113.621 | AF23: 55 | AG23: 2020 | AH23: 46113.603 | AI23: 48 | AJ23: 5350 | AK23: 3330 | AL23: 0 | AM23: 0 | AN23: 0 | AO23: 0 | AP23: 0 | AQ23: 0 | AR23: 0 | AS23: 0 | AU23: 0 | AV23: 0 | AW23: 4 | BE23: 0 | BF23: 0 | BG23: 0 | BH23: 0 | BI23: 0 | BJ23: 0 | BK23: 0 | BL23: 0 | BM23: 0 | BN23: 0 | BO23: 0 | BP23: 0 | BQ23: 0 | BR23: 0 | BT23: 46113 | BU23: 0 | BV23: 0 | BW23: 0 | BX23: 0 | BZ23: 0 | CA23: 0 | CB23: 0 | CC23: 0 | CD23: 0 | CF23: 0 | CG23: 46113 | CH23: 46113 | CI23: E2092
A24: 2093 | B24: I | C24: N | D24: 46113 | E24: 1 | F24: 92001 | G24: {=_xlfn.XLOOKUP(TRIM(F24), TRIM(Wpct!$A$2:$A$1000), Wpct!$B$2:$B$1000, "ไม่พบชื่อ", 0) & IF(_xlfn.XLOOKUP(TRIM(F24), TRIM(Terrain!$N$2:$N$1002), Terrain!$I$2:$I$1002, "NO", 0)="YES", " (R)", "")} -> พันไร่ 01 (R) | H24: {=IFERROR(_xlfn.SWITCH(_xlfn.XLOOKUP(TRIM(F24), TRIM(Terrain!$N:$N), Terrain!$I:$I), "YES", "RSPO", "NO", "NON-RSPO", "OB", "Outbound Logistics"), "Contract Farmer")} -> RSPO | I24: N | K24: {=IFERROR(INDEX(Terrain!$D:$D, MATCH(TEXT(F24,"0"), TEXT(Terrain!$N:$N,"0"), 0)), "-")} -> Panrai | L24: {=IFERROR(INDEX(Terrain!$E:$E, MATCH(TEXT(F24,"0"), TEXT(Terrain!$N:$N,"0"), 0)), "-")} -> 60-C01-R | M24: {=IFERROR(INDEX(Terrain!$C:$C, MATCH(TEXT(F24,"0"), TEXT(Terrain!$N:$N,"0"), 0)), "Contract")} -> Lower | N24: 81-9344 | O24: สฎ | P24: 0 | Q24: ทวีศักดิ์ วิโรจน์ | R24: 0 | S24: 18 | T24: 001 | U24: 001 | W24: 922_5 | X24: N | Y24: N | Z24: N | AA24: FFB | AB24: 0 | AC24: 0 | AD24: 0 | AE24: 46113.61 | AF24: 50 | AG24: 3440 | AH24: 46113.607 | AI24: 49 | AJ24: 6270 | AK24: 2830 | AL24: 0 | AM24: 0 | AN24: 0 | AO24: 0 | AP24: 0 | AQ24: 0 | AR24: 0 | AS24: 0 | AU24: 145 | AV24: 0 | AW24: 0 | BE24: 0 | BF24: 0 | BG24: 0 | BH24: 0 | BI24: 0 | BJ24: 0 | BK24: 0 | BL24: 0 | BM24: 0 | BN24: 0 | BO24: 0 | BP24: 0 | BQ24: 0 | BR24: 0 | BT24: 46113 | BU24: 0 | BV24: 0 | BW24: 0 | BX24: 0 | BZ24: 0 | CA24: 0 | CB24: 0 | CC24: 0 | CD24: 0 | CF24: 0 | CG24: 46113 | CH24: 46113 | CI24: E2093
A25: 2094 | B25: O | C25: N | D25: 46113 | E25: 2 | F25: 99000 | G25: {=_xlfn.XLOOKUP(TRIM(F25), TRIM(Wpct!$A$2:$A$1000), Wpct!$B$2:$B$1000, "ไม่พบชื่อ", 0) & IF(_xlfn.XLOOKUP(TRIM(F25), TRIM(Terrain!$N$2:$N$1002), Terrain!$I$2:$I$1002, "NO", 0)="YES", " (R)", "")} -> บจก.ทักษิณปาล์ม (ฝ่ายสวนปาล์ม) | H25: {=IFERROR(_xlfn.SWITCH(_xlfn.XLOOKUP(TRIM(F25), TRIM(Terrain!$N:$N), Terrain!$I:$I), "YES", "RSPO", "NO", "NON-RSPO", "OB", "Outbound Logistics"), "Contract Farmer")} -> Outbound Logistics | I25: N | K25: {=IFERROR(INDEX(Terrain!$D:$D, MATCH(TEXT(F25,"0"), TEXT(Terrain!$N:$N,"0"), 0)), "-")} -> Outbound | L25: {=IFERROR(INDEX(Terrain!$E:$E, MATCH(TEXT(F25,"0"), TEXT(Terrain!$N:$N,"0"), 0)), "-")} -> Ramp | M25: {=IFERROR(INDEX(Terrain!$C:$C, MATCH(TEXT(F25,"0"), TEXT(Terrain!$N:$N,"0"), 0)), "Contract")} -> EST | N25: 82-8674 | O25: สฎ | P25: 0 | Q25: นายพยุงศักดิ์ สมเพชร | R25: 0 | S25: 18 | T25: 001 | U25: 001 | X25: N | Y25: N | Z25: N | AA25: FFB | AB25: 0 | AC25: 0 | AD25: 0 | AE25: 46113.613 | AF25: 52 | AG25: 13850 | AH25: 46113.631 | AI25: 60 | AJ25: 24970 | AK25: 11120 | AL25: 0 | AM25: 0 | AN25: 0 | AO25: 0 | AP25: 0 | AQ25: 0 | AR25: 0 | AS25: 0 | AU25: 0 | AV25: 0 | AW25: 0 | BE25: 0 | BF25: 0 | BG25: 0 | BH25: 0 | BI25: 0 | BJ25: 0 | BK25: 0 | BL25: 0 | BM25: 0 | BN25: 0 | BO25: 0 | BP25: 0 | BQ25: 0 | BR25: 0 | BS25: 03178 | BT25: 46113 | BU25: 12 | BV25: 13830 | BW25: 24890 | BX25: 11060 | BZ25: 0 | CA25: 0 | CB25: 0 | CC25: 0 | CD25: 0 | CE25: SPC | CF25: 0 | CG25: 46113.683 | CH25: 46113.754 | CI25: E2094
A26: 2095 | B26: I | C26: N | D26: 46113 | E26: 1 | F26: 91003_1 | G26: {=_xlfn.XLOOKUP(TRIM(F26), TRIM(Wpct!$A$2:$A$1000), Wpct!$B$2:$B$1000, "ไม่พบชื่อ", 0) & IF(_xlfn.XLOOKUP(TRIM(F26), TRIM(Terrain!$N$2:$N$1002), Terrain!$I$2:$I$1002, "NO", 0)="YES", " (R)", "")} -> บางกัน 03 | H26: {=IFERROR(_xlfn.SWITCH(_xlfn.XLOOKUP(TRIM(F26), TRIM(Terrain!$N:$N), Terrain!$I:$I), "YES", "RSPO", "NO", "NON-RSPO", "OB", "Outbound Logistics"), "Contract Farmer")} -> NON-RSPO | I26: N | K26: {=IFERROR(INDEX(Terrain!$D:$D, MATCH(TEXT(F26,"0"), TEXT(Terrain!$N:$N,"0"), 0)), "-")} -> Banggun | L26: {=IFERROR(INDEX(Terrain!$E:$E, MATCH(TEXT(F26,"0"), TEXT(Terrain!$N:$N,"0"), 0)), "-")} -> 57-B03 | M26: {=IFERROR(INDEX(Terrain!$C:$C, MATCH(TEXT(F26,"0"), TEXT(Terrain!$N:$N,"0"), 0)), "Contract")} -> Upper | N26: ผธ236 | O26: สฎ | P26: 0 | Q26: ธนาวุฒิ เพชรสังวาลย์ | R26: 0 | S26: 18 | T26: 001 | U26: 001 | W26: 918_1 | X26: N | Y26: N | Z26: N | AA26: FFB | AB26: 0 | AC26: 0 | AD26: 0 | AE26: 46113.628 | AF26: 58 | AG26: 1600 | AH26: 46113.618 | AI26: 53 | AJ26: 3680 | AK26: 2080 | AL26: 0 | AM26: 0 | AN26: 0 | AO26: 0 | AP26: 0 | AQ26: 0 | AR26: 0 | AS26: 0 | AU26: 124 | AV26: 0 | AW26: 0 | BE26: 0 | BF26: 0 | BG26: 0 | BH26: 0 | BI26: 0 | BJ26: 0 | BK26: 0 | BL26: 0 | BM26: 0 | BN26: 0 | BO26: 0 | BP26: 0 | BQ26: 0 | BR26: 0 | BT26: 46113 | BU26: 0 | BV26: 0 | BW26: 0 | BX26: 0 | BZ26: 0 | CA26: 0 | CB26: 0 | CC26: 0 | CD26: 0 | CF26: 0 | CG26: 46113 | CH26: 46113 | CI26: E2095
A27: 2096 | B27: I | C27: N | D27: 46113 | E27: 1 | F27: 91003_1 | G27: {=_xlfn.XLOOKUP(TRIM(F27), TRIM(Wpct!$A$2:$A$1000), Wpct!$B$2:$B$1000, "ไม่พบชื่อ", 0) & IF(_xlfn.XLOOKUP(TRIM(F27), TRIM(Terrain!$N$2:$N$1002), Terrain!$I$2:$I$1002, "NO", 0)="YES", " (R)", "")} -> บางกัน 03 | H27: {=IFERROR(_xlfn.SWITCH(_xlfn.XLOOKUP(TRIM(F27), TRIM(Terrain!$N:$N), Terrain!$I:$I), "YES", "RSPO", "NO", "NON-RSPO", "OB", "Outbound Logistics"), "Contract Farmer")} -> NON-RSPO | I27: N | K27: {=IFERROR(INDEX(Terrain!$D:$D, MATCH(TEXT(F27,"0"), TEXT(Terrain!$N:$N,"0"), 0)), "-")} -> Banggun | L27: {=IFERROR(INDEX(Terrain!$E:$E, MATCH(TEXT(F27,"0"), TEXT(Terrain!$N:$N,"0"), 0)), "-")} -> 57-B03 | M27: {=IFERROR(INDEX(Terrain!$C:$C, MATCH(TEXT(F27,"0"), TEXT(Terrain!$N:$N,"0"), 0)), "Contract")} -> Upper | N27: ผพ229 | O27: สฎ | P27: 0 | R27: 0 | S27: 18 | T27: 001 | U27: 001 | W27: 918_1 | X27: N | Y27: N | Z27: N | AA27: FFB | AB27: 0 | AC27: 0 | AD27: 0 | AE27: 46113.629 | AF27: 59 | AG27: 1530 | AH27: 46113.619 | AI27: 54 | AJ27: 3630 | AK27: 2100 | AL27: 0 | AM27: 0 | AN27: 0 | AO27: 0 | AP27: 0 | AQ27: 0 | AR27: 0 | AS27: 0 | AU27: 127 | AV27: 0 | AW27: 0 | BE27: 0 | BF27: 0 | BG27: 0 | BH27: 0 | BI27: 0 | BJ27: 0 | BK27: 0 | BL27: 0 | BM27: 0 | BN27: 0 | BO27: 0 | BP27: 0 | BQ27: 0 | BR27: 0 | BT27: 46113 | BU27: 0 | BV27: 0 | BW27: 0 | BX27: 0 | BZ27: 0 | CA27: 0 | CB27: 0 | CC27: 0 | CD27: 0 | CF27: 0 | CG27: 46113 | CH27: 46113 | CI27: E2096
A28: 2097 | B28: I | C28: N | D28: 46113 | E28: 1 | F28: 91014 | G28: {=_xlfn.XLOOKUP(TRIM(F28), TRIM(Wpct!$A$2:$A$1000), Wpct!$B$2:$B$1000, "ไม่พบชื่อ", 0) & IF(_xlfn.XLOOKUP(TRIM(F28), TRIM(Terrain!$N$2:$N$1002), Terrain!$I$2:$I$1002, "NO", 0)="YES", " (R)", "")} -> บางกัน 14 | H28: {=IFERROR(_xlfn.SWITCH(_xlfn.XLOOKUP(TRIM(F28), TRIM(Terrain!$N:$N), Terrain!$I:$I), "YES", "RSPO", "NO", "NON-RSPO", "OB", "Outbound Logistics"), "Contract Farmer")} -> NON-RSPO | I28: N | K28: {=IFERROR(INDEX(Terrain!$D:$D, MATCH(TEXT(F28,"0"), TEXT(Terrain!$N:$N,"0"), 0)), "-")} -> Banggun | L28: {=IFERROR(INDEX(Terrain!$E:$E, MATCH(TEXT(F28,"0"), TEXT(Terrain!$N:$N,"0"), 0)), "-")} -> 57-B14 | M28: {=IFERROR(INDEX(Terrain!$C:$C, MATCH(TEXT(F28,"0"), TEXT(Terrain!$N:$N,"0"), 0)), "Contract")} -> Upper | N28: 81-9790 | O28: สฎ | P28: 0 | Q28: รถสำรอง | R28: 0 | S28: 18 | T28: 001 | U28: 001 | W28: 914 | X28: N | Y28: N | Z28: N | AA28: FFB | AB28: 0 | AC28: 0 | AD28: 0 | AE28: 46113.633 | AF28: 61 | AG28: 4150 | AH28: 46113.625 | AI28: 56 | AJ28: 10990 | AK28: 6840 | AL28: 0 | AM28: 0 | AN28: 0 | AO28: 0 | AP28: 0 | AQ28: 0 | AR28: 0 | AS28: 0 | AU28: 430 | AV28: 0 | AW28: 0 | BE28: 0 | BF28: 0 | BG28: 0 | BH28: 0 | BI28: 0 | BJ28: 0 | BK28: 0 | BL28: 0 | BM28: 0 | BN28: 0 | BO28: 0 | BP28: 0 | BQ28: 0 | BR28: 0 | BT28: 46113 | BU28: 0 | BV28: 0 | BW28: 0 | BX28: 0 | BZ28: 0 | CA28: 0 | CB28: 0 | CC28: 0 | CD28: 0 | CF28: 0 | CG28: 46113 | CH28: 46113 | CI28: E2097
A29: 2098 | B29: I | C29: N | D29: 46113 | E29: 1 | F29: 90009 | G29: {=_xlfn.XLOOKUP(TRIM(F29), TRIM(Wpct!$A$2:$A$1000), Wpct!$B$2:$B$1000, "ไม่พบชื่อ", 0) & IF(_xlfn.XLOOKUP(TRIM(F29), TRIM(Terrain!$N$2:$N$1002), Terrain!$I$2:$I$1002, "NO", 0)="YES", " (R)", "")} -> กะเปา 09 (R) | H29: {=IFERROR(_xlfn.SWITCH(_xlfn.XLOOKUP(TRIM(F29), TRIM(Terrain!$N:$N), Terrain!$I:$I), "YES", "RSPO", "NO", "NON-RSPO", "OB", "Outbound Logistics"), "Contract Farmer")} -> RSPO | I29: N | K29: {=IFERROR(INDEX(Terrain!$D:$D, MATCH(TEXT(F29,"0"), TEXT(Terrain!$N:$N,"0"), 0)), "-")} -> Kapao | L29: {=IFERROR(INDEX(Terrain!$E:$E, MATCH(TEXT(F29,"0"), TEXT(Terrain!$N:$N,"0"), 0)), "-")} -> 57-A09-R | M29: {=IFERROR(INDEX(Terrain!$C:$C, MATCH(TEXT(F29,"0"), TEXT(Terrain!$N:$N,"0"), 0)), "Contract")} -> Lower | N29: ผบ3033 | O29: สฎ | P29: 0 | Q29: อุทุมพร วิเชียร | R29: 0 | S29: 18 | T29: 001 | U29: 001 | W29: 902_6 | X29: N | Y29: N | Z29: N | AA29: FFB | AB29: 0 | AC29: 0 | AD29: 0 | AE29: 46113.639 | AF29: 63 | AG29: 1860 | AH29: 46113.627 | AI29: 57 | AJ29: 5190 | AK29: 3330 | AL29: 0 | AM29: 0 | AN29: 0 | AO29: 0 | AP29: 0 | AQ29: 0 | AR29: 0 | AS29: 0 | AU29: 189 | AV29: 0 | AW29: 0 | BE29: 0 | BF29: 0 | BG29: 0 | BH29: 0 | BI29: 0 | BJ29: 0 | BK29: 0 | BL29: 0 | BM29: 0 | BN29: 0 | BO29: 0 | BP29: 0 | BQ29: 0 | BR29: 0 | BT29: 46113 | BU29: 0 | BV29: 0 | BW29: 0 | BX29: 0 | BZ29: 0 | CA29: 0 | CB29: 0 | CC29: 0 | CD29: 0 | CF29: 0 | CG29: 46113 | CH29: 46113 | CI29: E2098
A30: 2099 | B30: O | C30: N | D30: 46113 | E30: 1 | F30: 99000 | G30: {=_xlfn.XLOOKUP(TRIM(F30), TRIM(Wpct!$A$2:$A$1000), Wpct!$B$2:$B$1000, "ไม่พบชื่อ", 0) & IF(_xlfn.XLOOKUP(TRIM(F30), TRIM(Terrain!$N$2:$N$1002), Terrain!$I$2:$I$1002, "NO", 0)="YES", " (R)", "")} -> บจก.ทักษิณปาล์ม (ฝ่ายสวนปาล์ม) | H30: {=IFERROR(_xlfn.SWITCH(_xlfn.XLOOKUP(TRIM(F30), TRIM(Terrain!$N:$N), Terrain!$I:$I), "YES", "RSPO", "NO", "NON-RSPO", "OB", "Outbound Logistics"), "Contract Farmer")} -> Outbound Logistics | I30: N | K30: {=IFERROR(INDEX(Terrain!$D:$D, MATCH(TEXT(F30,"0"), TEXT(Terrain!$N:$N,"0"), 0)), "-")} -> Outbound | L30: {=IFERROR(INDEX(Terrain!$E:$E, MATCH(TEXT(F30,"0"), TEXT(Terrain!$N:$N,"0"), 0)), "-")} -> Ramp | M30: {=IFERROR(INDEX(Terrain!$C:$C, MATCH(TEXT(F30,"0"), TEXT(Terrain!$N:$N,"0"), 0)), "Contract")} -> EST | N30: 82-0103 | O30: สฎ | P30: 0 | Q30: นายพจร เคลื่อนทอง | R30: 0 | S30: 18 | T30: 001 | U30: 001 | X30: N | Y30: N | Z30: N | AA30: FFB | AB30: 0 | AC30: 0 | AD30: 0 | AE30: 46113.635 | AF30: 62 | AG30: 11200 | AH30: 46113.663 | AI30: 64 | AJ30: 24980 | AK30: 13780 | AL30: 0 | AM30: 0 | AN30: 0 | AO30: 0 | AP30: 0 | AQ30: 0 | AR30: 0 | AS30: 0 | AU30: 0 | AV30: 0 | AW30: 0 | BE30: 0 | BF30: 0 | BG30: 0 | BH30: 0 | BI30: 0 | BJ30: 0 | BK30: 0 | BL30: 0 | BM30: 0 | BN30: 0 | BO30: 0 | BP30: 0 | BQ30: 0 | BR30: 0 | BS30: 03183 | BT30: 46113 | BU30: 18 | BV30: 11180 | BW30: 24890 | BX30: 13710 | BZ30: 0 | CA30: 0 | CB30: 0 | CC30: 0 | CD30: 0 | CE30: SPC | CF30: 0 | CG30: 46113.713 | CH30: 46113.758 | CI30: E2099
A31: 2100 | B31: O | C31: N | D31: 46113 | E31: 1 | F31: 99000 | G31: {=_xlfn.XLOOKUP(TRIM(F31), TRIM(Wpct!$A$2:$A$1000), Wpct!$B$2:$B$1000, "ไม่พบชื่อ", 0) & IF(_xlfn.XLOOKUP(TRIM(F31), TRIM(Terrain!$N$2:$N$1002), Terrain!$I$2:$I$1002, "NO", 0)="YES", " (R)", "")} -> บจก.ทักษิณปาล์ม (ฝ่ายสวนปาล์ม) | H31: {=IFERROR(_xlfn.SWITCH(_xlfn.XLOOKUP(TRIM(F31), TRIM(Terrain!$N:$N), Terrain!$I:$I), "YES", "RSPO", "NO", "NON-RSPO", "OB", "Outbound Logistics"), "Contract Farmer")} -> Outbound Logistics | I31: N | K31: {=IFERROR(INDEX(Terrain!$D:$D, MATCH(TEXT(F31,"0"), TEXT(Terrain!$N:$N,"0"), 0)), "-")} -> Outbound | L31: {=IFERROR(INDEX(Terrain!$E:$E, MATCH(TEXT(F31,"0"), TEXT(Terrain!$N:$N,"0"), 0)), "-")} -> Ramp | M31: {=IFERROR(INDEX(Terrain!$C:$C, MATCH(TEXT(F31,"0"), TEXT(Terrain!$N:$N,"0"), 0)), "Contract")} -> EST | N31: 81-1941 | O31: สฎ | P31: 0 | Q31: นายประจักษ์ กิ่งก้าน | R31: 0 | S31: 18 | T31: 001 | U31: 001 | X31: N | Y31: N | Z31: N | AA31: FFB | AB31: 0 | AC31: 0 | AD31: 0 | AE31: 46113.664 | AF31: 65 | AG31: 10960 | AH31: 46113.699 | AI31: 72 | AJ31: 24980 | AK31: 14020 | AL31: 0 | AM31: 0 | AN31: 0 | AO31: 0 | AP31: 0 | AQ31: 0 | AR31: 0 | AS31: 0 | AU31: 0 | AV31: 0 | AW31: 0 | BE31: 0 | BF31: 0 | BG31: 0 | BH31: 0 | BI31: 0 | BJ31: 0 | BK31: 0 | BL31: 0 | BM31: 0 | BN31: 0 | BO31: 0 | BP31: 0 | BQ31: 0 | BR31: 0 | BS31: 03191 | BT31: 46113 | BU31: 18 | BV31: 10930 | BW31: 24890 | BX31: 13960 | BZ31: 0 | CA31: 0 | CB31: 0 | CC31: 0 | CD31: 0 | CE31: SPC | CF31: 0 | CG31: 46113.751 | CH31: 46113.785 | CI31: E2100
A32: 2101 | B32: I | C32: N | D32: 46113 | E32: 1 | F32: 94006_2 | G32: {=_xlfn.XLOOKUP(TRIM(F32), TRIM(Wpct!$A$2:$A$1000), Wpct!$B$2:$B$1000, "ไม่พบชื่อ", 0) & IF(_xlfn.XLOOKUP(TRIM(F32), TRIM(Terrain!$N$2:$N$1002), Terrain!$I$2:$I$1002, "NO", 0)="YES", " (R)", "")} -> ปลายราง 06 (R) | H32: {=IFERROR(_xlfn.SWITCH(_xlfn.XLOOKUP(TRIM(F32), TRIM(Terrain!$N:$N), Terrain!$I:$I), "YES", "RSPO", "NO", "NON-RSPO", "OB", "Outbound Logistics"), "Contract Farmer")} -> RSPO | I32: N | K32: {=IFERROR(INDEX(Terrain!$D:$D, MATCH(TEXT(F32,"0"), TEXT(Terrain!$N:$N,"0"), 0)), "-")} -> Plairang | L32: {=IFERROR(INDEX(Terrain!$E:$E, MATCH(TEXT(F32,"0"), TEXT(Terrain!$N:$N,"0"), 0)), "-")} -> 64-P06-R | M32: {=IFERROR(INDEX(Terrain!$C:$C, MATCH(TEXT(F32,"0"), TEXT(Terrain!$N:$N,"0"), 0)), "Contract")} -> Lower | N32: ผท9991 | O32: สฎ | P32: 0 | R32: 0 | S32: 18 | T32: 001 | U32: 001 | W32: 942_3 | X32: N | Y32: N | Z32: N | AA32: FFB | AB32: 0 | AC32: 0 | AD32: 0 | AE32: 46113.674 | AF32: 67 | AG32: 2120 | AH32: 46113.668 | AI32: 66 | AJ32: 3970 | AK32: 1850 | AL32: 0 | AM32: 0 | AN32: 0 | AO32: 0 | AP32: 0 | AQ32: 0 | AR32: 0 | AS32: 0 | AU32: 331 | AV32: 0 | AW32: 0 | BE32: 0 | BF32: 0 | BG32: 0 | BH32: 0 | BI32: 0 | BJ32: 0 | BK32: 0 | BL32: 0 | BM32: 0 | BN32: 0 | BO32: 0 | BP32: 0 | BQ32: 0 | BR32: 0 | BT32: 46113 | BU32: 0 | BV32: 0 | BW32: 0 | BX32: 0 | BZ32: 0 | CA32: 0 | CB32: 0 | CC32: 0 | CD32: 0 | CF32: 0 | CG32: 46113 | CH32: 46113 | CI32: E2101
A33: 2102 | B33: I | C33: N | D33: 46113 | E33: 1 | F33: 91013 | G33: {=_xlfn.XLOOKUP(TRIM(F33), TRIM(Wpct!$A$2:$A$1000), Wpct!$B$2:$B$1000, "ไม่พบชื่อ", 0) & IF(_xlfn.XLOOKUP(TRIM(F33), TRIM(Terrain!$N$2:$N$1002), Terrain!$I$2:$I$1002, "NO", 0)="YES", " (R)", "")} -> บางกัน 13 | H33: {=IFERROR(_xlfn.SWITCH(_xlfn.XLOOKUP(TRIM(F33), TRIM(Terrain!$N:$N), Terrain!$I:$I), "YES", "RSPO", "NO", "NON-RSPO", "OB", "Outbound Logistics"), "Contract Farmer")} -> NON-RSPO | I33: N | K33: {=IFERROR(INDEX(Terrain!$D:$D, MATCH(TEXT(F33,"0"), TEXT(Terrain!$N:$N,"0"), 0)), "-")} -> Banggun | L33: {=IFERROR(INDEX(Terrain!$E:$E, MATCH(TEXT(F33,"0"), TEXT(Terrain!$N:$N,"0"), 0)), "-")} -> 49-B13 | M33: {=IFERROR(INDEX(Terrain!$C:$C, MATCH(TEXT(F33,"0"), TEXT(Terrain!$N:$N,"0"), 0)), "Contract")} -> Upper | N33: 82-5318 | O33: สฎ | P33: 0 | Q33: นายพรชัย ช่วยจำ | R33: 0 | S33: 18 | T33: 001 | U33: 001 | W33: 919 | X33: N | Y33: N | Z33: N | AA33: FFB | AB33: 0 | AC33: 0 | AD33: 0 | AE33: 46113.681 | AF33: 69 | AG33: 5070 | AH33: 46113.678 | AI33: 68 | AJ33: 12650 | AK33: 7580 | AL33: 0 | AM33: 0 | AN33: 0 | AO33: 0 | AP33: 0 | AQ33: 0 | AR33: 0 | AS33: 0 | AU33: 285 | AV33: 0 | AW33: 0 | BE33: 0 | BF33: 0 | BG33: 0 | BH33: 0 | BI33: 0 | BJ33: 0 | BK33: 0 | BL33: 0 | BM33: 0 | BN33: 0 | BO33: 0 | BP33: 0 | BQ33: 0 | BR33: 0 | BT33: 46113 | BU33: 0 | BV33: 0 | BW33: 0 | BX33: 0 | BZ33: 0 | CA33: 0 | CB33: 0 | CC33: 0 | CD33: 0 | CF33: 0 | CG33: 46113 | CH33: 46113 | CI33: E2102
A34: 2103 | B34: I | C34: N | D34: 46113 | E34: 1 | F34: 91014 | G34: {=_xlfn.XLOOKUP(TRIM(F34), TRIM(Wpct!$A$2:$A$1000), Wpct!$B$2:$B$1000, "ไม่พบชื่อ", 0) & IF(_xlfn.XLOOKUP(TRIM(F34), TRIM(Terrain!$N$2:$N$1002), Terrain!$I$2:$I$1002, "NO", 0)="YES", " (R)", "")} -> บางกัน 14 | H34: {=IFERROR(_xlfn.SWITCH(_xlfn.XLOOKUP(TRIM(F34), TRIM(Terrain!$N:$N), Terrain!$I:$I), "YES", "RSPO", "NO", "NON-RSPO", "OB", "Outbound Logistics"), "Contract Farmer")} -> NON-RSPO | I34: N | K34: {=IFERROR(INDEX(Terrain!$D:$D, MATCH(TEXT(F34,"0"), TEXT(Terrain!$N:$N,"0"), 0)), "-")} -> Banggun | L34: {=IFERROR(INDEX(Terrain!$E:$E, MATCH(TEXT(F34,"0"), TEXT(Terrain!$N:$N,"0"), 0)), "-")} -> 57-B14 | M34: {=IFERROR(INDEX(Terrain!$C:$C, MATCH(TEXT(F34,"0"), TEXT(Terrain!$N:$N,"0"), 0)), "Contract")} -> Upper | N34: 81-9790 | O34: สฎ | P34: 0 | Q34: รถสำรอง | R34: 0 | S34: 18 | T34: 001 | U34: 001 | W34: 914 | X34: N | Y34: N | Z34: N | AA34: FFB | AB34: 0 | AC34: 0 | AD34: 0 | AE34: 46113.684 | AF34: 71 | AG34: 4160 | AH34: 46113.682 | AI34: 70 | AJ34: 8690 | AK34: 4530 | AL34: 0 | AM34: 0 | AN34: 0 | AO34: 0 | AP34: 0 | AQ34: 0 | AR34: 0 | AS34: 0 | AU34: 364 | AV34: 0 | AW34: 0 | BE34: 0 | BF34: 0 | BG34: 0 | BH34: 0 | BI34: 0 | BJ34: 0 | BK34: 0 | BL34: 0 | BM34: 0 | BN34: 0 | BO34: 0 | BP34: 0 | BQ34: 0 | BR34: 0 | BT34: 46113 | BU34: 0 | BV34: 0 | BW34: 0 | BX34: 0 | BZ34: 0 | CA34: 0 | CB34: 0 | CC34: 0 | CD34: 0 | CF34: 0 | CG34: 46113 | CH34: 46113 | CI34: E2103
A35: 2104 | B35: I | C35: N | D35: 46113 | E35: 1 | F35: 22455 | G35: {=_xlfn.XLOOKUP(TRIM(F35), TRIM(Wpct!$A$2:$A$1000), Wpct!$B$2:$B$1000, "ไม่พบชื่อ", 0) & IF(_xlfn.XLOOKUP(TRIM(F35), TRIM(Terrain!$N$2:$N$1002), Terrain!$I$2:$I$1002, "NO", 0)="YES", " (R)", "")} -> บริษัท สวนนายห้าง จำกัด | H35: {=IFERROR(_xlfn.SWITCH(_xlfn.XLOOKUP(TRIM(F35), TRIM(Terrain!$N:$N), Terrain!$I:$I), "YES", "RSPO", "NO", "NON-RSPO", "OB", "Outbound Logistics"), "Contract Farmer")} -> Contract Farmer | I35: N | K35: {=IFERROR(INDEX(Terrain!$D:$D, MATCH(TEXT(F35,"0"), TEXT(Terrain!$N:$N,"0"), 0)), "-")} -> - | L35: {=IFERROR(INDEX(Terrain!$E:$E, MATCH(TEXT(F35,"0"), TEXT(Terrain!$N:$N,"0"), 0)), "-")} -> - | M35: {=IFERROR(INDEX(Terrain!$C:$C, MATCH(TEXT(F35,"0"), TEXT(Terrain!$N:$N,"0"), 0)), "Contract")} -> Contract | N35: ผต1807 | O35: สฎ | P35: 0 | Q35: ชัชพิสิฐ มวนนามอญ | R35: 0 | S35: 18 | T35: 001 | U35: 001 | X35: N | Y35: N | Z35: N | AA35: FFB | AB35: 8.3 | AC35: 0 | AD35: 0 | AE35: 46113.708 | AF35: 78 | AG35: 2200 | AH35: 46113.7 | AI35: 73 | AJ35: 5800 | AK35: 3600 | AL35: 0 | AM35: 0 | AN35: 0 | AO35: 0 | AP35: 0 | AQ35: 0 | AR35: 0 | AS35: 0 | AU35: 0 | AV35: 0 | AW35: 1 | BE35: 0 | BF35: 0 | BG35: 0 | BH35: 0 | BI35: 0 | BJ35: 0 | BK35: 0 | BL35: 0 | BM35: 0 | BN35: 0 | BO35: 0 | BP35: 0 | BQ35: 0 | BR35: 0 | BT35: 46113 | BU35: 0 | BV35: 0 | BW35: 0 | BX35: 0 | BZ35: 0 | CA35: 0 | CB35: 0 | CC35: 0 | CD35: 0 | CF35: 0 | CG35: 46113 | CH35: 46113 | CI35: E2104
A36: 2105 | B36: I | C36: N | D36: 46113 | E36: 1 | F36: 90011 | G36: {=_xlfn.XLOOKUP(TRIM(F36), TRIM(Wpct!$A$2:$A$1000), Wpct!$B$2:$B$1000, "ไม่พบชื่อ", 0) & IF(_xlfn.XLOOKUP(TRIM(F36), TRIM(Terrain!$N$2:$N$1002), Terrain!$I$2:$I$1002, "NO", 0)="YES", " (R)", "")} -> กะเปา 11 (R) | H36: {=IFERROR(_xlfn.SWITCH(_xlfn.XLOOKUP(TRIM(F36), TRIM(Terrain!$N:$N), Terrain!$I:$I), "YES", "RSPO", "NO", "NON-RSPO", "OB", "Outbound Logistics"), "Contract Farmer")} -> RSPO | I36: N | K36: {=IFERROR(INDEX(Terrain!$D:$D, MATCH(TEXT(F36,"0"), TEXT(Terrain!$N:$N,"0"), 0)), "-")} -> Kapao | L36: {=IFERROR(INDEX(Terrain!$E:$E, MATCH(TEXT(F36,"0"), TEXT(Terrain!$N:$N,"0"), 0)), "-")} -> 49-A11-R | M36: {=IFERROR(INDEX(Terrain!$C:$C, MATCH(TEXT(F36,"0"), TEXT(Terrain!$N:$N,"0"), 0)), "Contract")} -> Lower | N36: 83-5638 | O36: สฎ | P36: 0 | Q36: นฤพน สินธู | R36: 0 | S36: 18 | T36: 001 | U36: 001 | W36: 901_9 | X36: N | Y36: N | Z36: N | AA36: FFB | AB36: 0 | AC36: 0 | AD36: 0 | AE36: 46113.704 | AF36: 75 | AG36: 5540 | AH36: 46113.701 | AI36: 74 | AJ36: 11420 | AK36: 5880 | AL36: 0 | AM36: 0 | AN36: 0 | AO36: 0 | AP36: 0 | AQ36: 0 | AR36: 0 | AS36: 0 | AU36: 299 | AV36: 0 | AW36: 0 | BE36: 0 | BF36: 0 | BG36: 0 | BH36: 0 | BI36: 0 | BJ36: 0 | BK36: 0 | BL36: 0 | BM36: 0 | BN36: 0 | BO36: 0 | BP36: 0 | BQ36: 0 | BR36: 0 | BT36: 46113 | BU36: 0 | BV36: 0 | BW36: 0 | BX36: 0 | BZ36: 0 | CA36: 0 | CB36: 0 | CC36: 0 | CD36: 0 | CF36: 0 | CG36: 46113 | CH36: 46113 | CI36: E2105
A37: 2106 | B37: O | C37: N | D37: 46113 | E37: 1 | F37: 99000 | G37: {=_xlfn.XLOOKUP(TRIM(F37), TRIM(Wpct!$A$2:$A$1000), Wpct!$B$2:$B$1000, "ไม่พบชื่อ", 0) & IF(_xlfn.XLOOKUP(TRIM(F37), TRIM(Terrain!$N$2:$N$1002), Terrain!$I$2:$I$1002, "NO", 0)="YES", " (R)", "")} -> บจก.ทักษิณปาล์ม (ฝ่ายสวนปาล์ม) | H37: {=IFERROR(_xlfn.SWITCH(_xlfn.XLOOKUP(TRIM(F37), TRIM(Terrain!$N:$N), Terrain!$I:$I), "YES", "RSPO", "NO", "NON-RSPO", "OB", "Outbound Logistics"), "Contract Farmer")} -> Outbound Logistics | I37: N | K37: {=IFERROR(INDEX(Terrain!$D:$D, MATCH(TEXT(F37,"0"), TEXT(Terrain!$N:$N,"0"), 0)), "-")} -> Outbound | L37: {=IFERROR(INDEX(Terrain!$E:$E, MATCH(TEXT(F37,"0"), TEXT(Terrain!$N:$N,"0"), 0)), "-")} -> Ramp | M37: {=IFERROR(INDEX(Terrain!$C:$C, MATCH(TEXT(F37,"0"), TEXT(Terrain!$N:$N,"0"), 0)), "Contract")} -> EST | N37: 81-5257 | O37: สฎ | P37: 0 | Q37: นายพจร เคลื่อนทอง | R37: 0 | S37: 18 | T37: 001 | U37: 001 | X37: N | Y37: N | Z37: N | AA37: FFB | AB37: 0 | AC37: 0 | AD37: 0 | AE37: 46113.705 | AF37: 76 | AG37: 10720 | AH37: 46113.722 | AI37: 81 | AJ37: 24880 | AK37: 14160 | AL37: 0 | AM37: 0 | AN37: 0 | AO37: 0 | AP37: 0 | AQ37: 0 | AR37: 0 | AS37: 0 | AU37: 0 | AV37: 0 | AW37: 0 | BE37: 0 | BF37: 0 | BG37: 0 | BH37: 0 | BI37: 0 | BJ37: 0 | BK37: 0 | BL37: 0 | BM37: 0 | BN37: 0 | BO37: 0 | BP37: 0 | BQ37: 0 | BR37: 0 | BS37: 03192 | BT37: 46113 | BU37: 18 | BV37: 10700 | BW37: 24810 | BX37: 14110 | BZ37: 0 | CA37: 0 | CB37: 0 | CC37: 0 | CD37: 0 | CE37: SPC | CF37: 0 | CG37: 46113.767 | CH37: 46113.796 | CI37: E2106
A38: 2107 | B38: I | C38: N | D38: 46113 | E38: 1 | F38: 91013 | G38: {=_xlfn.XLOOKUP(TRIM(F38), TRIM(Wpct!$A$2:$A$1000), Wpct!$B$2:$B$1000, "ไม่พบชื่อ", 0) & IF(_xlfn.XLOOKUP(TRIM(F38), TRIM(Terrain!$N$2:$N$1002), Terrain!$I$2:$I$1002, "NO", 0)="YES", " (R)", "")} -> บางกัน 13 | H38: {=IFERROR(_xlfn.SWITCH(_xlfn.XLOOKUP(TRIM(F38), TRIM(Terrain!$N:$N), Terrain!$I:$I), "YES", "RSPO", "NO", "NON-RSPO", "OB", "Outbound Logistics"), "Contract Farmer")} -> NON-RSPO | I38: N | K38: {=IFERROR(INDEX(Terrain!$D:$D, MATCH(TEXT(F38,"0"), TEXT(Terrain!$N:$N,"0"), 0)), "-")} -> Banggun | L38: {=IFERROR(INDEX(Terrain!$E:$E, MATCH(TEXT(F38,"0"), TEXT(Terrain!$N:$N,"0"), 0)), "-")} -> 49-B13 | M38: {=IFERROR(INDEX(Terrain!$C:$C, MATCH(TEXT(F38,"0"), TEXT(Terrain!$N:$N,"0"), 0)), "Contract")} -> Upper | N38: 82-2952 | O38: สฎ | P38: 0 | Q38: ธวัชชัย ชูจอน | R38: 0 | S38: 18 | T38: 001 | U38: 001 | W38: 919 | X38: N | Y38: N | Z38: N | AA38: FFB | AB38: 0 | AC38: 0 | AD38: 0 | AE38: 46113.714 | AF38: 79 | AG38: 7360 | AH38: 46113.707 | AI38: 77 | AJ38: 13870 | AK38: 6510 | AL38: 0 | AM38: 0 | AN38: 0 | AO38: 0 | AP38: 0 | AQ38: 0 | AR38: 0 | AS38: 0 | AU38: 257 | AV38: 3 | AW38: 4 | BE38: 0 | BF38: 0 | BG38: 0 | BH38: 0 | BI38: 0 | BJ38: 0 | BK38: 0 | BL38: 0 | BM38: 0 | BN38: 0 | BO38: 0 | BP38: 0 | BQ38: 0 | BR38: 0 | BT38: 46113 | BU38: 0 | BV38: 0 | BW38: 0 | BX38: 0 | BZ38: 0 | CA38: 0 | CB38: 0 | CC38: 0 | CD38: 0 | CF38: 0 | CG38: 46113 | CH38: 46113 | CI38: E2107
A39: 2108 | B39: I | C39: N | D39: 46113 | E39: 1 | F39: 90009 | G39: {=_xlfn.XLOOKUP(TRIM(F39), TRIM(Wpct!$A$2:$A$1000), Wpct!$B$2:$B$1000, "ไม่พบชื่อ", 0) & IF(_xlfn.XLOOKUP(TRIM(F39), TRIM(Terrain!$N$2:$N$1002), Terrain!$I$2:$I$1002, "NO", 0)="YES", " (R)", "")} -> กะเปา 09 (R) | H39: {=IFERROR(_xlfn.SWITCH(_xlfn.XLOOKUP(TRIM(F39), TRIM(Terrain!$N:$N), Terrain!$I:$I), "YES", "RSPO", "NO", "NON-RSPO", "OB", "Outbound Logistics"), "Contract Farmer")} -> RSPO | I39: N | K39: {=IFERROR(INDEX(Terrain!$D:$D, MATCH(TEXT(F39,"0"), TEXT(Terrain!$N:$N,"0"), 0)), "-")} -> Kapao | L39: {=IFERROR(INDEX(Terrain!$E:$E, MATCH(TEXT(F39,"0"), TEXT(Terrain!$N:$N,"0"), 0)), "-")} -> 57-A09-R | M39: {=IFERROR(INDEX(Terrain!$C:$C, MATCH(TEXT(F39,"0"), TEXT(Terrain!$N:$N,"0"), 0)), "Contract")} -> Lower | N39: บร3677 | O39: สฎ | P39: 0 | R39: 0 | S39: 18 | T39: 001 | U39: 001 | W39: 902_6 | X39: N | Y39: N | Z39: N | AA39: FFB | AB39: 0 | AC39: 0 | AD39: 0 | AE39: 46113.724 | AF39: 82 | AG39: 1480 | AH39: 46113.717 | AI39: 80 | AJ39: 2990 | AK39: 1510 | AL39: 0 | AM39: 0 | AN39: 0 | AO39: 0 | AP39: 0 | AQ39: 0 | AR39: 0 | AS39: 0 | AU39: 103 | AV39: 0 | AW39: 0 | BE39: 0 | BF39: 0 | BG39: 0 | BH39: 0 | BI39: 0 | BJ39: 0 | BK39: 0 | BL39: 0 | BM39: 0 | BN39: 0 | BO39: 0 | BP39: 0 | BQ39: 0 | BR39: 0 | BT39: 46113 | BU39: 0 | BV39: 0 | BW39: 0 | BX39: 0 | BZ39: 0 | CA39: 0 | CB39: 0 | CC39: 0 | CD39: 0 | CF39: 0 | CG39: 46113 | CH39: 46113 | CI39: E2108
A40: 2109 | B40: I | C40: N | D40: 46113 | E40: 1 | F40: 90009 | G40: {=_xlfn.XLOOKUP(TRIM(F40), TRIM(Wpct!$A$2:$A$1000), Wpct!$B$2:$B$1000, "ไม่พบชื่อ", 0) & IF(_xlfn.XLOOKUP(TRIM(F40), TRIM(Terrain!$N$2:$N$1002), Terrain!$I$2:$I$1002, "NO", 0)="YES", " (R)", "")} -> กะเปา 09 (R) | H40: {=IFERROR(_xlfn.SWITCH(_xlfn.XLOOKUP(TRIM(F40), TRIM(Terrain!$N:$N), Terrain!$I:$I), "YES", "RSPO", "NO", "NON-RSPO", "OB", "Outbound Logistics"), "Contract Farmer")} -> RSPO | I40: N | K40: {=IFERROR(INDEX(Terrain!$D:$D, MATCH(TEXT(F40,"0"), TEXT(Terrain!$N:$N,"0"), 0)), "-")} -> Kapao | L40: {=IFERROR(INDEX(Terrain!$E:$E, MATCH(TEXT(F40,"0"), TEXT(Terrain!$N:$N,"0"), 0)), "-")} -> 57-A09-R | M40: {=IFERROR(INDEX(Terrain!$C:$C, MATCH(TEXT(F40,"0"), TEXT(Terrain!$N:$N,"0"), 0)), "Contract")} -> Lower | N40: ผบ3033 | O40: สฎ | P40: 0 | Q40: อุทุมพร วิเชียร | R40: 0 | S40: 18 | T40: 001 | U40: 001 | W40: 902_6 | X40: N | Y40: N | Z40: N | AA40: FFB | AB40: 0 | AC40: 0 | AD40: 0 | AE40: 46113.775 | AF40: 84 | AG40: 1890 | AH40: 46113.759 | AI40: 83 | AJ40: 4530 | AK40: 2640 | AL40: 0 | AM40: 0 | AN40: 0 | AO40: 0 | AP40: 0 | AQ40: 0 | AR40: 0 | AS40: 0 | AU40: 154 | AV40: 0 | AW40: 0 | BE40: 0 | BF40: 0 | BG40: 0 | BH40: 0 | BI40: 0 | BJ40: 0 | BK40: 0 | BL40: 0 | BM40: 0 | BN40: 0 | BO40: 0 | BP40: 0 | BQ40: 0 | BR40: 0 | BT40: 46113 | BU40: 0 | BV40: 0 | BW40: 0 | BX40: 0 | BZ40: 0 | CA40: 0 | CB40: 0 | CC40: 0 | CD40: 0 | CF40: 0 | CG40: 46113 | CH40: 46113 | CI40: E2109
A41: 2110 | B41: O | C41: N | D41: 46114 | E41: 3 | F41: 99000 | G41: {=_xlfn.XLOOKUP(TRIM(F41), TRIM(Wpct!$A$2:$A$1000), Wpct!$B$2:$B$1000, "ไม่พบชื่อ", 0) & IF(_xlfn.XLOOKUP(TRIM(F41), TRIM(Terrain!$N$2:$N$1002), Terrain!$I$2:$I$1002, "NO", 0)="YES", " (R)", "")} -> บจก.ทักษิณปาล์ม (ฝ่ายสวนปาล์ม) | H41: {=IFERROR(_xlfn.SWITCH(_xlfn.XLOOKUP(TRIM(F41), TRIM(Terrain!$N:$N), Terrain!$I:$I), "YES", "RSPO", "NO", "NON-RSPO", "OB", "Outbound Logistics"), "Contract Farmer")} -> Outbound Logistics | I41: N | K41: {=IFERROR(INDEX(Terrain!$D:$D, MATCH(TEXT(F41,"0"), TEXT(Terrain!$N:$N,"0"), 0)), "-")} -> Outbound | L41: {=IFERROR(INDEX(Terrain!$E:$E, MATCH(TEXT(F41,"0"), TEXT(Terrain!$N:$N,"0"), 0)), "-")} -> Ramp | M41: {=IFERROR(INDEX(Terrain!$C:$C, MATCH(TEXT(F41,"0"), TEXT(Terrain!$N:$N,"0"), 0)), "Contract")} -> EST | N41: 83-5636,83-5637 | O41: สฎ | P41: 0 | Q41: ประฏิพัทธิ์ คุณสุทธิ์ | R41: 0 | S41: 18 | T41: 004 | U41: 004 | X41: N | Y41: N | Z41: N | AA41: FFB | AB41: 0 | AC41: 0 | AD41: 0 | AE41: 46114.336 | AF41: 1 | AG41: 22920 | AH41: 46114.392 | AI41: 4 | AJ41: 45590 | AK41: 22670 | AL41: 0 | AM41: 0 | AN41: 0 | AO41: 0 | AP41: 0 | AQ41: 0 | AR41: 0 | AS41: 0 | AU41: 0 | AV41: 0 | AW41: 0 | BE41: 0 | BF41: 0 | BG41: 0 | BH41: 0 | BI41: 0 | BJ41: 0 | BK41: 0 | BL41: 0 | BM41: 0 | BN41: 0 | BO41: 0 | BP41: 0 | BQ41: 0 | BR41: 0 | BS41: 03207 | BT41: 46114 | BU41: 18 | BV41: 27710 | BW41: 50340 | BX41: 22630 | BZ41: 0 | CA41: 0 | CB41: 0 | CC41: 0 | CD41: 0 | CE41: SPC | CF41: 0 | CG41: 46114.519 | CH41: 46114.548 | CI41: E2110
A42: 2111 | B42: O | C42: N | D42: 46114 | E42: 3 | F42: 99000 | G42: {=_xlfn.XLOOKUP(TRIM(F42), TRIM(Wpct!$A$2:$A$1000), Wpct!$B$2:$B$1000, "ไม่พบชื่อ", 0) & IF(_xlfn.XLOOKUP(TRIM(F42), TRIM(Terrain!$N$2:$N$1002), Terrain!$I$2:$I$1002, "NO", 0)="YES", " (R)", "")} -> บจก.ทักษิณปาล์ม (ฝ่ายสวนปาล์ม) | H42: {=IFERROR(_xlfn.SWITCH(_xlfn.XLOOKUP(TRIM(F42), TRIM(Terrain!$N:$N), Terrain!$I:$I), "YES", "RSPO", "NO", "NON-RSPO", "OB", "Outbound Logistics"), "Contract Farmer")} -> Outbound Logistics | I42: N | K42: {=IFERROR(INDEX(Terrain!$D:$D, MATCH(TEXT(F42,"0"), TEXT(Terrain!$N:$N,"0"), 0)), "-")} -> Outbound | L42: {=IFERROR(INDEX(Terrain!$E:$E, MATCH(TEXT(F42,"0"), TEXT(Terrain!$N:$N,"0"), 0)), "-")} -> Ramp | M42: {=IFERROR(INDEX(Terrain!$C:$C, MATCH(TEXT(F42,"0"), TEXT(Terrain!$N:$N,"0"), 0)), "Contract")} -> EST | N42: 83-5636,83-5637 | O42: สฎ | P42: 0 | Q42: ประฏิพัทธิ์ คุณสุทธิ์ | R42: 0 | S42: 18 | T42: 004 | U42: 004 | X42: N | Y42: N | Z42: N | AA42: FFB | AB42: 0 | AC42: 0 | AD42: 0 | AE42: 46114.392 | AF42: 5 | AG42: 45590 | AH42: 46114.473 | AI42: 20 | AJ42: 50430 | AK42: 4840 | AL42: 0 | AM42: 0 | AN42: 0 | AO42: 0 | AP42: 0 | AQ42: 0 | AR42: 0 | AS42: 0 | AU42: 0 | AV42: 0 | AW42: 0 | BE42: 0 | BF42: 0 | BG42: 0 | BH42: 0 | BI42: 0 | BJ42: 0 | BK42: 0 | BL42: 0 | BM42: 0 | BN42: 0 | BO42: 0 | BP42: 0 | BQ42: 0 | BR42: 0 | BS42: N03207 | BT42: 46114 | BU42: 18 | BV42: 45510 | BW42: 50340 | BX42: 4830 | BZ42: 0 | CA42: 0 | CB42: 0 | CC42: 0 | CD42: 0 | CE42: SPC | CF42: 0 | CG42: 46114.519 | CH42: 46114.548 | CI42: E2111
A43: 2112 | B43: I | C43: N | D43: 46114 | E43: 1 | F43: 22455 | G43: {=_xlfn.XLOOKUP(TRIM(F43), TRIM(Wpct!$A$2:$A$1000), Wpct!$B$2:$B$1000, "ไม่พบชื่อ", 0) & IF(_xlfn.XLOOKUP(TRIM(F43), TRIM(Terrain!$N$2:$N$1002), Terrain!$I$2:$I$1002, "NO", 0)="YES", " (R)", "")} -> บริษัท สวนนายห้าง จำกัด | H43: {=IFERROR(_xlfn.SWITCH(_xlfn.XLOOKUP(TRIM(F43), TRIM(Terrain!$N:$N), Terrain!$I:$I), "YES", "RSPO", "NO", "NON-RSPO", "OB", "Outbound Logistics"), "Contract Farmer")} -> Contract Farmer | I43: N | K43: {=IFERROR(INDEX(Terrain!$D:$D, MATCH(TEXT(F43,"0"), TEXT(Terrain!$N:$N,"0"), 0)), "-")} -> - | L43: {=IFERROR(INDEX(Terrain!$E:$E, MATCH(TEXT(F43,"0"), TEXT(Terrain!$N:$N,"0"), 0)), "-")} -> - | M43: {=IFERROR(INDEX(Terrain!$C:$C, MATCH(TEXT(F43,"0"), TEXT(Terrain!$N:$N,"0"), 0)), "Contract")} -> Contract | N43: ผต1807 | O43: สฎ | P43: 0 | Q43: ชัชพิสิฐ มวนนามอญ | R43: 0 | S43: 18 | T43: 004 | U43: 004 | X43: N | Y43: N | Z43: N | AA43: FFB | AB43: 8.3 | AC43: 0 | AD43: 0 | AE43: 46114.442 | AF43: 14 | AG43: 2300 | AH43: 46114.432 | AI43: 6 | AJ43: 4590 | AK43: 2290 | AL43: 0 | AM43: 0 | AN43: 0 | AO43: 0 | AP43: 0 | AQ43: 0 | AR43: 0 | AS43: 0 | AU43: 0 | AV43: 0 | AW43: 7 | BE43: 0 | BF43: 0 | BG43: 0 | BH43: 0 | BI43: 0 | BJ43: 0 | BK43: 0 | BL43: 0 | BM43: 0 | BN43: 0 | BO43: 0 | BP43: 0 | BQ43: 0 | BR43: 0 | BT43: 46114 | BU43: 0 | BV43: 0 | BW43: 0 | BX43: 0 | BZ43: 0 | CA43: 0 | CB43: 0 | CC43: 0 | CD43: 0 | CF43: 0 | CG43: 46114 | CH43: 46114 | CI43: E2112
A44: 2113 | B44: I | C44: N | D44: 46114 | E44: 1 | F44: 91002_2 | G44: {=_xlfn.XLOOKUP(TRIM(F44), TRIM(Wpct!$A$2:$A$1000), Wpct!$B$2:$B$1000, "ไม่พบชื่อ", 0) & IF(_xlfn.XLOOKUP(TRIM(F44), TRIM(Terrain!$N$2:$N$1002), Terrain!$I$2:$I$1002, "NO", 0)="YES", " (R)", "")} -> บางกัน 02 | H44: {=IFERROR(_xlfn.SWITCH(_xlfn.XLOOKUP(TRIM(F44), TRIM(Terrain!$N:$N), Terrain!$I:$I), "YES", "RSPO", "NO", "NON-RSPO", "OB", "Outbound Logistics"), "Contract Farmer")} -> NON-RSPO | I44: N | K44: {=IFERROR(INDEX(Terrain!$D:$D, MATCH(TEXT(F44,"0"), TEXT(Terrain!$N:$N,"0"), 0)), "-")} -> Banggun | L44: {=IFERROR(INDEX(Terrain!$E:$E, MATCH(TEXT(F44,"0"), TEXT(Terrain!$N:$N,"0"), 0)), "-")} -> 64-B02 | M44: {=IFERROR(INDEX(Terrain!$C:$C, MATCH(TEXT(F44,"0"), TEXT(Terrain!$N:$N,"0"), 0)), "Contract")} -> Upper | N44: บร5489 | O44: สฎ | P44: 0 | R44: 0 | S44: 18 | T44: 004 | U44: 004 | W44: 911_2 | X44: N | Y44: N | Z44: N | AA44: FFB | AB44: 0 | AC44: 0 | AD44: 0 | AE44: 46114.45 | AF44: 16 | AG44: 2110 | AH44: 46114.439 | AI44: 10 | AJ44: 4560 | AK44: 2450 | AL44: 0 | AM44: 0 | AN44: 0 | AO44: 0 | AP44: 0 | AQ44: 0 | AR44: 0 | AS44: 0 | AU44: 351 | AV44: 0 | AW44: 0 | BE44: 0 | BF44: 0 | BG44: 0 | BH44: 0 | BI44: 0 | BJ44: 0 | BK44: 0 | BL44: 0 | BM44: 0 | BN44: 0 | BO44: 0 | BP44: 0 | BQ44: 0 | BR44: 0 | BT44: 46114 | BU44: 0 | BV44: 0 | BW44: 0 | BX44: 0 | BZ44: 0 | CA44: 0 | CB44: 0 | CC44: 0 | CD44: 0 | CF44: 0 | CG44: 46114 | CH44: 46114 | CI44: E2113
A45: 2114 | B45: I | C45: N | D45: 46114 | E45: 1 | F45: 90002 | G45: {=_xlfn.XLOOKUP(TRIM(F45), TRIM(Wpct!$A$2:$A$1000), Wpct!$B$2:$B$1000, "ไม่พบชื่อ", 0) & IF(_xlfn.XLOOKUP(TRIM(F45), TRIM(Terrain!$N$2:$N$1002), Terrain!$I$2:$I$1002, "NO", 0)="YES", " (R)", "")} -> กะเปา 02 | H45: {=IFERROR(_xlfn.SWITCH(_xlfn.XLOOKUP(TRIM(F45), TRIM(Terrain!$N:$N), Terrain!$I:$I), "YES", "RSPO", "NO", "NON-RSPO", "OB", "Outbound Logistics"), "Contract Farmer")} -> NON-RSPO | I45: N | K45: {=IFERROR(INDEX(Terrain!$D:$D, MATCH(TEXT(F45,"0"), TEXT(Terrain!$N:$N,"0"), 0)), "-")} -> Kapao | L45: {=IFERROR(INDEX(Terrain!$E:$E, MATCH(TEXT(F45,"0"), TEXT(Terrain!$N:$N,"0"), 0)), "-")} -> 56-A02 | M45: {=IFERROR(INDEX(Terrain!$C:$C, MATCH(TEXT(F45,"0"), TEXT(Terrain!$N:$N,"0"), 0)), "Contract")} -> Lower | N45: บร2653 | O45: สฎ | P45: 0 | Q45: สันติภาพ | R45: 0 | S45: 18 | T45: 004 | U45: 004 | W45: 902_9 | X45: N | Y45: N | Z45: N | AA45: FFB | AB45: 0 | AC45: 0 | AD45: 0 | AE45: 46114.448 | AF45: 15 | AG45: 1520 | AH45: 46114.44 | AI45: 11 | AJ45: 3570 | AK45: 2050 | AL45: 0 | AM45: 0 | AN45: 0 | AO45: 0 | AP45: 0 | AQ45: 0 | AR45: 0 | AS45: 0 | AU45: 102 | AV45: 0 | AW45: 0 | BE45: 0 | BF45: 0 | BG45: 0 | BH45: 0 | BI45: 0 | BJ45: 0 | BK45: 0 | BL45: 0 | BM45: 0 | BN45: 0 | BO45: 0 | BP45: 0 | BQ45: 0 | BR45: 0 | BT45: 46114 | BU45: 0 | BV45: 0 | BW45: 0 | BX45: 0 | BZ45: 0 | CA45: 0 | CB45: 0 | CC45: 0 | CD45: 0 | CF45: 0 | CG45: 46114 | CH45: 46114 | CI45: E2114
A46: 2115 | B46: I | C46: N | D46: 46114 | E46: 1 | F46: 90009 | G46: {=_xlfn.XLOOKUP(TRIM(F46), TRIM(Wpct!$A$2:$A$1000), Wpct!$B$2:$B$1000, "ไม่พบชื่อ", 0) & IF(_xlfn.XLOOKUP(TRIM(F46), TRIM(Terrain!$N$2:$N$1002), Terrain!$I$2:$I$1002, "NO", 0)="YES", " (R)", "")} -> กะเปา 09 (R) | H46: {=IFERROR(_xlfn.SWITCH(_xlfn.XLOOKUP(TRIM(F46), TRIM(Terrain!$N:$N), Terrain!$I:$I), "YES", "RSPO", "NO", "NON-RSPO", "OB", "Outbound Logistics"), "Contract Farmer")} -> RSPO | I46: N | K46: {=IFERROR(INDEX(Terrain!$D:$D, MATCH(TEXT(F46,"0"), TEXT(Terrain!$N:$N,"0"), 0)), "-")} -> Kapao | L46: {=IFERROR(INDEX(Terrain!$E:$E, MATCH(TEXT(F46,"0"), TEXT(Terrain!$N:$N,"0"), 0)), "-")} -> 57-A09-R | M46: {=IFERROR(INDEX(Terrain!$C:$C, MATCH(TEXT(F46,"0"), TEXT(Terrain!$N:$N,"0"), 0)), "Contract")} -> Lower | N46: ผบ3033 | O46: สฎ | P46: 0 | Q46: อุทุมพร วิเชียร | R46: 0 | S46: 18 | T46: 004 | U46: 004 | W46: 902_6 | X46: N | Y46: N | Z46: N | AA46: FFB | AB46: 0 | AC46: 0 | AD46: 0 | AE46: 46114.475 | AF46: 22 | AG46: 1860 | AH46: 46114.462 | AI46: 19 | AJ46: 4100 | AK46: 2240 | AL46: 0 | AM46: 0 | AN46: 0 | AO46: 0 | AP46: 0 | AQ46: 0 | AR46: 0 | AS46: 0 | AU46: 142 | AV46: 0 | AW46: 0 | BE46: 0 | BF46: 0 | BG46: 0 | BH46: 0 | BI46: 0 | BJ46: 0 | BK46: 0 | BL46: 0 | BM46: 0 | BN46: 0 | BO46: 0 | BP46: 0 | BQ46: 0 | BR46: 0 | BT46: 46114 | BU46: 0 | BV46: 0 | BW46: 0 | BX46: 0 | BZ46: 0 | CA46: 0 | CB46: 0 | CC46: 0 | CD46: 0 | CF46: 0 | CG46: 46114 | CH46: 46114 | CI46: E2115
A47: 2116 | B47: I | C47: N | D47: 46114 | E47: 1 | F47: 91005_2 | G47: {=_xlfn.XLOOKUP(TRIM(F47), TRIM(Wpct!$A$2:$A$1000), Wpct!$B$2:$B$1000, "ไม่พบชื่อ", 0) & IF(_xlfn.XLOOKUP(TRIM(F47), TRIM(Terrain!$N$2:$N$1002), Terrain!$I$2:$I$1002, "NO", 0)="YES", " (R)", "")} -> บางกัน 05 | H47: {=IFERROR(_xlfn.SWITCH(_xlfn.XLOOKUP(TRIM(F47), TRIM(Terrain!$N:$N), Terrain!$I:$I), "YES", "RSPO", "NO", "NON-RSPO", "OB", "Outbound Logistics"), "Contract Farmer")} -> NON-RSPO | I47: N | K47: {=IFERROR(INDEX(Terrain!$D:$D, MATCH(TEXT(F47,"0"), TEXT(Terrain!$N:$N,"0"), 0)), "-")} -> Banggun | L47: {=IFERROR(INDEX(Terrain!$E:$E, MATCH(TEXT(F47,"0"), TEXT(Terrain!$N:$N,"0"), 0)), "-")} -> 64-B05 | M47: {=IFERROR(INDEX(Terrain!$C:$C, MATCH(TEXT(F47,"0"), TEXT(Terrain!$N:$N,"0"), 0)), "Contract")} -> Upper | N47: ผน1871 | O47: สฎ | P47: 0 | R47: 0 | S47: 18 | T47: 004 | U47: 004 | W47: 911_2 | X47: N | Y47: N | Z47: N | AA47: FFB | AB47: 0 | AC47: 0 | AD47: 0 | AE47: 46114.485 | AF47: 24 | AG47: 2120 | AH47: 46114.476 | AI47: 23 | AJ47: 4420 | AK47: 2300 | AL47: 0 | AM47: 0 | AN47: 0 | AO47: 0 | AP47: 0 | AQ47: 0 | AR47: 0 | AS47: 0 | AU47: 480 | AV47: 0 | AW47: 0 | BE47: 0 | BF47: 0 | BG47: 0 | BH47: 0 | BI47: 0 | BJ47: 0 | BK47: 0 | BL47: 0 | BM47: 0 | BN47: 0 | BO47: 0 | BP47: 0 | BQ47: 0 | BR47: 0 | BT47: 46114 | BU47: 0 | BV47: 0 | BW47: 0 | BX47: 0 | BZ47: 0 | CA47: 0 | CB47: 0 | CC47: 0 | CD47: 0 | CF47: 0 | CG47: 46114 | CH47: 46114 | CI47: E2116
A48: 2117_1 | B48: I | C48: N | D48: 46114 | E48: 1 | F48: 92005_2 | G48: {=_xlfn.XLOOKUP(TRIM(F48), TRIM(Wpct!$A$2:$A$1000), Wpct!$B$2:$B$1000, "ไม่พบชื่อ", 0) & IF(_xlfn.XLOOKUP(TRIM(F48), TRIM(Terrain!$N$2:$N$1002), Terrain!$I$2:$I$1002, "NO", 0)="YES", " (R)", "")} -> พันไร่ 05 (R) | H48: {=IFERROR(_xlfn.SWITCH(_xlfn.XLOOKUP(TRIM(F48), TRIM(Terrain!$N:$N), Terrain!$I:$I), "YES", "RSPO", "NO", "NON-RSPO", "OB", "Outbound Logistics"), "Contract Farmer")} -> RSPO | I48: N | K48: {=IFERROR(INDEX(Terrain!$D:$D, MATCH(TEXT(F48,"0"), TEXT(Terrain!$N:$N,"0"), 0)), "-")} -> Panrai | L48: {=IFERROR(INDEX(Terrain!$E:$E, MATCH(TEXT(F48,"0"), TEXT(Terrain!$N:$N,"0"), 0)), "-")} -> 60-C05-R | M48: {=IFERROR(INDEX(Terrain!$C:$C, MATCH(TEXT(F48,"0"), TEXT(Terrain!$N:$N,"0"), 0)), "Contract")} -> Lower | N48: 81-9344 | O48: สฎ | P48: 0 | Q48: ทวีศักดิ์ วิโรจน์ | S48: 18 | T48: 004 | U48: 004 | W48: 922_5 | X48: N | Y48: N | Z48: N | AA48: FFB | AB48: 0 | AD48: 0 | AE48: 46114.495 | AF48: 28 | AG48: 5430 | AH48: 46114.488 | AI48: 25 | AJ48: 8480 | AK48: 3050 | AU48: 192 | AV48: 0 | AW48: 0 | BE48: 0 | BF48: 0 | BG48: 0 | BH48: 0 | BI48: 0 | BJ48: 0 | BK48: 0 | BL48: 0 | BM48: 0 | BN48: 0 | BO48: 0 | BP48: 0 | BQ48: 0 | BR48: 0 | BT48: 46114 | BU48: 0 | BV48: 0 | BW48: 0 | BX48: 0 | BZ48: 0 | CA48: 0 | CB48: 0 | CC48: 0 | CD48: 0 | CF48: 0 | CI48: E2117_1
A49: 2117_2 | B49: I | C49: N | D49: 46114 | E49: 1 | F49: 92002 | G49: {=_xlfn.XLOOKUP(TRIM(F49), TRIM(Wpct!$A$2:$A$1000), Wpct!$B$2:$B$1000, "ไม่พบชื่อ", 0) & IF(_xlfn.XLOOKUP(TRIM(F49), TRIM(Terrain!$N$2:$N$1002), Terrain!$I$2:$I$1002, "NO", 0)="YES", " (R)", "")} -> พันไร่ 02 (R) | H49: {=IFERROR(_xlfn.SWITCH(_xlfn.XLOOKUP(TRIM(F49), TRIM(Terrain!$N:$N), Terrain!$I:$I), "YES", "RSPO", "NO", "NON-RSPO", "OB", "Outbound Logistics"), "Contract Farmer")} -> RSPO | I49: N | K49: {=IFERROR(INDEX(Terrain!$D:$D, MATCH(TEXT(F49,"0"), TEXT(Terrain!$N:$N,"0"), 0)), "-")} -> Panrai | L49: {=IFERROR(INDEX(Terrain!$E:$E, MATCH(TEXT(F49,"0"), TEXT(Terrain!$N:$N,"0"), 0)), "-")} -> 60-C02-R | M49: {=IFERROR(INDEX(Terrain!$C:$C, MATCH(TEXT(F49,"0"), TEXT(Terrain!$N:$N,"0"), 0)), "Contract")} -> Lower | N49: 81-9344 | O49: สฎ | P49: 0 | Q49: ทวีศักดิ์ วิโรจน์ | S49: 18 | T49: 004 | U49: 004 | W49: 922_5 | X49: N | Y49: N | Z49: N | AA49: FFB | AB49: 0 | AD49: 0 | AE49: 46114.495 | AF49: 28 | AG49: 3430 | AH49: 46114.488 | AI49: 25 | AJ49: 5430 | AK49: 2000 | AU49: 126 | AV49: 0 | AW49: 0 | BE49: 0 | BF49: 0 | BG49: 0 | BH49: 0 | BI49: 0 | BJ49: 0 | BK49: 0 | BL49: 0 | BM49: 0 | BN49: 0 | BO49: 0 | BP49: 0 | BQ49: 0 | BR49: 0 | BT49: 46114 | BU49: 0 | BV49: 0 | BW49: 0 | BX49: 0 | BZ49: 0 | CA49: 0 | CB49: 0 | CC49: 0 | CD49: 0 | CF49: 0 | CI49: E2117_2
A50: 2118 | B50: I | C50: N | D50: 46114 | E50: 1 | F50: 22455 | G50: {=_xlfn.XLOOKUP(TRIM(F50), TRIM(Wpct!$A$2:$A$1000), Wpct!$B$2:$B$1000, "ไม่พบชื่อ", 0) & IF(_xlfn.XLOOKUP(TRIM(F50), TRIM(Terrain!$N$2:$N$1002), Terrain!$I$2:$I$1002, "NO", 0)="YES", " (R)", "")} -> บริษัท สวนนายห้าง จำกัด | H50: {=IFERROR(_xlfn.SWITCH(_xlfn.XLOOKUP(TRIM(F50), TRIM(Terrain!$N:$N), Terrain!$I:$I), "YES", "RSPO", "NO", "NON-RSPO", "OB", "Outbound Logistics"), "Contract Farmer")} -> Contract Farmer | I50: N | K50: {=IFERROR(INDEX(Terrain!$D:$D, MATCH(TEXT(F50,"0"), TEXT(Terrain!$N:$N,"0"), 0)), "-")} -> - | L50: {=IFERROR(INDEX(Terrain!$E:$E, MATCH(TEXT(F50,"0"), TEXT(Terrain!$N:$N,"0"), 0)), "-")} -> - | M50: {=IFERROR(INDEX(Terrain!$C:$C, MATCH(TEXT(F50,"0"), TEXT(Terrain!$N:$N,"0"), 0)), "Contract")} -> Contract | N50: ผท1425 | O50: สฎ | P50: 0 | Q50: สมบูรณ์ | R50: 0 | S50: 18 | T50: 004 | U50: 004 | X50: N | Y50: N | Z50: N | AA50: FFB | AB50: 8.5 | AC50: 0 | AD50: 0 | AE50: 46114.498 | AF50: 30 | AG50: 2090 | AH50: 46114.489 | AI50: 26 | AJ50: 4950 | AK50: 2860 | AL50: 0 | AM50: 0 | AN50: 0 | AO50: 0 | AP50: 0 | AQ50: 0 | AR50: 0 | AS50: 0 | AU50: 0 | AV50: 0 | AW50: 8 | BE50: 0 | BF50: 0 | BG50: 0 | BH50: 0 | BI50: 0 | BJ50: 0 | BK50: 0 | BL50: 0 | BM50: 0 | BN50: 0 | BO50: 0 | BP50: 0 | BQ50: 0 | BR50: 0 | BT50: 46114 | BU50: 0 | BV50: 0 | BW50: 0 | BX50: 0 | BZ50: 0 | CA50: 0 | CB50: 0 | CC50: 0 | CD50: 0 | CF50: 0 | CG50: 46114 | CH50: 46114 | CI50: E2118
A51: 2119 | B51: I | C51: N | D51: 46114 | E51: 1 | F51: 93002_2 | G51: {=_xlfn.XLOOKUP(TRIM(F51), TRIM(Wpct!$A$2:$A$1000), Wpct!$B$2:$B$1000, "ไม่พบชื่อ", 0) & IF(_xlfn.XLOOKUP(TRIM(F51), TRIM(Terrain!$N$2:$N$1002), Terrain!$I$2:$I$1002, "NO", 0)="YES", " (R)", "")} -> หมอนไม้ 02 (R) | H51: {=IFERROR(_xlfn.SWITCH(_xlfn.XLOOKUP(TRIM(F51), TRIM(Terrain!$N:$N), Terrain!$I:$I), "YES", "RSPO", "NO", "NON-RSPO", "OB", "Outbound Logistics"), "Contract Farmer")} -> RSPO | I51: N | K51: {=IFERROR(INDEX(Terrain!$D:$D, MATCH(TEXT(F51,"0"), TEXT(Terrain!$N:$N,"0"), 0)), "-")} -> Monmai | L51: {=IFERROR(INDEX(Terrain!$E:$E, MATCH(TEXT(F51,"0"), TEXT(Terrain!$N:$N,"0"), 0)), "-")} -> 64-D02-R | M51: {=IFERROR(INDEX(Terrain!$C:$C, MATCH(TEXT(F51,"0"), TEXT(Terrain!$N:$N,"0"), 0)), "Contract")} -> Lower | N51: 81-7041 | O51: สฎ | P51: 0 | Q51: นฤพล สินธู | R51: 0 | S51: 18 | T51: 004 | U51: 004 | W51: 932_2 | X51: N | Y51: N | Z51: N | AA51: FFB | AB51: 0 | AC51: 0 | AD51: 0 | AE51: 46114.497 | AF51: 29 | AG51: 4320 | AH51: 46114.492 | AI51: 27 | AJ51: 6630 | AK51: 2310 | AL51: 0 | AM51: 0 | AN51: 0 | AO51: 0 | AP51: 0 | AQ51: 0 | AR51: 0 | AS51: 0 | AU51: 402 | AV51: 0 | AW51: 0 | BE51: 0 | BF51: 0 | BG51: 0 | BH51: 0 | BI51: 0 | BJ51: 0 | BK51: 0 | BL51: 0 | BM51: 0 | BN51: 0 | BO51: 0 | BP51: 0 | BQ51: 0 | BR51: 0 | BT51: 46114 | BU51: 0 | BV51: 0 | BW51: 0 | BX51: 0 | BZ51: 0 | CA51: 0 | CB51: 0 | CC51: 0 | CD51: 0 | CF51: 0 | CG51: 46114 | CH51: 46114 | CI51: E2119
A52: 2120 | B52: I | C52: N | D52: 46114 | E52: 1 | F52: 22456 | G52: {=_xlfn.XLOOKUP(TRIM(F52), TRIM(Wpct!$A$2:$A$1000), Wpct!$B$2:$B$1000, "ไม่พบชื่อ", 0) & IF(_xlfn.XLOOKUP(TRIM(F52), TRIM(Terrain!$N$2:$N$1002), Terrain!$I$2:$I$1002, "NO", 0)="YES", " (R)", "")} -> บริษัท ฟี.บี. จำกัด | H52: {=IFERROR(_xlfn.SWITCH(_xlfn.XLOOKUP(TRIM(F52), TRIM(Terrain!$N:$N), Terrain!$I:$I), "YES", "RSPO", "NO", "NON-RSPO", "OB", "Outbound Logistics"), "Contract Farmer")} -> Contract Farmer | I52: N | K52: {=IFERROR(INDEX(Terrain!$D:$D, MATCH(TEXT(F52,"0"), TEXT(Terrain!$N:$N,"0"), 0)), "-")} -> - | L52: {=IFERROR(INDEX(Terrain!$E:$E, MATCH(TEXT(F52,"0"), TEXT(Terrain!$N:$N,"0"), 0)), "-")} -> - | M52: {=IFERROR(INDEX(Terrain!$C:$C, MATCH(TEXT(F52,"0"), TEXT(Terrain!$N:$N,"0"), 0)), "Contract")} -> Contract | N52: 81-2209 | O52: สฎ | P52: 0 | Q52: นายสุธีร์ เกตุแย้ม | R52: 0 | S52: 18 | T52: 004 | U52: 004 | X52: N | Y52: N | Z52: N | AA52: FFB | AB52: 8.4 | AC52: 0 | AD52: 0 | AE52: 46114.507 | AF52: 36 | AG52: 4520 | AH52: 46114.504 | AI52: 35 | AJ52: 7870 | AK52: 3350 | AL52: 0 | AM52: 0 | AN52: 0 | AO52: 0 | AP52: 0 | AQ52: 0 | AR52: 0 | AS52: 0 | AU52: 0 | AV52: 0 | AW52: 2 | BE52: 0 | BF52: 0 | BG52: 0 | BH52: 0 | BI52: 0 | BJ52: 0 | BK52: 0 | BL52: 0 | BM52: 0 | BN52: 0 | BO52: 0 | BP52: 0 | BQ52: 0 | BR52: 0 | BT52: 46114 | BU52: 0 | BV52: 0 | BW52: 0 | BX52: 0 | BZ52: 0 | CA52: 0 | CB52: 0 | CC52: 0 | CD52: 0 | CF52: 0 | CG52: 46114 | CH52: 46114 | CI52: E2120
A53: 2121 | B53: I | C53: N | D53: 46114 | E53: 1 | F53: 94006_2 | G53: {=_xlfn.XLOOKUP(TRIM(F53), TRIM(Wpct!$A$2:$A$1000), Wpct!$B$2:$B$1000, "ไม่พบชื่อ", 0) & IF(_xlfn.XLOOKUP(TRIM(F53), TRIM(Terrain!$N$2:$N$1002), Terrain!$I$2:$I$1002, "NO", 0)="YES", " (R)", "")} -> ปลายราง 06 (R) | H53: {=IFERROR(_xlfn.SWITCH(_xlfn.XLOOKUP(TRIM(F53), TRIM(Terrain!$N:$N), Terrain!$I:$I), "YES", "RSPO", "NO", "NON-RSPO", "OB", "Outbound Logistics"), "Contract Farmer")} -> RSPO | I53: N | K53: {=IFERROR(INDEX(Terrain!$D:$D, MATCH(TEXT(F53,"0"), TEXT(Terrain!$N:$N,"0"), 0)), "-")} -> Plairang | L53: {=IFERROR(INDEX(Terrain!$E:$E, MATCH(TEXT(F53,"0"), TEXT(Terrain!$N:$N,"0"), 0)), "-")} -> 64-P06-R | M53: {=IFERROR(INDEX(Terrain!$C:$C, MATCH(TEXT(F53,"0"), TEXT(Terrain!$N:$N,"0"), 0)), "Contract")} -> Lower | N53: ผท9991 | O53: สฎ | P53: 0 | R53: 0 | S53: 18 | T53: 004 | U53: 004 | W53: 942_3 | X53: N | Y53: N | Z53: N | AA53: FFB | AB53: 0 | AC53: 0 | AD53: 0 | AE53: 46114.515 | AF53: 39 | AG53: 2110 | AH53: 46114.511 | AI53: 37 | AJ53: 4290 | AK53: 2180 | AL53: 0 | AM53: 0 | AN53: 0 | AO53: 0 | AP53: 0 | AQ53: 0 | AR53: 0 | AS53: 0 | AU53: 392 | AV53: 0 | AW53: 0 | BE53: 0 | BF53: 0 | BG53: 0 | BH53: 0 | BI53: 0 | BJ53: 0 | BK53: 0 | BL53: 0 | BM53: 0 | BN53: 0 | BO53: 0 | BP53: 0 | BQ53: 0 | BR53: 0 | BT53: 46114 | BU53: 0 | BV53: 0 | BW53: 0 | BX53: 0 | BZ53: 0 | CA53: 0 | CB53: 0 | CC53: 0 | CD53: 0 | CF53: 0 | CG53: 46114 | CH53: 46114 | CI53: E2121
A54: 2122 | B54: I | C54: N | D54: 46114 | E54: 1 | F54: 90002 | G54: {=_xlfn.XLOOKUP(TRIM(F54), TRIM(Wpct!$A$2:$A$1000), Wpct!$B$2:$B$1000, "ไม่พบชื่อ", 0) & IF(_xlfn.XLOOKUP(TRIM(F54), TRIM(Terrain!$N$2:$N$1002), Terrain!$I$2:$I$1002, "NO", 0)="YES", " (R)", "")} -> กะเปา 02 | H54: {=IFERROR(_xlfn.SWITCH(_xlfn.XLOOKUP(TRIM(F54), TRIM(Terrain!$N:$N), Terrain!$I:$I), "YES", "RSPO", "NO", "NON-RSPO", "OB", "Outbound Logistics"), "Contract Farmer")} -> NON-RSPO | I54: N | K54: {=IFERROR(INDEX(Terrain!$D:$D, MATCH(TEXT(F54,"0"), TEXT(Terrain!$N:$N,"0"), 0)), "-")} -> Kapao | L54: {=IFERROR(INDEX(Terrain!$E:$E, MATCH(TEXT(F54,"0"), TEXT(Terrain!$N:$N,"0"), 0)), "-")} -> 56-A02 | M54: {=IFERROR(INDEX(Terrain!$C:$C, MATCH(TEXT(F54,"0"), TEXT(Terrain!$N:$N,"0"), 0)), "Contract")} -> Lower | N54: บร2653 | O54: สฎ | P54: 0 | Q54: สันติภาพ | R54: 0 | S54: 0 | T54: 004 | U54: 004 | W54: 902_9 | X54: N | Y54: N | Z54: N | AA54: FFB | AB54: 0 | AC54: 0 | AD54: 0 | AE54: 46114.521 | AF54: 40 | AG54: 1500 | AH54: 46114.514 | AI54: 38 | AJ54: 3600 | AK54: 2100 | AL54: 0 | AM54: 0 | AN54: 0 | AO54: 0 | AP54: 0 | AQ54: 0 | AR54: 0 | AS54: 0 | AU54: 105 | AV54: 0 | AW54: 0 | BE54: 0 | BF54: 0 | BG54: 0 | BH54: 0 | BI54: 0 | BJ54: 0 | BK54: 0 | BL54: 0 | BM54: 0 | BN54: 0 | BO54: 0 | BP54: 0 | BQ54: 0 | BR54: 0 | BT54: 46114 | BU54: 0 | BV54: 0 | BW54: 0 | BX54: 0 | BZ54: 0 | CA54: 0 | CB54: 0 | CC54: 0 | CD54: 0 | CF54: 0 | CG54: 46114 | CH54: 46114 | CI54: E2122
A55: 2123_1 | B55: I | C55: N | D55: 46114 | E55: 1 | F55: 91001_2 | G55: {=_xlfn.XLOOKUP(TRIM(F55), TRIM(Wpct!$A$2:$A$1000), Wpct!$B$2:$B$1000, "ไม่พบชื่อ", 0) & IF(_xlfn.XLOOKUP(TRIM(F55), TRIM(Terrain!$N$2:$N$1002), Terrain!$I$2:$I$1002, "NO", 0)="YES", " (R)", "")} -> บางกัน 01 | H55: {=IFERROR(_xlfn.SWITCH(_xlfn.XLOOKUP(TRIM(F55), TRIM(Terrain!$N:$N), Terrain!$I:$I), "YES", "RSPO", "NO", "NON-RSPO", "OB", "Outbound Logistics"), "Contract Farmer")} -> NON-RSPO | I55: N | K55: {=IFERROR(INDEX(Terrain!$D:$D, MATCH(TEXT(F55,"0"), TEXT(Terrain!$N:$N,"0"), 0)), "-")} -> Banggun | L55: {=IFERROR(INDEX(Terrain!$E:$E, MATCH(TEXT(F55,"0"), TEXT(Terrain!$N:$N,"0"), 0)), "-")} -> 65-B01 | M55: {=IFERROR(INDEX(Terrain!$C:$C, MATCH(TEXT(F55,"0"), TEXT(Terrain!$N:$N,"0"), 0)), "Contract")} -> Upper | N55: 82-5318 | O55: สฎ | P55: 0 | Q55: นายพรชัย ช่วยจำ | S55: 18 | T55: 004 | U55: 004 | W55: 911_4 | X55: N | Y55: N | Z55: N | AA55: FFB | AB55: 0 | AD55: 0 | AE55: 46114.533 | AF55: 45 | AG55: 5646 | AH55: 46114.528 | AI55: 44 | AJ55: 7080 | AK55: 1434 | AU55: 501 | AV55: 0 | AW55: 0 | BE55: 0 | BF55: 0 | BG55: 0 | BH55: 0 | BI55: 0 | BJ55: 0 | BK55: 0 | BL55: 0 | BM55: 0 | BN55: 0 | BO55: 0 | BP55: 0 | BQ55: 0 | BR55: 0 | BT55: 46114 | BU55: 0 | BV55: 0 | BW55: 0 | BX55: 0 | BZ55: 0 | CA55: 0 | CB55: 0 | CC55: 0 | CD55: 0 | CF55: 0 | CI55: E2123_1
A56: 2123_2 | B56: I | C56: N | D56: 46114 | E56: 1 | F56: 91011_2 | G56: {=_xlfn.XLOOKUP(TRIM(F56), TRIM(Wpct!$A$2:$A$1000), Wpct!$B$2:$B$1000, "ไม่พบชื่อ", 0) & IF(_xlfn.XLOOKUP(TRIM(F56), TRIM(Terrain!$N$2:$N$1002), Terrain!$I$2:$I$1002, "NO", 0)="YES", " (R)", "")} -> บางกัน 11 | H56: {=IFERROR(_xlfn.SWITCH(_xlfn.XLOOKUP(TRIM(F56), TRIM(Terrain!$N:$N), Terrain!$I:$I), "YES", "RSPO", "NO", "NON-RSPO", "OB", "Outbound Logistics"), "Contract Farmer")} -> NON-RSPO | I56: N | K56: {=IFERROR(INDEX(Terrain!$D:$D, MATCH(TEXT(F56,"0"), TEXT(Terrain!$N:$N,"0"), 0)), "-")} -> Banggun | L56: {=IFERROR(INDEX(Terrain!$E:$E, MATCH(TEXT(F56,"0"), TEXT(Terrain!$N:$N,"0"), 0)), "-")} -> 65-B11 | M56: {=IFERROR(INDEX(Terrain!$C:$C, MATCH(TEXT(F56,"0"), TEXT(Terrain!$N:$N,"0"), 0)), "Contract")} -> Upper | N56: 82-5318 | O56: สฎ | P56: 0 | Q56: นายพรชัย ช่วยจำ | S56: 18 | T56: 004 | U56: 004 | W56: 911_4 | X56: N | Y56: N | Z56: N | AA56: FFB | AB56: 0 | AD56: 0 | AE56: 46114.533 | AF56: 45 | AG56: 5070 | AH56: 46114.528 | AI56: 44 | AJ56: 5646 | AK56: 576 | AU56: 201 | AV56: 0 | AW56: 0 | BE56: 0 | BF56: 0 | BG56: 0 | BH56: 0 | BI56: 0 | BJ56: 0 | BK56: 0 | BL56: 0 | BM56: 0 | BN56: 0 | BO56: 0 | BP56: 0 | BQ56: 0 | BR56: 0 | BT56: 46114 | BU56: 0 | BV56: 0 | BW56: 0 | BX56: 0 | BZ56: 0 | CA56: 0 | CB56: 0 | CC56: 0 | CD56: 0 | CF56: 0 | CI56: E2123_2
A57: 2124 | B57: O | C57: N | D57: 46114 | E57: 2 | F57: 99000 | G57: {=_xlfn.XLOOKUP(TRIM(F57), TRIM(Wpct!$A$2:$A$1000), Wpct!$B$2:$B$1000, "ไม่พบชื่อ", 0) & IF(_xlfn.XLOOKUP(TRIM(F57), TRIM(Terrain!$N$2:$N$1002), Terrain!$I$2:$I$1002, "NO", 0)="YES", " (R)", "")} -> บจก.ทักษิณปาล์ม (ฝ่ายสวนปาล์ม) | H57: {=IFERROR(_xlfn.SWITCH(_xlfn.XLOOKUP(TRIM(F57), TRIM(Terrain!$N:$N), Terrain!$I:$I), "YES", "RSPO", "NO", "NON-RSPO", "OB", "Outbound Logistics"), "Contract Farmer")} -> Outbound Logistics | I57: N | K57: {=IFERROR(INDEX(Terrain!$D:$D, MATCH(TEXT(F57,"0"), TEXT(Terrain!$N:$N,"0"), 0)), "-")} -> Outbound | L57: {=IFERROR(INDEX(Terrain!$E:$E, MATCH(TEXT(F57,"0"), TEXT(Terrain!$N:$N,"0"), 0)), "-")} -> Ramp | M57: {=IFERROR(INDEX(Terrain!$C:$C, MATCH(TEXT(F57,"0"), TEXT(Terrain!$N:$N,"0"), 0)), "Contract")} -> EST | N57: 82-8674 | O57: สฎ | P57: 0 | Q57: นายพยุงศักดิ์ สมเพชร | R57: 0 | S57: 18 | T57: 004 | U57: 004 | X57: N | Y57: N | Z57: N | AA57: FFB | AB57: 0 | AC57: 0 | AD57: 0 | AE57: 46114.538 | AF57: 46 | AG57: 13830 | AH57: 46114.548 | AI57: 49 | AJ57: 24940 | AK57: 11110 | AL57: 0 | AM57: 0 | AN57: 0 | AO57: 0 | AP57: 0 | AQ57: 0 | AR57: 0 | AS57: 0 | AU57: 0 | AV57: 0 | AW57: 0 | BE57: 0 | BF57: 0 | BG57: 0 | BH57: 0 | BI57: 0 | BJ57: 0 | BK57: 0 | BL57: 0 | BM57: 0 | BN57: 0 | BO57: 0 | BP57: 0 | BQ57: 0 | BR57: 0 | BS57: 03218 | BT57: 46114 | BU57: 13 | BV57: 13880 | BW57: 24850 | BX57: 10970 | BZ57: 0 | CA57: 0 | CB57: 0 | CC57: 0 | CD57: 0 | CE57: SPC | CF57: 0 | CG57: 46114.599 | CH57: 46114.632 | CI57: E2124
A58: 2125 | B58: I | C58: N | D58: 46114 | E58: 1 | F58: 22456 | G58: {=_xlfn.XLOOKUP(TRIM(F58), TRIM(Wpct!$A$2:$A$1000), Wpct!$B$2:$B$1000, "ไม่พบชื่อ", 0) & IF(_xlfn.XLOOKUP(TRIM(F58), TRIM(Terrain!$N$2:$N$1002), Terrain!$I$2:$I$1002, "NO", 0)="YES", " (R)", "")} -> บริษัท ฟี.บี. จำกัด | H58: {=IFERROR(_xlfn.SWITCH(_xlfn.XLOOKUP(TRIM(F58), TRIM(Terrain!$N:$N), Terrain!$I:$I), "YES", "RSPO", "NO", "NON-RSPO", "OB", "Outbound Logistics"), "Contract Farmer")} -> Contract Farmer | I58: N | K58: {=IFERROR(INDEX(Terrain!$D:$D, MATCH(TEXT(F58,"0"), TEXT(Terrain!$N:$N,"0"), 0)), "-")} -> - | L58: {=IFERROR(INDEX(Terrain!$E:$E, MATCH(TEXT(F58,"0"), TEXT(Terrain!$N:$N,"0"), 0)), "-")} -> - | M58: {=IFERROR(INDEX(Terrain!$C:$C, MATCH(TEXT(F58,"0"), TEXT(Terrain!$N:$N,"0"), 0)), "Contract")} -> Contract | N58: 81-0395 | O58: สฎ | P58: 0 | Q58: สมศักดิ์ รอกระโทก | R58: 0 | S58: 18 | T58: 004 | U58: 004 | X58: N | Y58: N | Z58: N | AA58: FFB | AB58: 8.4 | AC58: 0 | AD58: 0 | AE58: 46114.543 | AF58: 48 | AG58: 4040 | AH58: 46114.541 | AI58: 47 | AJ58: 8480 | AK58: 4440 | AL58: 0 | AM58: 0 | AN58: 0 | AO58: 0 | AP58: 0 | AQ58: 0 | AR58: 0 | AS58: 0 | AU58: 0 | AV58: 0 | AW58: 0 | BE58: 0 | BF58: 0 | BG58: 0 | BH58: 0 | BI58: 0 | BJ58: 0 | BK58: 0 | BL58: 0 | BM58: 0 | BN58: 0 | BO58: 0 | BP58: 0 | BQ58: 0 | BR58: 0 | BT58: 46114 | BU58: 0 | BV58: 0 | BW58: 0 | BX58: 0 | BZ58: 0 | CA58: 0 | CB58: 0 | CC58: 0 | CD58: 0 | CF58: 0 | CG58: 46114 | CH58: 46114 | CI58: E2125
A59: 2126 | B59: I | C59: N | D59: 46114 | E59: 1 | F59: 22455 | G59: {=_xlfn.XLOOKUP(TRIM(F59), TRIM(Wpct!$A$2:$A$1000), Wpct!$B$2:$B$1000, "ไม่พบชื่อ", 0) & IF(_xlfn.XLOOKUP(TRIM(F59), TRIM(Terrain!$N$2:$N$1002), Terrain!$I$2:$I$1002, "NO", 0)="YES", " (R)", "")} -> บริษัท สวนนายห้าง จำกัด | H59: {=IFERROR(_xlfn.SWITCH(_xlfn.XLOOKUP(TRIM(F59), TRIM(Terrain!$N:$N), Terrain!$I:$I), "YES", "RSPO", "NO", "NON-RSPO", "OB", "Outbound Logistics"), "Contract Farmer")} -> Contract Farmer | I59: N | K59: {=IFERROR(INDEX(Terrain!$D:$D, MATCH(TEXT(F59,"0"), TEXT(Terrain!$N:$N,"0"), 0)), "-")} -> - | L59: {=IFERROR(INDEX(Terrain!$E:$E, MATCH(TEXT(F59,"0"), TEXT(Terrain!$N:$N,"0"), 0)), "-")} -> - | M59: {=IFERROR(INDEX(Terrain!$C:$C, MATCH(TEXT(F59,"0"), TEXT(Terrain!$N:$N,"0"), 0)), "Contract")} -> Contract | N59: ผต1807 | O59: สฎ | P59: 0 | Q59: ชัชพิสิฐ มวนนามอญ | R59: 0 | S59: 18 | T59: 004 | U59: 004 | X59: N | Y59: N | Z59: N | AA59: FFB | AB59: 8.5 | AC59: 0 | AD59: 0 | AE59: 46114.558 | AF59: 51 | AG59: 2370 | AH59: 46114.55 | AI59: 50 | AJ59: 5480 | AK59: 3110 | AL59: 0 | AM59: 0 | AN59: 0 | AO59: 0 | AP59: 0 | AQ59: 0 | AR59: 0 | AS59: 0 | AU59: 0 | AV59: 2 | AW59: 10 | BE59: 0 | BF59: 0 | BG59: 0 | BH59: 0 | BI59: 0 | BJ59: 0 | BK59: 0 | BL59: 0 | BM59: 0 | BN59: 0 | BO59: 0 | BP59: 0 | BQ59: 0 | BR59: 0 | BT59: 46114 | BU59: 0 | BV59: 0 | BW59: 0 | BX59: 0 | BZ59: 0 | CA59: 0 | CB59: 0 | CC59: 0 | CD59: 0 | CF59: 0 | CG59: 46114 | CH59: 46114 | CI59: E2126
A60: 2127 | B60: O | C60: N | D60: 46114 | E60: 1 | F60: 99000 | G60: {=_xlfn.XLOOKUP(TRIM(F60), TRIM(Wpct!$A$2:$A$1000), Wpct!$B$2:$B$1000, "ไม่พบชื่อ", 0) & IF(_xlfn.XLOOKUP(TRIM(F60), TRIM(Terrain!$N$2:$N$1002), Terrain!$I$2:$I$1002, "NO", 0)="YES", " (R)", "")} -> บจก.ทักษิณปาล์ม (ฝ่ายสวนปาล์ม) | H60: {=IFERROR(_xlfn.SWITCH(_xlfn.XLOOKUP(TRIM(F60), TRIM(Terrain!$N:$N), Terrain!$I:$I), "YES", "RSPO", "NO", "NON-RSPO", "OB", "Outbound Logistics"), "Contract Farmer")} -> Outbound Logistics | I60: N | K60: {=IFERROR(INDEX(Terrain!$D:$D, MATCH(TEXT(F60,"0"), TEXT(Terrain!$N:$N,"0"), 0)), "-")} -> Outbound | L60: {=IFERROR(INDEX(Terrain!$E:$E, MATCH(TEXT(F60,"0"), TEXT(Terrain!$N:$N,"0"), 0)), "-")} -> Ramp | M60: {=IFERROR(INDEX(Terrain!$C:$C, MATCH(TEXT(F60,"0"), TEXT(Terrain!$N:$N,"0"), 0)), "Contract")} -> EST | N60: 82-0103 | O60: สฎ | P60: 0 | Q60: นายพจร เคลื่อนทอง | R60: 0 | S60: 18 | T60: 004 | U60: 004 | X60: N | Y60: N | Z60: N | AA60: FFB | AB60: 0 | AC60: 0 | AD60: 0 | AE60: 46114.571 | AF60: 56 | AG60: 11150 | AH60: 46114.601 | AI60: 67 | AJ60: 24980 | AK60: 13830 | AL60: 0 | AM60: 0 | AN60: 0 | AO60: 0 | AP60: 0 | AQ60: 0 | AR60: 0 | AS60: 0 | AU60: 0 | AV60: 0 | AW60: 0 | BE60: 0 | BF60: 0 | BG60: 0 | BH60: 0 | BI60: 0 | BJ60: 0 | BK60: 0 | BL60: 0 | BM60: 0 | BN60: 0 | BO60: 0 | BP60: 0 | BQ60: 0 | BR60: 0 | BS60: 03222 | BT60: 46114 | BU60: 18 | BV60: 11130 | BW60: 24890 | BX60: 13760 | BZ60: 0 | CA60: 0 | CB60: 0 | CC60: 0 | CD60: 0 | CE60: SPC | CF60: 0 | CG60: 46114.645 | CH60: 46114.656 | CI60: E2127
A61: 2128 | B61: I | C61: N | D61: 46114 | E61: 1 | F61: 22456 | G61: {=_xlfn.XLOOKUP(TRIM(F61), TRIM(Wpct!$A$2:$A$1000), Wpct!$B$2:$B$1000, "ไม่พบชื่อ", 0) & IF(_xlfn.XLOOKUP(TRIM(F61), TRIM(Terrain!$N$2:$N$1002), Terrain!$I$2:$I$1002, "NO", 0)="YES", " (R)", "")} -> บริษัท ฟี.บี. จำกัด | H61: {=IFERROR(_xlfn.SWITCH(_xlfn.XLOOKUP(TRIM(F61), TRIM(Terrain!$N:$N), Terrain!$I:$I), "YES", "RSPO", "NO", "NON-RSPO", "OB", "Outbound Logistics"), "Contract Farmer")} -> Contract Farmer | I61: N | K61: {=IFERROR(INDEX(Terrain!$D:$D, MATCH(TEXT(F61,"0"), TEXT(Terrain!$N:$N,"0"), 0)), "-")} -> - | L61: {=IFERROR(INDEX(Terrain!$E:$E, MATCH(TEXT(F61,"0"), TEXT(Terrain!$N:$N,"0"), 0)), "-")} -> - | M61: {=IFERROR(INDEX(Terrain!$C:$C, MATCH(TEXT(F61,"0"), TEXT(Terrain!$N:$N,"0"), 0)), "Contract")} -> Contract | N61: 81-0395 | O61: สฎ | P61: 0 | Q61: สมศักดิ์ รอกระโทก | R61: 0 | S61: 18 | T61: 004 | U61: 004 | X61: N | Y61: N | Z61: N | AA61: FFB | AB61: 8.4 | AC61: 0 | AD61: 0 | AE61: 46114.575 | AF61: 61 | AG61: 4050 | AH61: 46114.572 | AI61: 57 | AJ61: 6480 | AK61: 2430 | AL61: 0 | AM61: 0 | AN61: 0 | AO61: 0 | AP61: 0 | AQ61: 0 | AR61: 0 | AS61: 0 | AU61: 0 | AV61: 0 | AW61: 0 | BE61: 0 | BF61: 0 | BG61: 0 | BH61: 0 | BI61: 0 | BJ61: 0 | BK61: 0 | BL61: 0 | BM61: 0 | BN61: 0 | BO61: 0 | BP61: 0 | BQ61: 0 | BR61: 0 | BT61: 46114 | BU61: 0 | BV61: 0 | BW61: 0 | BX61: 0 | BZ61: 0 | CA61: 0 | CB61: 0 | CC61: 0 | CD61: 0 | CF61: 0 | CG61: 46114 | CH61: 46114 | CI61: E2128
A62: 2129_1 | B62: I | C62: N | D62: 46114 | E62: 1 | F62: 91014 | G62: {=_xlfn.XLOOKUP(TRIM(F62), TRIM(Wpct!$A$2:$A$1000), Wpct!$B$2:$B$1000, "ไม่พบชื่อ", 0) & IF(_xlfn.XLOOKUP(TRIM(F62), TRIM(Terrain!$N$2:$N$1002), Terrain!$I$2:$I$1002, "NO", 0)="YES", " (R)", "")} -> บางกัน 14 | H62: {=IFERROR(_xlfn.SWITCH(_xlfn.XLOOKUP(TRIM(F62), TRIM(Terrain!$N:$N), Terrain!$I:$I), "YES", "RSPO", "NO", "NON-RSPO", "OB", "Outbound Logistics"), "Contract Farmer")} -> NON-RSPO | I62: N | K62: {=IFERROR(INDEX(Terrain!$D:$D, MATCH(TEXT(F62,"0"), TEXT(Terrain!$N:$N,"0"), 0)), "-")} -> Banggun | L62: {=IFERROR(INDEX(Terrain!$E:$E, MATCH(TEXT(F62,"0"), TEXT(Terrain!$N:$N,"0"), 0)), "-")} -> 57-B14 | M62: {=IFERROR(INDEX(Terrain!$C:$C, MATCH(TEXT(F62,"0"), TEXT(Terrain!$N:$N,"0"), 0)), "Contract")} -> Upper | N62: 81-9790 | O62: สฎ | P62: 0 | Q62: รถสำรอง | S62: 18 | T62: 004 | U62: 004 | W62: 914 | X62: N | Y62: N | Z62: N | AA62: FFB | AB62: 0 | AD62: 0 | AE62: 46114.576 | AF62: 62 | AG62: 4250 | AH62: 46114.573 | AI62: 58 | AJ62: 11140 | AK62: 6890 | AU62: 435 | AV62: 0 | AW62: 0 | BE62: 0 | BF62: 0 | BG62: 0 | BH62: 0 | BI62: 0 | BJ62: 0 | BK62: 0 | BL62: 0 | BM62: 0 | BN62: 0 | BO62: 0 | BP62: 0 | BQ62: 0 | BR62: 0 | BT62: 46114 | BU62: 0 | BV62: 0 | BW62: 0 | BX62: 0 | BZ62: 0 | CA62: 0 | CB62: 0 | CC62: 0 | CD62: 0 | CF62: 0 | CI62: E2129_1
A63: 2129_2 | B63: I | C63: N | D63: 46114 | E63: 1 | F63: 91014_1 | G63: {=_xlfn.XLOOKUP(TRIM(F63), TRIM(Wpct!$A$2:$A$1000), Wpct!$B$2:$B$1000, "ไม่พบชื่อ", 0) & IF(_xlfn.XLOOKUP(TRIM(F63), TRIM(Terrain!$N$2:$N$1002), Terrain!$I$2:$I$1002, "NO", 0)="YES", " (R)", "")} -> บางกัน 14 | H63: {=IFERROR(_xlfn.SWITCH(_xlfn.XLOOKUP(TRIM(F63), TRIM(Terrain!$N:$N), Terrain!$I:$I), "YES", "RSPO", "NO", "NON-RSPO", "OB", "Outbound Logistics"), "Contract Farmer")} -> NON-RSPO | I63: N | K63: {=IFERROR(INDEX(Terrain!$D:$D, MATCH(TEXT(F63,"0"), TEXT(Terrain!$N:$N,"0"), 0)), "-")} -> Banggun | L63: {=IFERROR(INDEX(Terrain!$E:$E, MATCH(TEXT(F63,"0"), TEXT(Terrain!$N:$N,"0"), 0)), "-")} -> 30-B14 | M63: {=IFERROR(INDEX(Terrain!$C:$C, MATCH(TEXT(F63,"0"), TEXT(Terrain!$N:$N,"0"), 0)), "Contract")} -> Upper | N63: 81-9790 | O63: สฎ | P63: 0 | Q63: รถสำรอง | S63: 18 | T63: 004 | U63: 004 | W63: 911 | X63: N | Y63: N | Z63: N | AA63: FFB | AB63: 0 | AD63: 0 | AE63: 46114.576 | AF63: 62 | AG63: 4150 | AH63: 46114.573 | AI63: 58 | AJ63: 4250 | AK63: 100 | AU63: 4 | AV63: 0 | AW63: 0 | BE63: 0 | BF63: 0 | BG63: 0 | BH63: 0 | BI63: 0 | BJ63: 0 | BK63: 0 | BL63: 0 | BM63: 0 | BN63: 0 | BO63: 0 | BP63: 0 | BQ63: 0 | BR63: 0 | BT63: 46114 | BU63: 0 | BV63: 0 | BW63: 0 | BX63: 0 | BZ63: 0 | CA63: 0 | CB63: 0 | CC63: 0 | CD63: 0 | CF63: 0 | CI63: E2129_2
A64: 2130 | B64: I | C64: N | D64: 46114 | E64: 1 | F64: 22424 | G64: {=_xlfn.XLOOKUP(TRIM(F64), TRIM(Wpct!$A$2:$A$1000), Wpct!$B$2:$B$1000, "ไม่พบชื่อ", 0) & IF(_xlfn.XLOOKUP(TRIM(F64), TRIM(Terrain!$N$2:$N$1002), Terrain!$I$2:$I$1002, "NO", 0)="YES", " (R)", "")} -> บริษัทศรีสุบรรณฟาร์ม จำกัด | H64: {=IFERROR(_xlfn.SWITCH(_xlfn.XLOOKUP(TRIM(F64), TRIM(Terrain!$N:$N), Terrain!$I:$I), "YES", "RSPO", "NO", "NON-RSPO", "OB", "Outbound Logistics"), "Contract Farmer")} -> Contract Farmer | I64: N | K64: {=IFERROR(INDEX(Terrain!$D:$D, MATCH(TEXT(F64,"0"), TEXT(Terrain!$N:$N,"0"), 0)), "-")} -> - | L64: {=IFERROR(INDEX(Terrain!$E:$E, MATCH(TEXT(F64,"0"), TEXT(Terrain!$N:$N,"0"), 0)), "-")} -> - | M64: {=IFERROR(INDEX(Terrain!$C:$C, MATCH(TEXT(F64,"0"), TEXT(Terrain!$N:$N,"0"), 0)), "Contract")} -> Contract | N64: 82-0528 | O64: สฎ | P64: 0 | R64: 0 | S64: 18 | T64: 004 | U64: 004 | X64: N | Y64: N | Z64: N | AA64: FFB | AB64: 8.6 | AC64: 0 | AD64: 0 | AE64: 46114.58 | AF64: 63 | AG64: 5140 | AH64: 46114.574 | AI64: 59 | AJ64: 10510 | AK64: 5370 | AL64: 0 | AM64: 0 | AN64: 0 | AO64: 0 | AP64: 0 | AQ64: 0 | AR64: 0 | AS64: 0 | AU64: 0 | AV64: 6 | AW64: 8 | BE64: 0 | BF64: 0 | BG64: 0 | BH64: 0 | BI64: 0 | BJ64: 0 | BK64: 0 | BL64: 0 | BM64: 0 | BN64: 0 | BO64: 0 | BP64: 0 | BQ64: 0 | BR64: 0 | BT64: 46114 | BU64: 0 | BV64: 0 | BW64: 0 | BX64: 0 | BZ64: 0 | CA64: 0 | CB64: 0 | CC64: 0 | CD64: 0 | CF64: 0 | CG64: 46114 | CH64: 46114 | CI64: E2130
A65: 2131 | B65: I | C65: N | D65: 46114 | E65: 1 | F65: 90001_1 | G65: {=_xlfn.XLOOKUP(TRIM(F65), TRIM(Wpct!$A$2:$A$1000), Wpct!$B$2:$B$1000, "ไม่พบชื่อ", 0) & IF(_xlfn.XLOOKUP(TRIM(F65), TRIM(Terrain!$N$2:$N$1002), Terrain!$I$2:$I$1002, "NO", 0)="YES", " (R)", "")} -> กะเปา 01 | H65: {=IFERROR(_xlfn.SWITCH(_xlfn.XLOOKUP(TRIM(F65), TRIM(Terrain!$N:$N), Terrain!$I:$I), "YES", "RSPO", "NO", "NON-RSPO", "OB", "Outbound Logistics"), "Contract Farmer")} -> NON-RSPO | I65: N | K65: {=IFERROR(INDEX(Terrain!$D:$D, MATCH(TEXT(F65,"0"), TEXT(Terrain!$N:$N,"0"), 0)), "-")} -> Kapao | L65: {=IFERROR(INDEX(Terrain!$E:$E, MATCH(TEXT(F65,"0"), TEXT(Terrain!$N:$N,"0"), 0)), "-")} -> 56-A01 | M65: {=IFERROR(INDEX(Terrain!$C:$C, MATCH(TEXT(F65,"0"), TEXT(Terrain!$N:$N,"0"), 0)), "Contract")} -> Lower | N65: ผบ3033 | O65: สฎ | P65: 0 | Q65: อุทุมพร วิเชียร | R65: 0 | S65: 18 | T65: 004 | U65: 004 | W65: 902_4 | X65: N | Y65: N | Z65: N | AA65: FFB | AB65: 0 | AC65: 0 | AD65: 0 | AE65: 46114.594 | AF65: 66 | AG65: 1870 | AH65: 46114.575 | AI65: 60 | AJ65: 4620 | AK65: 2750 | AL65: 0 | AM65: 0 | AN65: 0 | AO65: 0 | AP65: 0 | AQ65: 0 | AR65: 0 | AS65: 0 | AU65: 189 | AV65: 0 | AW65: 0 | BE65: 0 | BF65: 0 | BG65: 0 | BH65: 0 | BI65: 0 | BJ65: 0 | BK65: 0 | BL65: 0 | BM65: 0 | BN65: 0 | BO65: 0 | BP65: 0 | BQ65: 0 | BR65: 0 | BT65: 46114 | BU65: 0 | BV65: 0 | BW65: 0 | BX65: 0 | BZ65: 0 | CA65: 0 | CB65: 0 | CC65: 0 | CD65: 0 | CF65: 0 | CG65: 46114 | CH65: 46114 | CI65: E2131
A66: 2132 | B66: I | C66: N | D66: 46114 | E66: 1 | F66: 22455 | G66: {=_xlfn.XLOOKUP(TRIM(F66), TRIM(Wpct!$A$2:$A$1000), Wpct!$B$2:$B$1000, "ไม่พบชื่อ", 0) & IF(_xlfn.XLOOKUP(TRIM(F66), TRIM(Terrain!$N$2:$N$1002), Terrain!$I$2:$I$1002, "NO", 0)="YES", " (R)", "")} -> บริษัท สวนนายห้าง จำกัด | H66: {=IFERROR(_xlfn.SWITCH(_xlfn.XLOOKUP(TRIM(F66), TRIM(Terrain!$N:$N), Terrain!$I:$I), "YES", "RSPO", "NO", "NON-RSPO", "OB", "Outbound Logistics"), "Contract Farmer")} -> Contract Farmer | I66: N | K66: {=IFERROR(INDEX(Terrain!$D:$D, MATCH(TEXT(F66,"0"), TEXT(Terrain!$N:$N,"0"), 0)), "-")} -> - | L66: {=IFERROR(INDEX(Terrain!$E:$E, MATCH(TEXT(F66,"0"), TEXT(Terrain!$N:$N,"0"), 0)), "-")} -> - | M66: {=IFERROR(INDEX(Terrain!$C:$C, MATCH(TEXT(F66,"0"), TEXT(Terrain!$N:$N,"0"), 0)), "Contract")} -> Contract | N66: ผท1425 | O66: สฎ | P66: 0 | Q66: สมบูรณ์ | R66: 0 | S66: 18 | T66: 004 | U66: 004 | X66: N | Y66: N | Z66: N | AA66: FFB | AB66: 8.5 | AC66: 0 | AD66: 0 | AE66: 46114.592 | AF66: 65 | AG66: 2200 | AH66: 46114.582 | AI66: 64 | AJ66: 4920 | AK66: 2720 | AL66: 0 | AM66: 0 | AN66: 0 | AO66: 0 | AP66: 0 | AQ66: 0 | AR66: 0 | AS66: 0 | AU66: 0 | AV66: 0 | AW66: 15 | BE66: 0 | BF66: 0 | BG66: 0 | BH66: 0 | BI66: 0 | BJ66: 0 | BK66: 0 | BL66: 0 | BM66: 0 | BN66: 0 | BO66: 0 | BP66: 0 | BQ66: 0 | BR66: 0 | BT66: 46114 | BU66: 0 | BV66: 0 | BW66: 0 | BX66: 0 | BZ66: 0 | CA66: 0 | CB66: 0 | CC66: 0 | CD66: 0 | CF66: 0 | CG66: 46114 | CH66: 46114 | CI66: E2132
A67: 2133 | B67: O | C67: N | D67: 46114 | E67: 3 | F67: 99000 | G67: {=_xlfn.XLOOKUP(TRIM(F67), TRIM(Wpct!$A$2:$A$1000), Wpct!$B$2:$B$1000, "ไม่พบชื่อ", 0) & IF(_xlfn.XLOOKUP(TRIM(F67), TRIM(Terrain!$N$2:$N$1002), Terrain!$I$2:$I$1002, "NO", 0)="YES", " (R)", "")} -> บจก.ทักษิณปาล์ม (ฝ่ายสวนปาล์ม) | H67: {=IFERROR(_xlfn.SWITCH(_xlfn.XLOOKUP(TRIM(F67), TRIM(Terrain!$N:$N), Terrain!$I:$I), "YES", "RSPO", "NO", "NON-RSPO", "OB", "Outbound Logistics"), "Contract Farmer")} -> Outbound Logistics | I67: N | K67: {=IFERROR(INDEX(Terrain!$D:$D, MATCH(TEXT(F67,"0"), TEXT(Terrain!$N:$N,"0"), 0)), "-")} -> Outbound | L67: {=IFERROR(INDEX(Terrain!$E:$E, MATCH(TEXT(F67,"0"), TEXT(Terrain!$N:$N,"0"), 0)), "-")} -> Ramp | M67: {=IFERROR(INDEX(Terrain!$C:$C, MATCH(TEXT(F67,"0"), TEXT(Terrain!$N:$N,"0"), 0)), "Contract")} -> EST | N67: 83-5636,83-5637 | O67: สฎ | P67: 0 | Q67: ประฏิพัทธิ์ คุณสุทธิ์ | R67: 0 | S67: 18 | T67: 004 | U67: 004 | X67: N | Y67: N | Z67: N | AA67: FFB | AB67: 0 | AC67: 0 | AD67: 0 | AE67: 46114.604 | AF67: 68 | AG67: 22880 | AH67: 46114.661 | AI67: 90 | AJ67: 50430 | AK67: 27550 | AL67: 0 | AM67: 0 | AN67: 0 | AO67: 0 | AP67: 0 | AQ67: 0 | AR67: 0 | AS67: 0 | AU67: 0 | AV67: 0 | AW67: 0 | BE67: 0 | BF67: 0 | BG67: 0 | BH67: 0 | BI67: 0 | BJ67: 0 | BK67: 0 | BL67: 0 | BM67: 0 | BN67: 0 | BO67: 0 | BP67: 0 | BQ67: 0 | BR67: 0 | BS67: 03226 | BT67: 46114 | BU67: 18 | BV67: 22850 | BW67: 50310 | BX67: 27460 | BZ67: 0 | CA67: 0 | CB67: 0 | CC67: 0 | CD67: 0 | CE67: SPC | CF67: 0 | CG67: 46114.706 | CH67: 46114.726 | CI67: E2133
A68: 2134 | B68: I | C68: N | D68: 46114 | E68: 1 | F68: 22456 | G68: {=_xlfn.XLOOKUP(TRIM(F68), TRIM(Wpct!$A$2:$A$1000), Wpct!$B$2:$B$1000, "ไม่พบชื่อ", 0) & IF(_xlfn.XLOOKUP(TRIM(F68), TRIM(Terrain!$N$2:$N$1002), Terrain!$I$2:$I$1002, "NO", 0)="YES", " (R)", "")} -> บริษัท ฟี.บี. จำกัด | H68: {=IFERROR(_xlfn.SWITCH(_xlfn.XLOOKUP(TRIM(F68), TRIM(Terrain!$N:$N), Terrain!$I:$I), "YES", "RSPO", "NO", "NON-RSPO", "OB", "Outbound Logistics"), "Contract Farmer")} -> Contract Farmer | I68: N | K68: {=IFERROR(INDEX(Terrain!$D:$D, MATCH(TEXT(F68,"0"), TEXT(Terrain!$N:$N,"0"), 0)), "-")} -> - | L68: {=IFERROR(INDEX(Terrain!$E:$E, MATCH(TEXT(F68,"0"), TEXT(Terrain!$N:$N,"0"), 0)), "-")} -> - | M68: {=IFERROR(INDEX(Terrain!$C:$C, MATCH(TEXT(F68,"0"), TEXT(Terrain!$N:$N,"0"), 0)), "Contract")} -> Contract | N68: 81-0395 | O68: สฎ | P68: 0 | Q68: สมศักดิ์ รอกระโทก | R68: 0 | S68: 18 | T68: 004 | U68: 004 | X68: N | Y68: N | Z68: N | AA68: FFB | AB68: 8.4 | AC68: 0 | AD68: 0 | AE68: 46114.614 | AF68: 71 | AG68: 4370 | AH68: 46114.611 | AI68: 69 | AJ68: 6330 | AK68: 1960 | AL68: 0 | AM68: 0 | AN68: 0 | AO68: 0 | AP68: 0 | AQ68: 0 | AR68: 0 | AS68: 0 | AU68: 0 | AV68: 0 | AW68: 14 | BE68: 0 | BF68: 0 | BG68: 0 | BH68: 0 | BI68: 0 | BJ68: 0 | BK68: 0 | BL68: 0 | BM68: 0 | BN68: 0 | BO68: 0 | BP68: 0 | BQ68: 0 | BR68: 0 | BT68: 46114 | BU68: 0 | BV68: 0 | BW68: 0 | BX68: 0 | BZ68: 0 | CA68: 0 | CB68: 0 | CC68: 0 | CD68: 0 | CF68: 0 | CG68: 46114 | CH68: 46114 | CI68: E2134
A69: 2135 | B69: I | C69: N | D69: 46114 | E69: 1 | F69: 94008_2 | G69: {=_xlfn.XLOOKUP(TRIM(F69), TRIM(Wpct!$A$2:$A$1000), Wpct!$B$2:$B$1000, "ไม่พบชื่อ", 0) & IF(_xlfn.XLOOKUP(TRIM(F69), TRIM(Terrain!$N$2:$N$1002), Terrain!$I$2:$I$1002, "NO", 0)="YES", " (R)", "")} -> ปลายราง 08 (R) | H69: {=IFERROR(_xlfn.SWITCH(_xlfn.XLOOKUP(TRIM(F69), TRIM(Terrain!$N:$N), Terrain!$I:$I), "YES", "RSPO", "NO", "NON-RSPO", "OB", "Outbound Logistics"), "Contract Farmer")} -> RSPO | I69: N | K69: {=IFERROR(INDEX(Terrain!$D:$D, MATCH(TEXT(F69,"0"), TEXT(Terrain!$N:$N,"0"), 0)), "-")} -> Plairang | L69: {=IFERROR(INDEX(Terrain!$E:$E, MATCH(TEXT(F69,"0"), TEXT(Terrain!$N:$N,"0"), 0)), "-")} -> 64-P08-R | M69: {=IFERROR(INDEX(Terrain!$C:$C, MATCH(TEXT(F69,"0"), TEXT(Terrain!$N:$N,"0"), 0)), "Contract")} -> Lower | N69: 81-1907 | O69: สฎ | P69: 0 | Q69: นายศุภชัย ว่างงาน | R69: 0 | S69: 18 | T69: 004 | U69: 004 | W69: 942_1 | X69: N | Y69: N | Z69: N | AA69: FFB | AB69: 0 | AC69: 0 | AD69: 0 | AE69: 46114.619 | AF69: 75 | AG69: 6660 | AH69: 46114.615 | AI69: 72 | AJ69: 12000 | AK69: 5340 | AL69: 0 | AM69: 0 | AN69: 0 | AO69: 0 | AP69: 0 | AQ69: 0 | AR69: 0 | AS69: 0 | AU69: 1006 | AV69: 0 | AW69: 0 | BE69: 0 | BF69: 0 | BG69: 0 | BH69: 0 | BI69: 0 | BJ69: 0 | BK69: 0 | BL69: 0 | BM69: 0 | BN69: 0 | BO69: 0 | BP69: 0 | BQ69: 0 | BR69: 0 | BT69: 46114 | BU69: 0 | BV69: 0 | BW69: 0 | BX69: 0 | BZ69: 0 | CA69: 0 | CB69: 0 | CC69: 0 | CD69: 0 | CF69: 0 | CG69: 46114 | CH69: 46114 | CI69: E2135
A70: 2136 | B70: I | C70: N | D70: 46114 | E70: 1 | F70: 91003_1 | G70: {=_xlfn.XLOOKUP(TRIM(F70), TRIM(Wpct!$A$2:$A$1000), Wpct!$B$2:$B$1000, "ไม่พบชื่อ", 0) & IF(_xlfn.XLOOKUP(TRIM(F70), TRIM(Terrain!$N$2:$N$1002), Terrain!$I$2:$I$1002, "NO", 0)="YES", " (R)", "")} -> บางกัน 03 | H70: {=IFERROR(_xlfn.SWITCH(_xlfn.XLOOKUP(TRIM(F70), TRIM(Terrain!$N:$N), Terrain!$I:$I), "YES", "RSPO", "NO", "NON-RSPO", "OB", "Outbound Logistics"), "Contract Farmer")} -> NON-RSPO | I70: N | K70: {=IFERROR(INDEX(Terrain!$D:$D, MATCH(TEXT(F70,"0"), TEXT(Terrain!$N:$N,"0"), 0)), "-")} -> Banggun | L70: {=IFERROR(INDEX(Terrain!$E:$E, MATCH(TEXT(F70,"0"), TEXT(Terrain!$N:$N,"0"), 0)), "-")} -> 57-B03 | M70: {=IFERROR(INDEX(Terrain!$C:$C, MATCH(TEXT(F70,"0"), TEXT(Terrain!$N:$N,"0"), 0)), "Contract")} -> Upper | N70: ผธ236 | O70: สฎ | P70: 0 | Q70: ธนาวุฒิ เพชรสังวาลย์ | R70: 0 | S70: 18 | T70: 004 | U70: 004 | W70: 918_1 | X70: N | Y70: N | Z70: N | AA70: FFB | AB70: 0 | AC70: 0 | AD70: 0 | AE70: 46114.63 | AF70: 81 | AG70: 1590 | AH70: 46114.618 | AI70: 73 | AJ70: 4030 | AK70: 2440 | AL70: 0 | AM70: 0 | AN70: 0 | AO70: 0 | AP70: 0 | AQ70: 0 | AR70: 0 | AS70: 0 | AU70: 143 | AV70: 0 | AW70: 0 | BE70: 0 | BF70: 0 | BG70: 0 | BH70: 0 | BI70: 0 | BJ70: 0 | BK70: 0 | BL70: 0 | BM70: 0 | BN70: 0 | BO70: 0 | BP70: 0 | BQ70: 0 | BR70: 0 | BT70: 46114 | BU70: 0 | BV70: 0 | BW70: 0 | BX70: 0 | BZ70: 0 | CA70: 0 | CB70: 0 | CC70: 0 | CD70: 0 | CF70: 0 | CG70: 46114 | CH70: 46114 | CI70: E2136
A71: 2137 | B71: I | C71: N | D71: 46114 | E71: 1 | F71: 91003_1 | G71: {=_xlfn.XLOOKUP(TRIM(F71), TRIM(Wpct!$A$2:$A$1000), Wpct!$B$2:$B$1000, "ไม่พบชื่อ", 0) & IF(_xlfn.XLOOKUP(TRIM(F71), TRIM(Terrain!$N$2:$N$1002), Terrain!$I$2:$I$1002, "NO", 0)="YES", " (R)", "")} -> บางกัน 03 | H71: {=IFERROR(_xlfn.SWITCH(_xlfn.XLOOKUP(TRIM(F71), TRIM(Terrain!$N:$N), Terrain!$I:$I), "YES", "RSPO", "NO", "NON-RSPO", "OB", "Outbound Logistics"), "Contract Farmer")} -> NON-RSPO | I71: N | K71: {=IFERROR(INDEX(Terrain!$D:$D, MATCH(TEXT(F71,"0"), TEXT(Terrain!$N:$N,"0"), 0)), "-")} -> Banggun | L71: {=IFERROR(INDEX(Terrain!$E:$E, MATCH(TEXT(F71,"0"), TEXT(Terrain!$N:$N,"0"), 0)), "-")} -> 57-B03 | M71: {=IFERROR(INDEX(Terrain!$C:$C, MATCH(TEXT(F71,"0"), TEXT(Terrain!$N:$N,"0"), 0)), "Contract")} -> Upper | N71: ผพ229 | O71: สฎ | P71: 0 | R71: 0 | S71: 18 | T71: 004 | U71: 004 | W71: 918_1 | X71: N | Y71: N | Z71: N | AA71: FFB | AB71: 0 | AC71: 0 | AD71: 0 | AE71: 46114.631 | AF71: 82 | AG71: 1540 | AH71: 46114.619 | AI71: 74 | AJ71: 4210 | AK71: 2670 | AL71: 0 | AM71: 0 | AN71: 0 | AO71: 0 | AP71: 0 | AQ71: 0 | AR71: 0 | AS71: 0 | AU71: 167 | AV71: 0 | AW71: 0 | BE71: 0 | BF71: 0 | BG71: 0 | BH71: 0 | BI71: 0 | BJ71: 0 | BK71: 0 | BL71: 0 | BM71: 0 | BN71: 0 | BO71: 0 | BP71: 0 | BQ71: 0 | BR71: 0 | BT71: 46114 | BU71: 0 | BV71: 0 | BW71: 0 | BX71: 0 | BZ71: 0 | CA71: 0 | CB71: 0 | CC71: 0 | CD71: 0 | CF71: 0 | CG71: 46114 | CH71: 46114 | CI71: E2137
A72: 2138 | B72: O | C72: N | D72: 46114 | E72: 1 | F72: 99000 | G72: {=_xlfn.XLOOKUP(TRIM(F72), TRIM(Wpct!$A$2:$A$1000), Wpct!$B$2:$B$1000, "ไม่พบชื่อ", 0) & IF(_xlfn.XLOOKUP(TRIM(F72), TRIM(Terrain!$N$2:$N$1002), Terrain!$I$2:$I$1002, "NO", 0)="YES", " (R)", "")} -> บจก.ทักษิณปาล์ม (ฝ่ายสวนปาล์ม) | H72: {=IFERROR(_xlfn.SWITCH(_xlfn.XLOOKUP(TRIM(F72), TRIM(Terrain!$N:$N), Terrain!$I:$I), "YES", "RSPO", "NO", "NON-RSPO", "OB", "Outbound Logistics"), "Contract Farmer")} -> Outbound Logistics | I72: N | K72: {=IFERROR(INDEX(Terrain!$D:$D, MATCH(TEXT(F72,"0"), TEXT(Terrain!$N:$N,"0"), 0)), "-")} -> Outbound | L72: {=IFERROR(INDEX(Terrain!$E:$E, MATCH(TEXT(F72,"0"), TEXT(Terrain!$N:$N,"0"), 0)), "-")} -> Ramp | M72: {=IFERROR(INDEX(Terrain!$C:$C, MATCH(TEXT(F72,"0"), TEXT(Terrain!$N:$N,"0"), 0)), "Contract")} -> EST | N72: 81-1941 | O72: สฎ | P72: 0 | Q72: นายประจักษ์ กิ่งก้าน | R72: 0 | S72: 18 | T72: 004 | U72: 004 | X72: N | Y72: N | Z72: N | AA72: FFB | AB72: 0 | AC72: 0 | AD72: 0 | AE72: 46114.626 | AF72: 78 | AG72: 10890 | AH72: 46114.678 | AI72: 94 | AJ72: 24970 | AK72: 14080 | AL72: 0 | AM72: 0 | AN72: 0 | AO72: 0 | AP72: 0 | AQ72: 0 | AR72: 0 | AS72: 0 | AU72: 0 | AV72: 0 | AW72: 0 | BE72: 0 | BF72: 0 | BG72: 0 | BH72: 0 | BI72: 0 | BJ72: 0 | BK72: 0 | BL72: 0 | BM72: 0 | BN72: 0 | BO72: 0 | BP72: 0 | BQ72: 0 | BR72: 0 | BS72: 03231 | BT72: 46114 | BU72: 18 | BV72: 10870 | BW72: 24900 | BX72: 14030 | BZ72: 0 | CA72: 0 | CB72: 0 | CC72: 0 | CD72: 0 | CE72: SPC | CF72: 0 | CG72: 46114.731 | CH72: 46114.787 | CI72: E2138
A73: 2139 | B73: I | C73: N | D73: 46114 | E73: 1 | F73: 93004_2 | G73: {=_xlfn.XLOOKUP(TRIM(F73), TRIM(Wpct!$A$2:$A$1000), Wpct!$B$2:$B$1000, "ไม่พบชื่อ", 0) & IF(_xlfn.XLOOKUP(TRIM(F73), TRIM(Terrain!$N$2:$N$1002), Terrain!$I$2:$I$1002, "NO", 0)="YES", " (R)", "")} -> หมอนไม้ 04 (R) | H73: {=IFERROR(_xlfn.SWITCH(_xlfn.XLOOKUP(TRIM(F73), TRIM(Terrain!$N:$N), Terrain!$I:$I), "YES", "RSPO", "NO", "NON-RSPO", "OB", "Outbound Logistics"), "Contract Farmer")} -> RSPO | I73: N | K73: {=IFERROR(INDEX(Terrain!$D:$D, MATCH(TEXT(F73,"0"), TEXT(Terrain!$N:$N,"0"), 0)), "-")} -> Monmai | L73: {=IFERROR(INDEX(Terrain!$E:$E, MATCH(TEXT(F73,"0"), TEXT(Terrain!$N:$N,"0"), 0)), "-")} -> 65-D04-R | M73: {=IFERROR(INDEX(Terrain!$C:$C, MATCH(TEXT(F73,"0"), TEXT(Terrain!$N:$N,"0"), 0)), "Contract")} -> Lower | N73: 81-1797 | O73: สฎ | P73: 0 | Q73: นายบัญญัติ ศรีสุข | R73: 0 | S73: 18 | T73: 004 | U73: 004 | W73: 931_7 | X73: N | Y73: N | Z73: N | AA73: FFB | AB73: 0 | AC73: 0 | AD73: 0 | AE73: 46114.632 | AF73: 83 | AG73: 6370 | AH73: 46114.628 | AI73: 79 | AJ73: 8610 | AK73: 2240 | AL73: 0 | AM73: 0 | AN73: 0 | AO73: 0 | AP73: 0 | AQ73: 0 | AR73: 0 | AS73: 0 | AU73: 621 | AV73: 0 | AW73: 0 | BE73: 0 | BF73: 0 | BG73: 0 | BH73: 0 | BI73: 0 | BJ73: 0 | BK73: 0 | BL73: 0 | BM73: 0 | BN73: 0 | BO73: 0 | BP73: 0 | BQ73: 0 | BR73: 0 | BT73: 46114 | BU73: 0 | BV73: 0 | BW73: 0 | BX73: 0 | BZ73: 0 | CA73: 0 | CB73: 0 | CC73: 0 | CD73: 0 | CF73: 0 | CG73: 46114 | CH73: 46114 | CI73: E2139
A74: 2140 | B74: I | C74: N | D74: 46114 | E74: 1 | F74: 92002 | G74: {=_xlfn.XLOOKUP(TRIM(F74), TRIM(Wpct!$A$2:$A$1000), Wpct!$B$2:$B$1000, "ไม่พบชื่อ", 0) & IF(_xlfn.XLOOKUP(TRIM(F74), TRIM(Terrain!$N$2:$N$1002), Terrain!$I$2:$I$1002, "NO", 0)="YES", " (R)", "")} -> พันไร่ 02 (R) | H74: {=IFERROR(_xlfn.SWITCH(_xlfn.XLOOKUP(TRIM(F74), TRIM(Terrain!$N:$N), Terrain!$I:$I), "YES", "RSPO", "NO", "NON-RSPO", "OB", "Outbound Logistics"), "Contract Farmer")} -> RSPO | I74: N | K74: {=IFERROR(INDEX(Terrain!$D:$D, MATCH(TEXT(F74,"0"), TEXT(Terrain!$N:$N,"0"), 0)), "-")} -> Panrai | L74: {=IFERROR(INDEX(Terrain!$E:$E, MATCH(TEXT(F74,"0"), TEXT(Terrain!$N:$N,"0"), 0)), "-")} -> 60-C02-R | M74: {=IFERROR(INDEX(Terrain!$C:$C, MATCH(TEXT(F74,"0"), TEXT(Terrain!$N:$N,"0"), 0)), "Contract")} -> Lower | N74: 81-9344 | O74: สฎ | P74: 0 | Q74: ทวีศักดิ์ วิโรจน์ | R74: 0 | S74: 18 | T74: 004 | U74: 004 | W74: 922_5 | X74: N | Y74: N | Z74: N | AA74: FFB | AB74: 0 | AC74: 0 | AD74: 0 | AE74: 46114.633 | AF74: 84 | AG74: 3430 | AH74: 46114.629 | AI74: 80 | AJ74: 8740 | AK74: 5310 | AL74: 0 | AM74: 0 | AN74: 0 | AO74: 0 | AP74: 0 | AQ74: 0 | AR74: 0 | AS74: 0 | AU74: 334 | AV74: 0 | AW74: 0 | BE74: 0 | BF74: 0 | BG74: 0 | BH74: 0 | BI74: 0 | BJ74: 0 | BK74: 0 | BL74: 0 | BM74: 0 | BN74: 0 | BO74: 0 | BP74: 0 | BQ74: 0 | BR74: 0 | BT74: 46114 | BU74: 0 | BV74: 0 | BW74: 0 | BX74: 0 | BZ74: 0 | CA74: 0 | CB74: 0 | CC74: 0 | CD74: 0 | CF74: 0 | CG74: 46114 | CH74: 46114 | CI74: E2140
A75: 2141 | B75: O | C75: N | D75: 46114 | E75: 1 | F75: 99000 | G75: {=_xlfn.XLOOKUP(TRIM(F75), TRIM(Wpct!$A$2:$A$1000), Wpct!$B$2:$B$1000, "ไม่พบชื่อ", 0) & IF(_xlfn.XLOOKUP(TRIM(F75), TRIM(Terrain!$N$2:$N$1002), Terrain!$I$2:$I$1002, "NO", 0)="YES", " (R)", "")} -> บจก.ทักษิณปาล์ม (ฝ่ายสวนปาล์ม) | H75: {=IFERROR(_xlfn.SWITCH(_xlfn.XLOOKUP(TRIM(F75), TRIM(Terrain!$N:$N), Terrain!$I:$I), "YES", "RSPO", "NO", "NON-RSPO", "OB", "Outbound Logistics"), "Contract Farmer")} -> Outbound Logistics | I75: N | K75: {=IFERROR(INDEX(Terrain!$D:$D, MATCH(TEXT(F75,"0"), TEXT(Terrain!$N:$N,"0"), 0)), "-")} -> Outbound | L75: {=IFERROR(INDEX(Terrain!$E:$E, MATCH(TEXT(F75,"0"), TEXT(Terrain!$N:$N,"0"), 0)), "-")} -> Ramp | M75: {=IFERROR(INDEX(Terrain!$C:$C, MATCH(TEXT(F75,"0"), TEXT(Terrain!$N:$N,"0"), 0)), "Contract")} -> EST | N75: 81-5257 | O75: สฎ | P75: 0 | Q75: นายพจร เคลื่อนทอง | R75: 0 | S75: 18 | T75: 004 | U75: 004 | X75: N | Y75: N | Z75: N | AA75: FFB | AB75: 0 | AC75: 0 | AD75: 0 | AE75: 46114.636 | AF75: 85 | AG75: 10670 | AH75: 46114.707 | AI75: 104 | AJ75: 24980 | AK75: 14310 | AL75: 0 | AM75: 0 | AN75: 0 | AO75: 0 | AP75: 0 | AQ75: 0 | AR75: 0 | AS75: 0 | AU75: 0 | AV75: 0 | AW75: 0 | BE75: 0 | BF75: 0 | BG75: 0 | BH75: 0 | BI75: 0 | BJ75: 0 | BK75: 0 | BL75: 0 | BM75: 0 | BN75: 0 | BO75: 0 | BP75: 0 | BQ75: 0 | BR75: 0 | BS75: 03234 | BT75: 46114 | BU75: 18 | BV75: 10640 | BW75: 24920 | BX75: 14280 | BZ75: 0 | CA75: 0 | CB75: 0 | CC75: 0 | CD75: 0 | CE75: SPC | CF75: 0 | CG75: 46114.753 | CH75: 46114.794 | CI75: E2141
A76: 2142 | B76: I | C76: N | D76: 46114 | E76: 1 | F76: 90002 | G76: {=_xlfn.XLOOKUP(TRIM(F76), TRIM(Wpct!$A$2:$A$1000), Wpct!$B$2:$B$1000, "ไม่พบชื่อ", 0) & IF(_xlfn.XLOOKUP(TRIM(F76), TRIM(Terrain!$N$2:$N$1002), Terrain!$I$2:$I$1002, "NO", 0)="YES", " (R)", "")} -> กะเปา 02 | H76: {=IFERROR(_xlfn.SWITCH(_xlfn.XLOOKUP(TRIM(F76), TRIM(Terrain!$N:$N), Terrain!$I:$I), "YES", "RSPO", "NO", "NON-RSPO", "OB", "Outbound Logistics"), "Contract Farmer")} -> NON-RSPO | I76: N | K76: {=IFERROR(INDEX(Terrain!$D:$D, MATCH(TEXT(F76,"0"), TEXT(Terrain!$N:$N,"0"), 0)), "-")} -> Kapao | L76: {=IFERROR(INDEX(Terrain!$E:$E, MATCH(TEXT(F76,"0"), TEXT(Terrain!$N:$N,"0"), 0)), "-")} -> 56-A02 | M76: {=IFERROR(INDEX(Terrain!$C:$C, MATCH(TEXT(F76,"0"), TEXT(Terrain!$N:$N,"0"), 0)), "Contract")} -> Lower | N76: บร2653 | O76: สฎ | P76: 0 | Q76: สันติภาพ | R76: 0 | S76: 18 | T76: 004 | U76: 004 | W76: 902_9 | X76: N | Y76: N | Z76: N | AA76: FFB | AB76: 0 | AC76: 0 | AD76: 0 | AE76: 46114.651 | AF76: 88 | AG76: 1510 | AH76: 46114.642 | AI76: 86 | AJ76: 3640 | AK76: 2130 | AL76: 0 | AM76: 0 | AN76: 0 | AO76: 0 | AP76: 0 | AQ76: 0 | AR76: 0 | AS76: 0 | AU76: 108 | AV76: 0 | AW76: 0 | BE76: 0 | BF76: 0 | BG76: 0 | BH76: 0 | BI76: 0 | BJ76: 0 | BK76: 0 | BL76: 0 | BM76: 0 | BN76: 0 | BO76: 0 | BP76: 0 | BQ76: 0 | BR76: 0 | BT76: 46114 | BU76: 0 | BV76: 0 | BW76: 0 | BX76: 0 | BZ76: 0 | CA76: 0 | CB76: 0 | CC76: 0 | CD76: 0 | CF76: 0 | CG76: 46114 | CH76: 46114 | CI76: E2142
A77: 2143 | B77: I | C77: N | D77: 46114 | E77: 1 | F77: 22455 | G77: {=_xlfn.XLOOKUP(TRIM(F77), TRIM(Wpct!$A$2:$A$1000), Wpct!$B$2:$B$1000, "ไม่พบชื่อ", 0) & IF(_xlfn.XLOOKUP(TRIM(F77), TRIM(Terrain!$N$2:$N$1002), Terrain!$I$2:$I$1002, "NO", 0)="YES", " (R)", "")} -> บริษัท สวนนายห้าง จำกัด | H77: {=IFERROR(_xlfn.SWITCH(_xlfn.XLOOKUP(TRIM(F77), TRIM(Terrain!$N:$N), Terrain!$I:$I), "YES", "RSPO", "NO", "NON-RSPO", "OB", "Outbound Logistics"), "Contract Farmer")} -> Contract Farmer | I77: N | K77: {=IFERROR(INDEX(Terrain!$D:$D, MATCH(TEXT(F77,"0"), TEXT(Terrain!$N:$N,"0"), 0)), "-")} -> - | L77: {=IFERROR(INDEX(Terrain!$E:$E, MATCH(TEXT(F77,"0"), TEXT(Terrain!$N:$N,"0"), 0)), "-")} -> - | M77: {=IFERROR(INDEX(Terrain!$C:$C, MATCH(TEXT(F77,"0"), TEXT(Terrain!$N:$N,"0"), 0)), "Contract")} -> Contract | N77: ผต1807 | O77: สฎ | P77: 0 | Q77: ชัชพิสิฐ มวนนามอญ | R77: 0 | S77: 18 | T77: 004 | U77: 004 | X77: N | Y77: N | Z77: N | AA77: FFB | AB77: 8.5 | AC77: 0 | AD77: 0 | AE77: 46114.653 | AF77: 89 | AG77: 2280 | AH77: 46114.643 | AI77: 87 | AJ77: 5800 | AK77: 3520 | AL77: 0 | AM77: 0 | AN77: 0 | AO77: 0 | AP77: 0 | AQ77: 0 | AR77: 0 | AS77: 0 | AU77: 0 | AV77: 5 | AW77: 4 | BE77: 0 | BF77: 0 | BG77: 0 | BH77: 0 | BI77: 0 | BJ77: 0 | BK77: 0 | BL77: 0 | BM77: 0 | BN77: 0 | BO77: 0 | BP77: 0 | BQ77: 0 | BR77: 0 | BT77: 46114 | BU77: 0 | BV77: 0 | BW77: 0 | BX77: 0 | BZ77: 0 | CA77: 0 | CB77: 0 | CC77: 0 | CD77: 0 | CF77: 0 | CG77: 46114 | CH77: 46114 | CI77: E2143
A78: 2144 | B78: I | C78: N | D78: 46114 | E78: 1 | F78: 91012 | G78: {=_xlfn.XLOOKUP(TRIM(F78), TRIM(Wpct!$A$2:$A$1000), Wpct!$B$2:$B$1000, "ไม่พบชื่อ", 0) & IF(_xlfn.XLOOKUP(TRIM(F78), TRIM(Terrain!$N$2:$N$1002), Terrain!$I$2:$I$1002, "NO", 0)="YES", " (R)", "")} -> บางกัน 12 | H78: {=IFERROR(_xlfn.SWITCH(_xlfn.XLOOKUP(TRIM(F78), TRIM(Terrain!$N:$N), Terrain!$I:$I), "YES", "RSPO", "NO", "NON-RSPO", "OB", "Outbound Logistics"), "Contract Farmer")} -> NON-RSPO | I78: N | K78: {=IFERROR(INDEX(Terrain!$D:$D, MATCH(TEXT(F78,"0"), TEXT(Terrain!$N:$N,"0"), 0)), "-")} -> Banggun | L78: {=IFERROR(INDEX(Terrain!$E:$E, MATCH(TEXT(F78,"0"), TEXT(Terrain!$N:$N,"0"), 0)), "-")} -> 57-B12 | M78: {=IFERROR(INDEX(Terrain!$C:$C, MATCH(TEXT(F78,"0"), TEXT(Terrain!$N:$N,"0"), 0)), "Contract")} -> Upper | N78: 81-9790 | O78: สฎ | P78: 0 | Q78: รถสำรอง | R78: 0 | S78: 18 | T78: 004 | U78: 004 | W78: 914 | X78: N | Y78: N | Z78: N | AA78: FFB | AB78: 0 | AC78: 0 | AD78: 0 | AE78: 46114.675 | AF78: 93 | AG78: 4150 | AH78: 46114.671 | AI78: 91 | AJ78: 10120 | AK78: 5970 | AL78: 0 | AM78: 0 | AN78: 0 | AO78: 0 | AP78: 0 | AQ78: 0 | AR78: 0 | AS78: 0 | AU78: 313 | AV78: 0 | AW78: 0 | BE78: 0 | BF78: 0 | BG78: 0 | BH78: 0 | BI78: 0 | BJ78: 0 | BK78: 0 | BL78: 0 | BM78: 0 | BN78: 0 | BO78: 0 | BP78: 0 | BQ78: 0 | BR78: 0 | BT78: 46114 | BU78: 0 | BV78: 0 | BW78: 0 | BX78: 0 | BZ78: 0 | CA78: 0 | CB78: 0 | CC78: 0 | CD78: 0 | CF78: 0 | CG78: 46114 | CH78: 46114 | CI78: E2144
A79: 2145 | B79: I | C79: N | D79: 46114 | E79: 1 | F79: 93002_2 | G79: {=_xlfn.XLOOKUP(TRIM(F79), TRIM(Wpct!$A$2:$A$1000), Wpct!$B$2:$B$1000, "ไม่พบชื่อ", 0) & IF(_xlfn.XLOOKUP(TRIM(F79), TRIM(Terrain!$N$2:$N$1002), Terrain!$I$2:$I$1002, "NO", 0)="YES", " (R)", "")} -> หมอนไม้ 02 (R) | H79: {=IFERROR(_xlfn.SWITCH(_xlfn.XLOOKUP(TRIM(F79), TRIM(Terrain!$N:$N), Terrain!$I:$I), "YES", "RSPO", "NO", "NON-RSPO", "OB", "Outbound Logistics"), "Contract Farmer")} -> RSPO | I79: N | K79: {=IFERROR(INDEX(Terrain!$D:$D, MATCH(TEXT(F79,"0"), TEXT(Terrain!$N:$N,"0"), 0)), "-")} -> Monmai | L79: {=IFERROR(INDEX(Terrain!$E:$E, MATCH(TEXT(F79,"0"), TEXT(Terrain!$N:$N,"0"), 0)), "-")} -> 64-D02-R | M79: {=IFERROR(INDEX(Terrain!$C:$C, MATCH(TEXT(F79,"0"), TEXT(Terrain!$N:$N,"0"), 0)), "Contract")} -> Lower | N79: 81-7041 | O79: สฎ | P79: 0 | Q79: นฤพล สินธู | R79: 0 | S79: 18 | T79: 004 | U79: 004 | W79: 932_2 | X79: N | Y79: N | Z79: N | AA79: FFB | AB79: 0 | AC79: 0 | AD79: 0 | AE79: 46114.68 | AF79: 95 | AG79: 4330 | AH79: 46114.673 | AI79: 92 | AJ79: 5900 | AK79: 1570 | AL79: 0 | AM79: 0 | AN79: 0 | AO79: 0 | AP79: 0 | AQ79: 0 | AR79: 0 | AS79: 0 | AU79: 349 | AV79: 0 | AW79: 0 | BE79: 0 | BF79: 0 | BG79: 0 | BH79: 0 | BI79: 0 | BJ79: 0 | BK79: 0 | BL79: 0 | BM79: 0 | BN79: 0 | BO79: 0 | BP79: 0 | BQ79: 0 | BR79: 0 | BT79: 46114 | BU79: 0 | BV79: 0 | BW79: 0 | BX79: 0 | BZ79: 0 | CA79: 0 | CB79: 0 | CC79: 0 | CD79: 0 | CF79: 0 | CG79: 46114 | CH79: 46114 | CI79: E2145
A80: 2146 | B80: I | C80: N | D80: 46114 | E80: 1 | F80: 91013 | G80: {=_xlfn.XLOOKUP(TRIM(F80), TRIM(Wpct!$A$2:$A$1000), Wpct!$B$2:$B$1000, "ไม่พบชื่อ", 0) & IF(_xlfn.XLOOKUP(TRIM(F80), TRIM(Terrain!$N$2:$N$1002), Terrain!$I$2:$I$1002, "NO", 0)="YES", " (R)", "")} -> บางกัน 13 | H80: {=IFERROR(_xlfn.SWITCH(_xlfn.XLOOKUP(TRIM(F80), TRIM(Terrain!$N:$N), Terrain!$I:$I), "YES", "RSPO", "NO", "NON-RSPO", "OB", "Outbound Logistics"), "Contract Farmer")} -> NON-RSPO | I80: N | K80: {=IFERROR(INDEX(Terrain!$D:$D, MATCH(TEXT(F80,"0"), TEXT(Terrain!$N:$N,"0"), 0)), "-")} -> Banggun | L80: {=IFERROR(INDEX(Terrain!$E:$E, MATCH(TEXT(F80,"0"), TEXT(Terrain!$N:$N,"0"), 0)), "-")} -> 49-B13 | M80: {=IFERROR(INDEX(Terrain!$C:$C, MATCH(TEXT(F80,"0"), TEXT(Terrain!$N:$N,"0"), 0)), "Contract")} -> Upper | N80: 82-5318 | O80: สฎ | P80: 0 | Q80: นายพรชัย ช่วยจำ | R80: 0 | S80: 18 | T80: 004 | U80: 004 | W80: 919 | X80: N | Y80: N | Z80: N | AA80: FFB | AB80: 0 | AC80: 0 | AD80: 0 | AE80: 46114.692 | AF80: 100 | AG80: 5270 | AH80: 46114.685 | AI80: 97 | AJ80: 12680 | AK80: 7410 | AL80: 0 | AM80: 0 | AN80: 0 | AO80: 0 | AP80: 0 | AQ80: 0 | AR80: 0 | AS80: 0 | AU80: 280 | AV80: 0 | AW80: 7 | BE80: 0 | BF80: 0 | BG80: 0 | BH80: 0 | BI80: 0 | BJ80: 0 | BK80: 0 | BL80: 0 | BM80: 0 | BN80: 0 | BO80: 0 | BP80: 0 | BQ80: 0 | BR80: 0 | BT80: 46114 | BU80: 0 | BV80: 0 | BW80: 0 | BX80: 0 | BZ80: 0 | CA80: 0 | CB80: 0 | CC80: 0 | CD80: 0 | CF80: 0 | CG80: 46114 | CH80: 46114 | CI80: E2146
A81: 2147 | B81: O | C81: N | D81: 46114 | E81: 2 | F81: 99000 | G81: {=_xlfn.XLOOKUP(TRIM(F81), TRIM(Wpct!$A$2:$A$1000), Wpct!$B$2:$B$1000, "ไม่พบชื่อ", 0) & IF(_xlfn.XLOOKUP(TRIM(F81), TRIM(Terrain!$N$2:$N$1002), Terrain!$I$2:$I$1002, "NO", 0)="YES", " (R)", "")} -> บจก.ทักษิณปาล์ม (ฝ่ายสวนปาล์ม) | H81: {=IFERROR(_xlfn.SWITCH(_xlfn.XLOOKUP(TRIM(F81), TRIM(Terrain!$N:$N), Terrain!$I:$I), "YES", "RSPO", "NO", "NON-RSPO", "OB", "Outbound Logistics"), "Contract Farmer")} -> Outbound Logistics | I81: N | K81: {=IFERROR(INDEX(Terrain!$D:$D, MATCH(TEXT(F81,"0"), TEXT(Terrain!$N:$N,"0"), 0)), "-")} -> Outbound | L81: {=IFERROR(INDEX(Terrain!$E:$E, MATCH(TEXT(F81,"0"), TEXT(Terrain!$N:$N,"0"), 0)), "-")} -> Ramp | M81: {=IFERROR(INDEX(Terrain!$C:$C, MATCH(TEXT(F81,"0"), TEXT(Terrain!$N:$N,"0"), 0)), "Contract")} -> EST | N81: 82-8674 | O81: สฎ | P81: 0 | Q81: นายพยุงศักดิ์ สมเพชร | R81: 0 | S81: 18 | T81: 004 | U81: 004 | X81: N | Y81: N | Z81: N | AA81: FFB | AB81: 0 | AC81: 0 | AD81: 0 | AE81: 46114.688 | AF81: 99 | AG81: 13810 | AH81: 46114.715 | AI81: 106 | AJ81: 24980 | AK81: 11170 | AL81: 0 | AM81: 0 | AN81: 0 | AO81: 0 | AP81: 0 | AQ81: 0 | AR81: 0 | AS81: 0 | AU81: 0 | AV81: 0 | AW81: 0 | BE81: 0 | BF81: 0 | BG81: 0 | BH81: 0 | BI81: 0 | BJ81: 0 | BK81: 0 | BL81: 0 | BM81: 0 | BN81: 0 | BO81: 0 | BP81: 0 | BQ81: 0 | BR81: 0 | BS81: 03235 | BT81: 46114 | BU81: 13 | BV81: 13850 | BW81: 24910 | BX81: 11060 | BZ81: 0 | CA81: 0 | CB81: 0 | CC81: 0 | CD81: 0 | CE81: SPC | CF81: 0 | CG81: 46114.762 | CH81: 46114.8 | CI81: E2147
A82: 2148 | B82: I | C82: N | D82: 46114 | E82: 1 | F82: 90011 | G82: {=_xlfn.XLOOKUP(TRIM(F82), TRIM(Wpct!$A$2:$A$1000), Wpct!$B$2:$B$1000, "ไม่พบชื่อ", 0) & IF(_xlfn.XLOOKUP(TRIM(F82), TRIM(Terrain!$N$2:$N$1002), Terrain!$I$2:$I$1002, "NO", 0)="YES", " (R)", "")} -> กะเปา 11 (R) | H82: {=IFERROR(_xlfn.SWITCH(_xlfn.XLOOKUP(TRIM(F82), TRIM(Terrain!$N:$N), Terrain!$I:$I), "YES", "RSPO", "NO", "NON-RSPO", "OB", "Outbound Logistics"), "Contract Farmer")} -> RSPO | I82: N | K82: {=IFERROR(INDEX(Terrain!$D:$D, MATCH(TEXT(F82,"0"), TEXT(Terrain!$N:$N,"0"), 0)), "-")} -> Kapao | L82: {=IFERROR(INDEX(Terrain!$E:$E, MATCH(TEXT(F82,"0"), TEXT(Terrain!$N:$N,"0"), 0)), "-")} -> 49-A11-R | M82: {=IFERROR(INDEX(Terrain!$C:$C, MATCH(TEXT(F82,"0"), TEXT(Terrain!$N:$N,"0"), 0)), "Contract")} -> Lower | N82: 83-5638 | O82: สฎ | P82: 0 | Q82: นฤพน สินธู | R82: 0 | S82: 18 | T82: 001 | U82: 001 | W82: 901_9 | X82: N | Y82: N | Z82: N | AA82: FFB | AB82: 0 | AC82: 0 | AD82: 0 | AE82: 46114.703 | AF82: 103 | AG82: 5790 | AH82: 46114.697 | AI82: 101 | AJ82: 11150 | AK82: 5360 | AL82: 0 | AM82: 0 | AN82: 0 | AO82: 0 | AP82: 0 | AQ82: 0 | AR82: 0 | AS82: 0 | AU82: 300 | AV82: 0 | AW82: 11 | BE82: 0 | BF82: 0 | BG82: 0 | BH82: 0 | BI82: 0 | BJ82: 0 | BK82: 0 | BL82: 0 | BM82: 0 | BN82: 0 | BO82: 0 | BP82: 0 | BQ82: 0 | BR82: 0 | BT82: 46114 | BU82: 0 | BV82: 0 | BW82: 0 | BX82: 0 | BZ82: 0 | CA82: 0 | CB82: 0 | CC82: 0 | CD82: 0 | CF82: 0 | CG82: 46114 | CH82: 46114 | CI82: E2148
A83: 2149 | B83: I | C83: N | D83: 46114 | E83: 1 | F83: 94006_2 | G83: {=_xlfn.XLOOKUP(TRIM(F83), TRIM(Wpct!$A$2:$A$1000), Wpct!$B$2:$B$1000, "ไม่พบชื่อ", 0) & IF(_xlfn.XLOOKUP(TRIM(F83), TRIM(Terrain!$N$2:$N$1002), Terrain!$I$2:$I$1002, "NO", 0)="YES", " (R)", "")} -> ปลายราง 06 (R) | H83: {=IFERROR(_xlfn.SWITCH(_xlfn.XLOOKUP(TRIM(F83), TRIM(Terrain!$N:$N), Terrain!$I:$I), "YES", "RSPO", "NO", "NON-RSPO", "OB", "Outbound Logistics"), "Contract Farmer")} -> RSPO | I83: N | K83: {=IFERROR(INDEX(Terrain!$D:$D, MATCH(TEXT(F83,"0"), TEXT(Terrain!$N:$N,"0"), 0)), "-")} -> Plairang | L83: {=IFERROR(INDEX(Terrain!$E:$E, MATCH(TEXT(F83,"0"), TEXT(Terrain!$N:$N,"0"), 0)), "-")} -> 64-P06-R | M83: {=IFERROR(INDEX(Terrain!$C:$C, MATCH(TEXT(F83,"0"), TEXT(Terrain!$N:$N,"0"), 0)), "Contract")} -> Lower | N83: ผท9991 | O83: สฎ | P83: 0 | R83: 0 | S83: 18 | T83: 001 | U83: 001 | W83: 942_3 | X83: N | Y83: N | Z83: N | AA83: FFB | AB83: 0 | AC83: 0 | AD83: 0 | AE83: 46114.709 | AF83: 105 | AG83: 2110 | AH83: 46114.699 | AI83: 102 | AJ83: 4370 | AK83: 2260 | AL83: 0 | AM83: 0 | AN83: 0 | AO83: 0 | AP83: 0 | AQ83: 0 | AR83: 0 | AS83: 0 | AU83: 390 | AV83: 0 | AW83: 0 | BE83: 0 | BF83: 0 | BG83: 0 | BH83: 0 | BI83: 0 | BJ83: 0 | BK83: 0 | BL83: 0 | BM83: 0 | BN83: 0 | BO83: 0 | BP83: 0 | BQ83: 0 | BR83: 0 | BT83: 46114 | BU83: 0 | BV83: 0 | BW83: 0 | BX83: 0 | BZ83: 0 | CA83: 0 | CB83: 0 | CC83: 0 | CD83: 0 | CF83: 0 | CG83: 46114 | CH83: 46114 | CI83: E2149
A84: 2150 | B84: I | C84: N | D84: 46114 | E84: 1 | F84: 90001_1 | G84: {=_xlfn.XLOOKUP(TRIM(F84), TRIM(Wpct!$A$2:$A$1000), Wpct!$B$2:$B$1000, "ไม่พบชื่อ", 0) & IF(_xlfn.XLOOKUP(TRIM(F84), TRIM(Terrain!$N$2:$N$1002), Terrain!$I$2:$I$1002, "NO", 0)="YES", " (R)", "")} -> กะเปา 01 | H84: {=IFERROR(_xlfn.SWITCH(_xlfn.XLOOKUP(TRIM(F84), TRIM(Terrain!$N:$N), Terrain!$I:$I), "YES", "RSPO", "NO", "NON-RSPO", "OB", "Outbound Logistics"), "Contract Farmer")} -> NON-RSPO | I84: N | K84: {=IFERROR(INDEX(Terrain!$D:$D, MATCH(TEXT(F84,"0"), TEXT(Terrain!$N:$N,"0"), 0)), "-")} -> Kapao | L84: {=IFERROR(INDEX(Terrain!$E:$E, MATCH(TEXT(F84,"0"), TEXT(Terrain!$N:$N,"0"), 0)), "-")} -> 56-A01 | M84: {=IFERROR(INDEX(Terrain!$C:$C, MATCH(TEXT(F84,"0"), TEXT(Terrain!$N:$N,"0"), 0)), "Contract")} -> Lower | N84: บร3677 | O84: สฎ | P84: 0 | R84: 0 | S84: 18 | T84: 001 | U84: 001 | W84: 902_4 | X84: N | Y84: N | Z84: N | AA84: FFB | AB84: 0 | AC84: 0 | AD84: 0 | AE84: 46114.728 | AF84: 110 | AG84: 1470 | AH84: 46114.721 | AI84: 107 | AJ84: 2730 | AK84: 1260 | AL84: 0 | AM84: 0 | AN84: 0 | AO84: 0 | AP84: 0 | AQ84: 0 | AR84: 0 | AS84: 0 | AU84: 100 | AV84: 0 | AW84: 0 | BE84: 0 | BF84: 0 | BG84: 0 | BH84: 0 | BI84: 0 | BJ84: 0 | BK84: 0 | BL84: 0 | BM84: 0 | BN84: 0 | BO84: 0 | BP84: 0 | BQ84: 0 | BR84: 0 | BT84: 46114 | BU84: 0 | BV84: 0 | BW84: 0 | BX84: 0 | BZ84: 0 | CA84: 0 | CB84: 0 | CC84: 0 | CD84: 0 | CF84: 0 | CG84: 46114 | CH84: 46114 | CI84: E2150
A85: 2151 | B85: I | C85: N | D85: 46114 | E85: 1 | F85: 90001_1 | G85: {=_xlfn.XLOOKUP(TRIM(F85), TRIM(Wpct!$A$2:$A$1000), Wpct!$B$2:$B$1000, "ไม่พบชื่อ", 0) & IF(_xlfn.XLOOKUP(TRIM(F85), TRIM(Terrain!$N$2:$N$1002), Terrain!$I$2:$I$1002, "NO", 0)="YES", " (R)", "")} -> กะเปา 01 | H85: {=IFERROR(_xlfn.SWITCH(_xlfn.XLOOKUP(TRIM(F85), TRIM(Terrain!$N:$N), Terrain!$I:$I), "YES", "RSPO", "NO", "NON-RSPO", "OB", "Outbound Logistics"), "Contract Farmer")} -> NON-RSPO | I85: N | K85: {=IFERROR(INDEX(Terrain!$D:$D, MATCH(TEXT(F85,"0"), TEXT(Terrain!$N:$N,"0"), 0)), "-")} -> Kapao | L85: {=IFERROR(INDEX(Terrain!$E:$E, MATCH(TEXT(F85,"0"), TEXT(Terrain!$N:$N,"0"), 0)), "-")} -> 56-A01 | M85: {=IFERROR(INDEX(Terrain!$C:$C, MATCH(TEXT(F85,"0"), TEXT(Terrain!$N:$N,"0"), 0)), "Contract")} -> Lower | N85: ผบ3033 | O85: สฎ | P85: 0 | Q85: อุทุมพร วิเชียร | R85: 0 | S85: 18 | T85: 001 | U85: 001 | W85: 902_4 | X85: N | Y85: N | Z85: N | AA85: FFB | AB85: 0 | AC85: 0 | AD85: 0 | AE85: 46114.732 | AF85: 113 | AG85: 1910 | AH85: 46114.722 | AI85: 108 | AJ85: 4260 | AK85: 2350 | AL85: 0 | AM85: 0 | AN85: 0 | AO85: 0 | AP85: 0 | AQ85: 0 | AR85: 0 | AS85: 0 | AU85: 154 | AV85: 0 | AW85: 0 | BE85: 0 | BF85: 0 | BG85: 0 | BH85: 0 | BI85: 0 | BJ85: 0 | BK85: 0 | BL85: 0 | BM85: 0 | BN85: 0 | BO85: 0 | BP85: 0 | BQ85: 0 | BR85: 0 | BT85: 46114 | BU85: 0 | BV85: 0 | BW85: 0 | BX85: 0 | BZ85: 0 | CA85: 0 | CB85: 0 | CC85: 0 | CD85: 0 | CF85: 0 | CG85: 46114 | CH85: 46114 | CI85: E2151
A86: 2152 | B86: O | C86: N | D86: 46114 | E86: 1 | F86: 99000 | G86: {=_xlfn.XLOOKUP(TRIM(F86), TRIM(Wpct!$A$2:$A$1000), Wpct!$B$2:$B$1000, "ไม่พบชื่อ", 0) & IF(_xlfn.XLOOKUP(TRIM(F86), TRIM(Terrain!$N$2:$N$1002), Terrain!$I$2:$I$1002, "NO", 0)="YES", " (R)", "")} -> บจก.ทักษิณปาล์ม (ฝ่ายสวนปาล์ม) | H86: {=IFERROR(_xlfn.SWITCH(_xlfn.XLOOKUP(TRIM(F86), TRIM(Terrain!$N:$N), Terrain!$I:$I), "YES", "RSPO", "NO", "NON-RSPO", "OB", "Outbound Logistics"), "Contract Farmer")} -> Outbound Logistics | I86: N | K86: {=IFERROR(INDEX(Terrain!$D:$D, MATCH(TEXT(F86,"0"), TEXT(Terrain!$N:$N,"0"), 0)), "-")} -> Outbound | L86: {=IFERROR(INDEX(Terrain!$E:$E, MATCH(TEXT(F86,"0"), TEXT(Terrain!$N:$N,"0"), 0)), "-")} -> Ramp | M86: {=IFERROR(INDEX(Terrain!$C:$C, MATCH(TEXT(F86,"0"), TEXT(Terrain!$N:$N,"0"), 0)), "Contract")} -> EST | N86: 82-0103 | O86: สฎ | P86: 0 | Q86: นายพจร เคลื่อนทอง | R86: 0 | S86: 18 | T86: 001 | U86: 001 | X86: N | Y86: N | Z86: N | AA86: FFB | AB86: 0 | AC86: 0 | AD86: 0 | AE86: 46114.723 | AF86: 109 | AG86: 11110 | AH86: 46114.747 | AI86: 116 | AJ86: 24910 | AK86: 13800 | AL86: 0 | AM86: 0 | AN86: 0 | AO86: 0 | AP86: 0 | AQ86: 0 | AR86: 0 | AS86: 0 | AU86: 0 | AV86: 0 | AW86: 0 | BE86: 0 | BF86: 0 | BG86: 0 | BH86: 0 | BI86: 0 | BJ86: 0 | BK86: 0 | BL86: 0 | BM86: 0 | BN86: 0 | BO86: 0 | BP86: 0 | BQ86: 0 | BR86: 0 | BS86: 03237 | BT86: 46114 | BU86: 18 | BV86: 11090 | BW86: 24860 | BX86: 13770 | BZ86: 0 | CA86: 0 | CB86: 0 | CC86: 0 | CD86: 0 | CE86: SPC | CF86: 0 | CG86: 46114.791 | CH86: 46114.803 | CI86: E2152
A87: 2153 | B87: I | C87: N | D87: 46114 | E87: 1 | F87: 90002 | G87: {=_xlfn.XLOOKUP(TRIM(F87), TRIM(Wpct!$A$2:$A$1000), Wpct!$B$2:$B$1000, "ไม่พบชื่อ", 0) & IF(_xlfn.XLOOKUP(TRIM(F87), TRIM(Terrain!$N$2:$N$1002), Terrain!$I$2:$I$1002, "NO", 0)="YES", " (R)", "")} -> กะเปา 02 | H87: {=IFERROR(_xlfn.SWITCH(_xlfn.XLOOKUP(TRIM(F87), TRIM(Terrain!$N:$N), Terrain!$I:$I), "YES", "RSPO", "NO", "NON-RSPO", "OB", "Outbound Logistics"), "Contract Farmer")} -> NON-RSPO | I87: N | K87: {=IFERROR(INDEX(Terrain!$D:$D, MATCH(TEXT(F87,"0"), TEXT(Terrain!$N:$N,"0"), 0)), "-")} -> Kapao | L87: {=IFERROR(INDEX(Terrain!$E:$E, MATCH(TEXT(F87,"0"), TEXT(Terrain!$N:$N,"0"), 0)), "-")} -> 56-A02 | M87: {=IFERROR(INDEX(Terrain!$C:$C, MATCH(TEXT(F87,"0"), TEXT(Terrain!$N:$N,"0"), 0)), "Contract")} -> Lower | N87: บร2653 | O87: สฎ | P87: 0 | Q87: สันติภาพ | R87: 0 | S87: 18 | T87: 001 | U87: 001 | W87: 902_9 | X87: N | Y87: N | Z87: N | AA87: FFB | AB87: 0 | AC87: 0 | AD87: 0 | AE87: 46114.738 | AF87: 115 | AG87: 1510 | AH87: 46114.729 | AI87: 111 | AJ87: 4120 | AK87: 2610 | AL87: 0 | AM87: 0 | AN87: 0 | AO87: 0 | AP87: 0 | AQ87: 0 | AR87: 0 | AS87: 0 | AU87: 125 | AV87: 0 | AW87: 0 | BE87: 0 | BF87: 0 | BG87: 0 | BH87: 0 | BI87: 0 | BJ87: 0 | BK87: 0 | BL87: 0 | BM87: 0 | BN87: 0 | BO87: 0 | BP87: 0 | BQ87: 0 | BR87: 0 | BT87: 46114 | BU87: 0 | BV87: 0 | BW87: 0 | BX87: 0 | BZ87: 0 | CA87: 0 | CB87: 0 | CC87: 0 | CD87: 0 | CF87: 0 | CG87: 46114 | CH87: 46114 | CI87: E2153
A88: 2154 | B88: I | C88: N | D88: 46114 | E88: 1 | F88: 94006_2 | G88: {=_xlfn.XLOOKUP(TRIM(F88), TRIM(Wpct!$A$2:$A$1000), Wpct!$B$2:$B$1000, "ไม่พบชื่อ", 0) & IF(_xlfn.XLOOKUP(TRIM(F88), TRIM(Terrain!$N$2:$N$1002), Terrain!$I$2:$I$1002, "NO", 0)="YES", " (R)", "")} -> ปลายราง 06 (R) | H88: {=IFERROR(_xlfn.SWITCH(_xlfn.XLOOKUP(TRIM(F88), TRIM(Terrain!$N:$N), Terrain!$I:$I), "YES", "RSPO", "NO", "NON-RSPO", "OB", "Outbound Logistics"), "Contract Farmer")} -> RSPO | I88: N | K88: {=IFERROR(INDEX(Terrain!$D:$D, MATCH(TEXT(F88,"0"), TEXT(Terrain!$N:$N,"0"), 0)), "-")} -> Plairang | L88: {=IFERROR(INDEX(Terrain!$E:$E, MATCH(TEXT(F88,"0"), TEXT(Terrain!$N:$N,"0"), 0)), "-")} -> 64-P06-R | M88: {=IFERROR(INDEX(Terrain!$C:$C, MATCH(TEXT(F88,"0"), TEXT(Terrain!$N:$N,"0"), 0)), "Contract")} -> Lower | N88: ผท9991 | O88: สฎ | P88: 0 | R88: 0 | S88: 18 | T88: 001 | U88: 001 | W88: 942_3 | X88: N | Y88: N | Z88: N | AA88: FFB | AB88: 0 | AC88: 0 | AD88: 0 | AE88: 46114.733 | AF88: 114 | AG88: 2120 | AH88: 46114.731 | AI88: 112 | AJ88: 2950 | AK88: 830 | AL88: 0 | AM88: 0 | AN88: 0 | AO88: 0 | AP88: 0 | AQ88: 0 | AR88: 0 | AS88: 0 | AU88: 163 | AV88: 0 | AW88: 0 | BE88: 0 | BF88: 0 | BG88: 0 | BH88: 0 | BI88: 0 | BJ88: 0 | BK88: 0 | BL88: 0 | BM88: 0 | BN88: 0 | BO88: 0 | BP88: 0 | BQ88: 0 | BR88: 0 | BT88: 46114 | BU88: 0 | BV88: 0 | BW88: 0 | BX88: 0 | BZ88: 0 | CA88: 0 | CB88: 0 | CC88: 0 | CD88: 0 | CF88: 0 | CG88: 46114 | CH88: 46114 | CI88: E2154
A89: 2155 | B89: O | C89: N | D89: 46115 | E89: 3 | F89: 99000 | G89: {=_xlfn.XLOOKUP(TRIM(F89), TRIM(Wpct!$A$2:$A$1000), Wpct!$B$2:$B$1000, "ไม่พบชื่อ", 0) & IF(_xlfn.XLOOKUP(TRIM(F89), TRIM(Terrain!$N$2:$N$1002), Terrain!$I$2:$I$1002, "NO", 0)="YES", " (R)", "")} -> บจก.ทักษิณปาล์ม (ฝ่ายสวนปาล์ม) | H89: {=IFERROR(_xlfn.SWITCH(_xlfn.XLOOKUP(TRIM(F89), TRIM(Terrain!$N:$N), Terrain!$I:$I), "YES", "RSPO", "NO", "NON-RSPO", "OB", "Outbound Logistics"), "Contract Farmer")} -> Outbound Logistics | I89: N | K89: {=IFERROR(INDEX(Terrain!$D:$D, MATCH(TEXT(F89,"0"), TEXT(Terrain!$N:$N,"0"), 0)), "-")} -> Outbound | L89: {=IFERROR(INDEX(Terrain!$E:$E, MATCH(TEXT(F89,"0"), TEXT(Terrain!$N:$N,"0"), 0)), "-")} -> Ramp | M89: {=IFERROR(INDEX(Terrain!$C:$C, MATCH(TEXT(F89,"0"), TEXT(Terrain!$N:$N,"0"), 0)), "Contract")} -> EST | N89: 83-5636,83-5637 | O89: สฎ | P89: 0 | Q89: ประฏิพัทธิ์ คุณสุทธิ์ | R89: 0 | S89: 18 | T89: 001 | U89: 001 | X89: N | Y89: N | Z89: N | AA89: FFB | AB89: 0 | AC89: 0 | AD89: 0 | AE89: 46115.418 | AF89: 2 | AG89: 22850 | AH89: 46115.443 | AI89: 8 | AJ89: 26150 | AK89: 3300 | AL89: 0 | AM89: 0 | AN89: 0 | AO89: 0 | AP89: 0 | AQ89: 0 | AR89: 0 | AS89: 0 | AU89: 0 | AV89: 0 | AW89: 0 | BE89: 0 | BF89: 0 | BG89: 0 | BH89: 0 | BI89: 0 | BJ89: 0 | BK89: 0 | BL89: 0 | BM89: 0 | BN89: 0 | BO89: 0 | BP89: 0 | BQ89: 0 | BR89: 0 | BS89: 03254 | BT89: 46115 | BU89: 18 | BV89: 47030 | BW89: 50320 | BX89: 3290 | BZ89: 0 | CA89: 0 | CB89: 0 | CC89: 0 | CD89: 0 | CE89: SPC | CF89: 0 | CG89: 46115.611 | CH89: 46115.642 | CI89: E2155
A90: 2156 | B90: I | C90: N | D90: 46115 | E90: 1 | F90: 22455 | G90: {=_xlfn.XLOOKUP(TRIM(F90), TRIM(Wpct!$A$2:$A$1000), Wpct!$B$2:$B$1000, "ไม่พบชื่อ", 0) & IF(_xlfn.XLOOKUP(TRIM(F90), TRIM(Terrain!$N$2:$N$1002), Terrain!$I$2:$I$1002, "NO", 0)="YES", " (R)", "")} -> บริษัท สวนนายห้าง จำกัด | H90: {=IFERROR(_xlfn.SWITCH(_xlfn.XLOOKUP(TRIM(F90), TRIM(Terrain!$N:$N), Terrain!$I:$I), "YES", "RSPO", "NO", "NON-RSPO", "OB", "Outbound Logistics"), "Contract Farmer")} -> Contract Farmer | I90: N | K90: {=IFERROR(INDEX(Terrain!$D:$D, MATCH(TEXT(F90,"0"), TEXT(Terrain!$N:$N,"0"), 0)), "-")} -> - | L90: {=IFERROR(INDEX(Terrain!$E:$E, MATCH(TEXT(F90,"0"), TEXT(Terrain!$N:$N,"0"), 0)), "-")} -> - | M90: {=IFERROR(INDEX(Terrain!$C:$C, MATCH(TEXT(F90,"0"), TEXT(Terrain!$N:$N,"0"), 0)), "Contract")} -> Contract | N90: ผต1807 | O90: สฎ | P90: 0 | Q90: ชัชพิสิฐ มวนนามอญ | R90: 0 | S90: 18 | T90: 001 | U90: 001 | X90: N | Y90: N | Z90: N | AA90: FFB | AB90: 8.5 | AC90: 0 | AD90: 0 | AE90: 46115.441 | AF90: 6 | AG90: 2140 | AH90: 46115.434 | AI90: 5 | AJ90: 4740 | AK90: 2600 | AL90: 0 | AM90: 0 | AN90: 0 | AO90: 0 | AP90: 0 | AQ90: 0 | AR90: 0 | AS90: 0 | AU90: 0 | AV90: 0 | AW90: 0 | BE90: 0 | BF90: 0 | BG90: 0 | BH90: 0 | BI90: 0 | BJ90: 0 | BK90: 0 | BL90: 0 | BM90: 0 | BN90: 0 | BO90: 0 | BP90: 0 | BQ90: 0 | BR90: 0 | BT90: 46115 | BU90: 0 | BV90: 0 | BW90: 0 | BX90: 0 | BZ90: 0 | CA90: 0 | CB90: 0 | CC90: 0 | CD90: 0 | CF90: 0 | CG90: 46115 | CH90: 46115 | CI90: E2156
A91: 2157 | B91: O | C91: N | D91: 46115 | E91: 3 | F91: 99000 | G91: {=_xlfn.XLOOKUP(TRIM(F91), TRIM(Wpct!$A$2:$A$1000), Wpct!$B$2:$B$1000, "ไม่พบชื่อ", 0) & IF(_xlfn.XLOOKUP(TRIM(F91), TRIM(Terrain!$N$2:$N$1002), Terrain!$I$2:$I$1002, "NO", 0)="YES", " (R)", "")} -> บจก.ทักษิณปาล์ม (ฝ่ายสวนปาล์ม) | H91: {=IFERROR(_xlfn.SWITCH(_xlfn.XLOOKUP(TRIM(F91), TRIM(Terrain!$N:$N), Terrain!$I:$I), "YES", "RSPO", "NO", "NON-RSPO", "OB", "Outbound Logistics"), "Contract Farmer")} -> Outbound Logistics | I91: N | K91: {=IFERROR(INDEX(Terrain!$D:$D, MATCH(TEXT(F91,"0"), TEXT(Terrain!$N:$N,"0"), 0)), "-")} -> Outbound | L91: {=IFERROR(INDEX(Terrain!$E:$E, MATCH(TEXT(F91,"0"), TEXT(Terrain!$N:$N,"0"), 0)), "-")} -> Ramp | M91: {=IFERROR(INDEX(Terrain!$C:$C, MATCH(TEXT(F91,"0"), TEXT(Terrain!$N:$N,"0"), 0)), "Contract")} -> EST | N91: 83-5636,83-5637 | O91: สฎ | P91: 0 | Q91: ประฏิพัทธิ์ คุณสุทธิ์ | R91: 0 | S91: 18 | T91: 001 | U91: 001 | X91: N | Y91: N | Z91: N | AA91: FFB | AB91: 0 | AC91: 0 | AD91: 0 | AE91: 46115.444 | AF91: 9 | AG91: 26150 | AH91: 46115.566 | AI91: 36 | AJ91: 50470 | AK91: 24320 | AL91: 0 | AM91: 0 | AN91: 0 | AO91: 0 | AP91: 0 | AQ91: 0 | AR91: 0 | AS91: 0 | AU91: 0 | AV91: 0 | AW91: 0 | BE91: 0 | BF91: 0 | BG91: 0 | BH91: 0 | BI91: 0 | BJ91: 0 | BK91: 0 | BL91: 0 | BM91: 0 | BN91: 0 | BO91: 0 | BP91: 0 | BQ91: 0 | BR91: 0 | BS91: N03254 | BT91: 46115 | BU91: 18 | BV91: 26110 | BW91: 50320 | BX91: 24210 | BZ91: 0 | CA91: 0 | CB91: 0 | CC91: 0 | CD91: 0 | CE91: SPC | CF91: 0 | CG91: 46115.611 | CH91: 46115.642 | CI91: E2157
A92: 2158 | B92: I | C92: N | D92: 46115 | E92: 1 | F92: 93002_2 | G92: {=_xlfn.XLOOKUP(TRIM(F92), TRIM(Wpct!$A$2:$A$1000), Wpct!$B$2:$B$1000, "ไม่พบชื่อ", 0) & IF(_xlfn.XLOOKUP(TRIM(F92), TRIM(Terrain!$N$2:$N$1002), Terrain!$I$2:$I$1002, "NO", 0)="YES", " (R)", "")} -> หมอนไม้ 02 (R) | H92: {=IFERROR(_xlfn.SWITCH(_xlfn.XLOOKUP(TRIM(F92), TRIM(Terrain!$N:$N), Terrain!$I:$I), "YES", "RSPO", "NO", "NON-RSPO", "OB", "Outbound Logistics"), "Contract Farmer")} -> RSPO | I92: N | K92: {=IFERROR(INDEX(Terrain!$D:$D, MATCH(TEXT(F92,"0"), TEXT(Terrain!$N:$N,"0"), 0)), "-")} -> Monmai | L92: {=IFERROR(INDEX(Terrain!$E:$E, MATCH(TEXT(F92,"0"), TEXT(Terrain!$N:$N,"0"), 0)), "-")} -> 64-D02-R | M92: {=IFERROR(INDEX(Terrain!$C:$C, MATCH(TEXT(F92,"0"), TEXT(Terrain!$N:$N,"0"), 0)), "Contract")} -> Lower | N92: 81-7041 | O92: สฎ | P92: 0 | Q92: นฤพล สินธู | R92: 0 | S92: 18 | T92: 001 | U92: 001 | W92: 932_2 | X92: N | Y92: N | Z92: N | AA92: FFB | AB92: 0 | AC92: 0 | AD92: 0 | AE92: 46115.464 | AF92: 11 | AG92: 4310 | AH92: 46115.462 | AI92: 10 | AJ92: 6710 | AK92: 2400 | AL92: 0 | AM92: 0 | AN92: 0 | AO92: 0 | AP92: 0 | AQ92: 0 | AR92: 0 | AS92: 0 | AU92: 433 | AV92: 0 | AW92: 0 | BE92: 0 | BF92: 0 | BG92: 0 | BH92: 0 | BI92: 0 | BJ92: 0 | BK92: 0 | BL92: 0 | BM92: 0 | BN92: 0 | BO92: 0 | BP92: 0 | BQ92: 0 | BR92: 0 | BT92: 46115 | BU92: 0 | BV92: 0 | BW92: 0 | BX92: 0 | BZ92: 0 | CA92: 0 | CB92: 0 | CC92: 0 | CD92: 0 | CF92: 0 | CG92: 46115 | CH92: 46115 | CI92: E2158
A93: 2159 | B93: I | C93: N | D93: 46115 | E93: 1 | F93: 94008_2 | G93: {=_xlfn.XLOOKUP(TRIM(F93), TRIM(Wpct!$A$2:$A$1000), Wpct!$B$2:$B$1000, "ไม่พบชื่อ", 0) & IF(_xlfn.XLOOKUP(TRIM(F93), TRIM(Terrain!$N$2:$N$1002), Terrain!$I$2:$I$1002, "NO", 0)="YES", " (R)", "")} -> ปลายราง 08 (R) | H93: {=IFERROR(_xlfn.SWITCH(_xlfn.XLOOKUP(TRIM(F93), TRIM(Terrain!$N:$N), Terrain!$I:$I), "YES", "RSPO", "NO", "NON-RSPO", "OB", "Outbound Logistics"), "Contract Farmer")} -> RSPO | I93: N | K93: {=IFERROR(INDEX(Terrain!$D:$D, MATCH(TEXT(F93,"0"), TEXT(Terrain!$N:$N,"0"), 0)), "-")} -> Plairang | L93: {=IFERROR(INDEX(Terrain!$E:$E, MATCH(TEXT(F93,"0"), TEXT(Terrain!$N:$N,"0"), 0)), "-")} -> 64-P08-R | M93: {=IFERROR(INDEX(Terrain!$C:$C, MATCH(TEXT(F93,"0"), TEXT(Terrain!$N:$N,"0"), 0)), "Contract")} -> Lower | N93: 81-1907 | O93: สฎ | P93: 0 | Q93: นายศุภชัย ว่างงาน | R93: 0 | S93: 18 | T93: 001 | U93: 001 | W93: 942_1 | X93: N | Y93: N | Z93: N | AA93: FFB | AB93: 0 | AC93: 0 | AD93: 0 | AE93: 46115.469 | AF93: 13 | AG93: 6660 | AH93: 46115.468 | AI93: 12 | AJ93: 9950 | AK93: 3290 | AL93: 0 | AM93: 0 | AN93: 0 | AO93: 0 | AP93: 0 | AQ93: 0 | AR93: 0 | AS93: 0 | AU93: 533 | AV93: 0 | AW93: 0 | BE93: 0 | BF93: 0 | BG93: 0 | BH93: 0 | BI93: 0 | BJ93: 0 | BK93: 0 | BL93: 0 | BM93: 0 | BN93: 0 | BO93: 0 | BP93: 0 | BQ93: 0 | BR93: 0 | BT93: 46115 | BU93: 0 | BV93: 0 | BW93: 0 | BX93: 0 | BZ93: 0 | CA93: 0 | CB93: 0 | CC93: 0 | CD93: 0 | CF93: 0 | CG93: 46115 | CH93: 46115 | CI93: E2159
A94: 2160 | B94: I | C94: N | D94: 46115 | E94: 1 | F94: 91002_2 | G94: {=_xlfn.XLOOKUP(TRIM(F94), TRIM(Wpct!$A$2:$A$1000), Wpct!$B$2:$B$1000, "ไม่พบชื่อ", 0) & IF(_xlfn.XLOOKUP(TRIM(F94), TRIM(Terrain!$N$2:$N$1002), Terrain!$I$2:$I$1002, "NO", 0)="YES", " (R)", "")} -> บางกัน 02 | H94: {=IFERROR(_xlfn.SWITCH(_xlfn.XLOOKUP(TRIM(F94), TRIM(Terrain!$N:$N), Terrain!$I:$I), "YES", "RSPO", "NO", "NON-RSPO", "OB", "Outbound Logistics"), "Contract Farmer")} -> NON-RSPO | I94: N | K94: {=IFERROR(INDEX(Terrain!$D:$D, MATCH(TEXT(F94,"0"), TEXT(Terrain!$N:$N,"0"), 0)), "-")} -> Banggun | L94: {=IFERROR(INDEX(Terrain!$E:$E, MATCH(TEXT(F94,"0"), TEXT(Terrain!$N:$N,"0"), 0)), "-")} -> 64-B02 | M94: {=IFERROR(INDEX(Terrain!$C:$C, MATCH(TEXT(F94,"0"), TEXT(Terrain!$N:$N,"0"), 0)), "Contract")} -> Upper | N94: บร5489 | O94: สฎ | P94: 0 | R94: 0 | S94: 18 | T94: 001 | U94: 001 | W94: 911_2 | X94: N | Y94: N | Z94: N | AA94: FFB | AB94: 0 | AC94: 0 | AD94: 0 | AE94: 46115.48 | AF94: 17 | AG94: 2110 | AH94: 46115.471 | AI94: 14 | AJ94: 4760 | AK94: 2650 | AL94: 0 | AM94: 0 | AN94: 0 | AO94: 0 | AP94: 0 | AQ94: 0 | AR94: 0 | AS94: 0 | AU94: 421 | AV94: 0 | AW94: 0 | BE94: 0 | BF94: 0 | BG94: 0 | BH94: 0 | BI94: 0 | BJ94: 0 | BK94: 0 | BL94: 0 | BM94: 0 | BN94: 0 | BO94: 0 | BP94: 0 | BQ94: 0 | BR94: 0 | BT94: 46115 | BU94: 0 | BV94: 0 | BW94: 0 | BX94: 0 | BZ94: 0 | CA94: 0 | CB94: 0 | CC94: 0 | CD94: 0 | CF94: 0 | CG94: 46115 | CH94: 46115 | CI94: E2160
A95: 2161 | B95: I | C95: N | D95: 46115 | E95: 1 | F95: 91006_2 | G95: {=_xlfn.XLOOKUP(TRIM(F95), TRIM(Wpct!$A$2:$A$1000), Wpct!$B$2:$B$1000, "ไม่พบชื่อ", 0) & IF(_xlfn.XLOOKUP(TRIM(F95), TRIM(Terrain!$N$2:$N$1002), Terrain!$I$2:$I$1002, "NO", 0)="YES", " (R)", "")} -> บางกัน 06 | H95: {=IFERROR(_xlfn.SWITCH(_xlfn.XLOOKUP(TRIM(F95), TRIM(Terrain!$N:$N), Terrain!$I:$I), "YES", "RSPO", "NO", "NON-RSPO", "OB", "Outbound Logistics"), "Contract Farmer")} -> NON-RSPO | I95: N | K95: {=IFERROR(INDEX(Terrain!$D:$D, MATCH(TEXT(F95,"0"), TEXT(Terrain!$N:$N,"0"), 0)), "-")} -> Banggun | L95: {=IFERROR(INDEX(Terrain!$E:$E, MATCH(TEXT(F95,"0"), TEXT(Terrain!$N:$N,"0"), 0)), "-")} -> 64-B06 | M95: {=IFERROR(INDEX(Terrain!$C:$C, MATCH(TEXT(F95,"0"), TEXT(Terrain!$N:$N,"0"), 0)), "Contract")} -> Upper | N95: ผค2169 | O95: สฎ | P95: 0 | R95: 0 | S95: 18 | T95: 001 | U95: 001 | W95: 911_2 | X95: N | Y95: N | Z95: N | AA95: FFB | AB95: 0 | AC95: 0 | AD95: 0 | AE95: 46115.482 | AF95: 18 | AG95: 1950 | AH95: 46115.472 | AI95: 15 | AJ95: 4180 | AK95: 2230 | AL95: 0 | AM95: 0 | AN95: 0 | AO95: 0 | AP95: 0 | AQ95: 0 | AR95: 0 | AS95: 0 | AU95: 253 | AV95: 0 | AW95: 0 | BE95: 0 | BF95: 0 | BG95: 0 | BH95: 0 | BI95: 0 | BJ95: 0 | BK95: 0 | BL95: 0 | BM95: 0 | BN95: 0 | BO95: 0 | BP95: 0 | BQ95: 0 | BR95: 0 | BT95: 46115 | BU95: 0 | BV95: 0 | BW95: 0 | BX95: 0 | BZ95: 0 | CA95: 0 | CB95: 0 | CC95: 0 | CD95: 0 | CF95: 0 | CG95: 46115 | CH95: 46115 | CI95: E2161
A96: 2162 | B96: I | C96: N | D96: 46115 | E96: 1 | F96: 91005_2 | G96: {=_xlfn.XLOOKUP(TRIM(F96), TRIM(Wpct!$A$2:$A$1000), Wpct!$B$2:$B$1000, "ไม่พบชื่อ", 0) & IF(_xlfn.XLOOKUP(TRIM(F96), TRIM(Terrain!$N$2:$N$1002), Terrain!$I$2:$I$1002, "NO", 0)="YES", " (R)", "")} -> บางกัน 05 | H96: {=IFERROR(_xlfn.SWITCH(_xlfn.XLOOKUP(TRIM(F96), TRIM(Terrain!$N:$N), Terrain!$I:$I), "YES", "RSPO", "NO", "NON-RSPO", "OB", "Outbound Logistics"), "Contract Farmer")} -> NON-RSPO | I96: N | K96: {=IFERROR(INDEX(Terrain!$D:$D, MATCH(TEXT(F96,"0"), TEXT(Terrain!$N:$N,"0"), 0)), "-")} -> Banggun | L96: {=IFERROR(INDEX(Terrain!$E:$E, MATCH(TEXT(F96,"0"), TEXT(Terrain!$N:$N,"0"), 0)), "-")} -> 64-B05 | M96: {=IFERROR(INDEX(Terrain!$C:$C, MATCH(TEXT(F96,"0"), TEXT(Terrain!$N:$N,"0"), 0)), "Contract")} -> Upper | N96: ผน1871 | O96: สฎ | P96: 0 | R96: 0 | S96: 18 | T96: 001 | U96: 001 | W96: 911_2 | X96: N | Y96: N | Z96: N | AA96: FFB | AB96: 0 | AC96: 0 | AD96: 0 | AE96: 46115.489 | AF96: 19 | AG96: 2130 | AH96: 46115.479 | AI96: 16 | AJ96: 4600 | AK96: 2470 | AL96: 0 | AM96: 0 | AN96: 0 | AO96: 0 | AP96: 0 | AQ96: 0 | AR96: 0 | AS96: 0 | AU96: 490 | AV96: 0 | AW96: 0 | BE96: 0 | BF96: 0 | BG96: 0 | BH96: 0 | BI96: 0 | BJ96: 0 | BK96: 0 | BL96: 0 | BM96: 0 | BN96: 0 | BO96: 0 | BP96: 0 | BQ96: 0 | BR96: 0 | BT96: 46115 | BU96: 0 | BV96: 0 | BW96: 0 | BX96: 0 | BZ96: 0 | CA96: 0 | CB96: 0 | CC96: 0 | CD96: 0 | CF96: 0 | CG96: 46115 | CH96: 46115 | CI96: E2162
A97: 2163 | B97: I | C97: N | D97: 46115 | E97: 1 | F97: 90002 | G97: {=_xlfn.XLOOKUP(TRIM(F97), TRIM(Wpct!$A$2:$A$1000), Wpct!$B$2:$B$1000, "ไม่พบชื่อ", 0) & IF(_xlfn.XLOOKUP(TRIM(F97), TRIM(Terrain!$N$2:$N$1002), Terrain!$I$2:$I$1002, "NO", 0)="YES", " (R)", "")} -> กะเปา 02 | H97: {=IFERROR(_xlfn.SWITCH(_xlfn.XLOOKUP(TRIM(F97), TRIM(Terrain!$N:$N), Terrain!$I:$I), "YES", "RSPO", "NO", "NON-RSPO", "OB", "Outbound Logistics"), "Contract Farmer")} -> NON-RSPO | I97: N | K97: {=IFERROR(INDEX(Terrain!$D:$D, MATCH(TEXT(F97,"0"), TEXT(Terrain!$N:$N,"0"), 0)), "-")} -> Kapao | L97: {=IFERROR(INDEX(Terrain!$E:$E, MATCH(TEXT(F97,"0"), TEXT(Terrain!$N:$N,"0"), 0)), "-")} -> 56-A02 | M97: {=IFERROR(INDEX(Terrain!$C:$C, MATCH(TEXT(F97,"0"), TEXT(Terrain!$N:$N,"0"), 0)), "Contract")} -> Lower | N97: บร2653 | O97: สฎ | P97: 0 | Q97: สันติภาพ | R97: 0 | S97: 18 | T97: 001 | U97: 001 | W97: 902_9 | X97: N | Y97: N | Z97: N | AA97: FFB | AB97: 0 | AC97: 0 | AD97: 0 | AE97: 46115.517 | AF97: 23 | AG97: 1510 | AH97: 46115.506 | AI97: 20 | AJ97: 3940 | AK97: 2430 | AL97: 0 | AM97: 0 | AN97: 0 | AO97: 0 | AP97: 0 | AQ97: 0 | AR97: 0 | AS97: 0 | AU97: 126 | AV97: 0 | AW97: 0 | BE97: 0 | BF97: 0 | BG97: 0 | BH97: 0 | BI97: 0 | BJ97: 0 | BK97: 0 | BL97: 0 | BM97: 0 | BN97: 0 | BO97: 0 | BP97: 0 | BQ97: 0 | BR97: 0 | BT97: 46115 | BU97: 0 | BV97: 0 | BW97: 0 | BX97: 0 | BZ97: 0 | CA97: 0 | CB97: 0 | CC97: 0 | CD97: 0 | CF97: 0 | CG97: 46115 | CH97: 46115 | CI97: E2163
A98: 2164 | B98: I | C98: N | D98: 46115 | E98: 1 | F98: 22456 | G98: {=_xlfn.XLOOKUP(TRIM(F98), TRIM(Wpct!$A$2:$A$1000), Wpct!$B$2:$B$1000, "ไม่พบชื่อ", 0) & IF(_xlfn.XLOOKUP(TRIM(F98), TRIM(Terrain!$N$2:$N$1002), Terrain!$I$2:$I$1002, "NO", 0)="YES", " (R)", "")} -> บริษัท ฟี.บี. จำกัด | H98: {=IFERROR(_xlfn.SWITCH(_xlfn.XLOOKUP(TRIM(F98), TRIM(Terrain!$N:$N), Terrain!$I:$I), "YES", "RSPO", "NO", "NON-RSPO", "OB", "Outbound Logistics"), "Contract Farmer")} -> Contract Farmer | I98: N | K98: {=IFERROR(INDEX(Terrain!$D:$D, MATCH(TEXT(F98,"0"), TEXT(Terrain!$N:$N,"0"), 0)), "-")} -> - | L98: {=IFERROR(INDEX(Terrain!$E:$E, MATCH(TEXT(F98,"0"), TEXT(Terrain!$N:$N,"0"), 0)), "-")} -> - | M98: {=IFERROR(INDEX(Terrain!$C:$C, MATCH(TEXT(F98,"0"), TEXT(Terrain!$N:$N,"0"), 0)), "Contract")} -> Contract | N98: 81-2209 | O98: สฎ | P98: 0 | Q98: นายสุธีร์ เกตุแย้ม | R98: 0 | S98: 18 | T98: 001 | U98: 001 | X98: N | Y98: N | Z98: N | AA98: FFB | AB98: 8.4 | AC98: 0 | AD98: 0 | AE98: 46115.51 | AF98: 22 | AG98: 4460 | AH98: 46115.507 | AI98: 21 | AJ98: 8650 | AK98: 4190 | AL98: 0 | AM98: 0 | AN98: 0 | AO98: 0 | AP98: 0 | AQ98: 0 | AR98: 0 | AS98: 0 | AU98: 0 | AV98: 0 | AW98: 0 | BE98: 0 | BF98: 0 | BG98: 0 | BH98: 0 | BI98: 0 | BJ98: 0 | BK98: 0 | BL98: 0 | BM98: 0 | BN98: 0 | BO98: 0 | BP98: 0 | BQ98: 0 | BR98: 0 | BT98: 46115 | BU98: 0 | BV98: 0 | BW98: 0 | BX98: 0 | BZ98: 0 | CA98: 0 | CB98: 0 | CC98: 0 | CD98: 0 | CF98: 0 | CG98: 46115 | CH98: 46115 | CI98: E2164
A99: 2165 | B99: I | C99: N | D99: 46115 | E99: 1 | F99: 22455 | G99: {=_xlfn.XLOOKUP(TRIM(F99), TRIM(Wpct!$A$2:$A$1000), Wpct!$B$2:$B$1000, "ไม่พบชื่อ", 0) & IF(_xlfn.XLOOKUP(TRIM(F99), TRIM(Terrain!$N$2:$N$1002), Terrain!$I$2:$I$1002, "NO", 0)="YES", " (R)", "")} -> บริษัท สวนนายห้าง จำกัด | H99: {=IFERROR(_xlfn.SWITCH(_xlfn.XLOOKUP(TRIM(F99), TRIM(Terrain!$N:$N), Terrain!$I:$I), "YES", "RSPO", "NO", "NON-RSPO", "OB", "Outbound Logistics"), "Contract Farmer")} -> Contract Farmer | I99: N | K99: {=IFERROR(INDEX(Terrain!$D:$D, MATCH(TEXT(F99,"0"), TEXT(Terrain!$N:$N,"0"), 0)), "-")} -> - | L99: {=IFERROR(INDEX(Terrain!$E:$E, MATCH(TEXT(F99,"0"), TEXT(Terrain!$N:$N,"0"), 0)), "-")} -> - | M99: {=IFERROR(INDEX(Terrain!$C:$C, MATCH(TEXT(F99,"0"), TEXT(Terrain!$N:$N,"0"), 0)), "Contract")} -> Contract | N99: ผท1425 | O99: สฎ | P99: 0 | Q99: สมบูรณ์ | R99: 0 | S99: 18 | T99: 001 | U99: 001 | X99: N | Y99: N | Z99: N | AA99: FFB | AB99: 8.5 | AC99: 0 | AD99: 0 | AE99: 46115.533 | AF99: 28 | AG99: 1990 | AH99: 46115.523 | AI99: 24 | AJ99: 5540 | AK99: 3550 | AL99: 0 | AM99: 0 | AN99: 0 | AO99: 0 | AP99: 0 | AQ99: 0 | AR99: 0 | AS99: 0 | AU99: 0 | AV99: 0 | AW99: 0 | BE99: 0 | BF99: 0 | BG99: 0 | BH99: 0 | BI99: 0 | BJ99: 0 | BK99: 0 | BL99: 0 | BM99: 0 | BN99: 0 | BO99: 0 | BP99: 0 | BQ99: 0 | BR99: 0 | BT99: 46115 | BU99: 0 | BV99: 0 | BW99: 0 | BX99: 0 | BZ99: 0 | CA99: 0 | CB99: 0 | CC99: 0 | CD99: 0 | CF99: 0 | CG99: 46115 | CH99: 46115 | CI99: E2165
A100: 2166 | B100: I | C100: N | D100: 46115 | E100: 1 | F100: 91011_2 | G100: {=_xlfn.XLOOKUP(TRIM(F100), TRIM(Wpct!$A$2:$A$1000), Wpct!$B$2:$B$1000, "ไม่พบชื่อ", 0) & IF(_xlfn.XLOOKUP(TRIM(F100), TRIM(Terrain!$N$2:$N$1002), Terrain!$I$2:$I$1002, "NO", 0)="YES", " (R)", "")} -> บางกัน 11 | H100: {=IFERROR(_xlfn.SWITCH(_xlfn.XLOOKUP(TRIM(F100), TRIM(Terrain!$N:$N), Terrain!$I:$I), "YES", "RSPO", "NO", "NON-RSPO", "OB", "Outbound Logistics"), "Contract Farmer")} -> NON-RSPO | I100: N | K100: {=IFERROR(INDEX(Terrain!$D:$D, MATCH(TEXT(F100,"0"), TEXT(Terrain!$N:$N,"0"), 0)), "-")} -> Banggun | L100: {=IFERROR(INDEX(Terrain!$E:$E, MATCH(TEXT(F100,"0"), TEXT(Terrain!$N:$N,"0"), 0)), "-")} -> 65-B11 | M100: {=IFERROR(INDEX(Terrain!$C:$C, MATCH(TEXT(F100,"0"), TEXT(Terrain!$N:$N,"0"), 0)), "Contract")} -> Upper | N100: 82-5318 | O100: สฎ | P100: 0 | Q100: นายพรชัย ช่วยจำ | R100: 0 | S100: 18 | T100: 001 | U100: 001 | W100: 911_4 | X100: N | Y100: N | Z100: N | AA100: FFB | AB100: 0 | AC100: 0 | AD100: 0 | AE100: 46115.532 | AF100: 27 | AG100: 5060 | AH100: 46115.529 | AI100: 25 | AJ100: 7680 | AK100: 2620 | AL100: 0 | AM100: 0 | AN100: 0 | AO100: 0 | AP100: 0 | AQ100: 0 | AR100: 0 | AS100: 0 | AU100: 843 | AV100: 0 | AW100: 0 | BE100: 0 | BF100: 0 | BG100: 0 | BH100: 0 | BI100: 0 | BJ100: 0 | BK100: 0 | BL100: 0 | BM100: 0 | BN100: 0 | BO100: 0 | BP100: 0 | BQ100: 0 | BR100: 0 | BT100: 46115 | BU100: 0 | BV100: 0 | BW100: 0 | BX100: 0 | BZ100: 0 | CA100: 0 | CB100: 0 | CC100: 0 | CD100: 0 | CF100: 0 | CG100: 46115 | CH100: 46115 | CI100: E2166
...

Sheet Data
A1: wpDocNo | B1: wpInOutType | C1: wpOriginal | D1: wpDocDate | E1: wptypecar | F1: wpctCode | G1: wpCash | H1: wpPartNo | I1: wpCarLicense | J1: wpCarProvince | K1: wplf2 | L1: wpDriver | M1: wpBunchWeight | N1: wpGrade | O1: wpemCodeWeighter | P1: wpemCodeAppraisal | Q1: wpAdCode | R1: wpHeadCode | S1: wpPlotRain | T1: wpRampRain | U1: wpTranRain | V1: wpProduct | W1: wpBunchPrice | X1: wpFallPrice | Y1: wpCustWeight | Z1: wpCarWeightDate | AA1: wpCarWeightNo | AB1: wpCarWeight | AC1: wpTotalWeightDate | AD1: wpTotalWeightNo | AE1: wpTotalWeight | AF1: wpNetWeight | AG1: wpRipePercent | AH1: wpRawPercent | AI1: wpFallPercent | AJ1: wpMixRawPercent | AK1: wpBadPercent | AL1: wpDuraPercent | AM1: wpOtherPercent | AN1: wpLongStemPercent | AO1: wpContract | AP1: wpRampAmount | AQ1: wpReturnFFB | AR1: wpreturnffb2 | AS1: wpblock1 | AT1: wpblock2 | AU1: wpblock3 | AV1: wpblock4 | AW1: wpblock5 | AX1: wpblock6 | AY1: wpblock7 | AZ1: wppunch1 | BA1: wppunch2 | BB1: wppunch3 | BC1: wppunch4 | BD1: wppunch5 | BE1: wppunch6 | BF1: wppunch7 | BG1: wpweight1 | BH1: wpweight2 | BI1: wpweight3 | BJ1: wpweight4 | BK1: wpweight5 | BL1: wpweight6 | BM1: wpweight7 | BN1: wpFacDocNo | BO1: wpFacDocDate | BP1: wpFacGrade | BQ1: wpFacCarWeight | BR1: wpFacTotalWeight | BS1: wpFacNetWeight | BT1: wpFacDocNo2 | BU1: wpFacGrade2 | BV1: wpFacCarWeight2 | BW1: wpFacTotalWeight2 | BX1: wpFacNetWeight2 | BY1: wpReturnPalm | BZ1: wpftcode | CA1: wpfacprice | CB1: wpintime | CC1: wpouttime | CD1: location
A2: 1188 | B2: O | C2: N | D2: 46082 | E2: 3 | F2: 99000 | G2: N | I2: 82-8675,82-9420 | J2: สฎ | K2: 0 | L2: ธานี ช่วงโชค | M2: 0 | N2: 18 | O2: 004 | P2: 004 | S2: N | T2: N | U2: N | V2: FFB | W2: 0 | X2: 0 | Y2: 0 | Z2: 46082.38 | AA2: 1 | AB2: 21160 | AC2: 46082.401 | AD2: 2 | AE2: 43230 | AF2: 22070 | AG2: 0 | AH2: 0 | AI2: 0 | AJ2: 0 | AK2: 0 | AL2: 0 | AM2: 0 | AN2: 0 | AP2: 0 | AQ2: 0 | AR2: 0 | AZ2: 0 | BA2: 0 | BB2: 0 | BC2: 0 | BD2: 0 | BE2: 0 | BF2: 0 | BG2: 0 | BH2: 0 | BI2: 0 | BJ2: 0 | BK2: 0 | BL2: 0 | BM2: 0 | BN2: 01943 | BO2: 46082 | BP2: 18 | BQ2: 21090 | BR2: 43200 | BS2: 22110 | BU2: 0 | BV2: 0 | BW2: 0 | BX2: 0 | BY2: 0 | BZ2: SPC | CA2: 0 | CB2: 46082.445 | CC2: 46082.467 | CD2: E1188
A3: 1189 | B3: I | C3: N | D3: 46082 | E3: 1 | F3: 22455 | G3: N | I3: ผต1807 | J3: สฎ | K3: 0 | L3: ชัชพิสิฐ มวนนามอญ | M3: 0 | N3: 18 | O3: 004 | P3: 004 | S3: N | T3: N | U3: N | V3: FFB | W3: 6.4 | X3: 0 | Y3: 0 | Z3: 46082.477 | AA3: 4 | AB3: 2130 | AC3: 46082.468 | AD3: 3 | AE3: 5050 | AF3: 2920 | AG3: 0 | AH3: 0 | AI3: 0 | AJ3: 0 | AK3: 0 | AL3: 0 | AM3: 0 | AN3: 0 | AP3: 0 | AQ3: 0 | AR3: 0 | AZ3: 0 | BA3: 0 | BB3: 0 | BC3: 0 | BD3: 0 | BE3: 0 | BF3: 0 | BG3: 0 | BH3: 0 | BI3: 0 | BJ3: 0 | BK3: 0 | BL3: 0 | BM3: 0 | BO3: 46082 | BP3: 0 | BQ3: 0 | BR3: 0 | BS3: 0 | BU3: 0 | BV3: 0 | BW3: 0 | BX3: 0 | BY3: 0 | CA3: 0 | CB3: 46082 | CC3: 46082 | CD3: E1189
A4: 1190 | B4: I | C4: N | D4: 46082 | E4: 1 | F4: 22456 | G4: N | I4: ผน7471 | J4: สฎ | K4: 0 | L4: สุพรรณ ธรรมจักร | M4: 0 | N4: 18 | O4: 004 | P4: 004 | S4: N | T4: N | U4: N | V4: FFB | W4: 6.3 | X4: 0 | Y4: 0 | Z4: 46082.503 | AA4: 7 | AB4: 2100 | AC4: 46082.496 | AD4: 5 | AE4: 3310 | AF4: 1210 | AG4: 0 | AH4: 0 | AI4: 0 | AJ4: 0 | AK4: 0 | AL4: 0 | AM4: 0 | AN4: 0 | AP4: 0 | AQ4: 0 | AR4: 0 | AZ4: 0 | BA4: 0 | BB4: 0 | BC4: 0 | BD4: 0 | BE4: 0 | BF4: 0 | BG4: 0 | BH4: 0 | BI4: 0 | BJ4: 0 | BK4: 0 | BL4: 0 | BM4: 0 | BO4: 46082 | BP4: 0 | BQ4: 0 | BR4: 0 | BS4: 0 | BU4: 0 | BV4: 0 | BW4: 0 | BX4: 0 | BY4: 0 | CA4: 0 | CB4: 46082 | CC4: 46082 | CD4: E1190
A5: 1191 | B5: O | C5: N | D5: 46082 | E5: 3 | F5: 99000 | G5: N | I5: 82-8674,83-2576 | J5: สฎ | K5: 0 | L5: พยุงศักดิ์ สมเพชร | M5: 0 | N5: 18 | O5: 004 | P5: 004 | S5: N | T5: N | U5: N | V5: FFB | W5: 0 | X5: 0 | Y5: 0 | Z5: 46082.498 | AA5: 6 | AB5: 20870 | AC5: 46082.517 | AD5: 8 | AE5: 24130 | AF5: 3260 | AG5: 0 | AH5: 0 | AI5: 0 | AJ5: 0 | AK5: 0 | AL5: 0 | AM5: 0 | AN5: 0 | AP5: 0 | AQ5: 0 | AR5: 0 | AZ5: 0 | BA5: 0 | BB5: 0 | BC5: 0 | BD5: 0 | BE5: 0 | BF5: 0 | BG5: 0 | BH5: 0 | BI5: 0 | BJ5: 0 | BK5: 0 | BL5: 0 | BM5: 0 | BN5: 01969 | BO5: 46082 | BP5: 18 | BQ5: 39490 | BR5: 42730 | BS5: 3240 | BU5: 0 | BV5: 0 | BW5: 0 | BX5: 0 | BY5: 0 | BZ5: SPC | CA5: 0 | CB5: 46082.699 | CC5: 46082.717 | CD5: E1191
A6: 1192 | B6: O | C6: N | D6: 46082 | E6: 3 | F6: 99000 | G6: N | I6: 82-8674,83-2576 | J6: สฎ | K6: 0 | L6: พยุงศักดิ์ สมเพชร | M6: 0 | N6: 0 | O6: 004 | P6: 004 | S6: N | T6: N | U6: N | V6: FFB | W6: 0 | X6: 0 | Y6: 0 | Z6: 46082.518 | AA6: 9 | AB6: 24130 | AC6: 46082.648 | AD6: 16 | AE6: 42830 | AF6: 18700 | AG6: 0 | AH6: 0 | AI6: 0 | AJ6: 0 | AK6: 0 | AL6: 0 | AM6: 0 | AN6: 0 | AP6: 0 | AQ6: 0 | AR6: 0 | AZ6: 0 | BA6: 0 | BB6: 0 | BC6: 0 | BD6: 0 | BE6: 0 | BF6: 0 | BG6: 0 | BH6: 0 | BI6: 0 | BJ6: 0 | BK6: 0 | BL6: 0 | BM6: 0 | BN6: N01969 | BO6: 46082 | BP6: 18 | BQ6: 24110 | BR6: 42730 | BS6: 18620 | BU6: 0 | BV6: 0 | BW6: 0 | BX6: 0 | BY6: 0 | BZ6: SPC | CA6: 0 | CB6: 46082.699 | CC6: 46082.717 | CD6: E1192
A7: 1193 | B7: I | C7: N | D7: 46082 | E7: 1 | F7: 22455 | G7: N | I7: ผท1425 | J7: สฎ | K7: 0 | M7: 0 | N7: 18 | O7: 004 | P7: 004 | S7: N | T7: N | U7: N | V7: FFB | W7: 6.4 | X7: 0 | Y7: 0 | Z7: 46082.575 | AA7: 11 | AB7: 2010 | AC7: 46082.562 | AD7: 10 | AE7: 5580 | AF7: 3570 | AG7: 0 | AH7: 0 | AI7: 0 | AJ7: 0 | AK7: 0 | AL7: 0 | AM7: 0 | AN7: 0 | AP7: 0 | AQ7: 0 | AR7: 0 | AZ7: 0 | BA7: 0 | BB7: 0 | BC7: 0 | BD7: 0 | BE7: 0 | BF7: 0 | BG7: 0 | BH7: 0 | BI7: 0 | BJ7: 0 | BK7: 0 | BL7: 0 | BM7: 0 | BO7: 46082 | BP7: 0 | BQ7: 0 | BR7: 0 | BS7: 0 | BU7: 0 | BV7: 0 | BW7: 0 | BX7: 0 | BY7: 0 | CA7: 0 | CB7: 46082 | CC7: 46082 | CD7: E1193
A8: 1194 | B8: I | C8: N | D8: 46082 | E8: 1 | F8: 22455 | G8: N | I8: ผต1807 | J8: สฎ | K8: 0 | L8: ชัชพิสิฐ มวนนามอญ | M8: 0 | N8: 18 | O8: 004 | P8: 004 | S8: N | T8: N | U8: N | V8: FFB | W8: 6.4 | X8: 0 | Y8: 0 | Z8: 46082.607 | AA8: 13 | AB8: 2120 | AC8: 46082.593 | AD8: 12 | AE8: 6060 | AF8: 3940 | AG8: 0 | AH8: 0 | AI8: 0 | AJ8: 0 | AK8: 0 | AL8: 0 | AM8: 0 | AN8: 0 | AP8: 0 | AQ8: 0 | AR8: 0 | AZ8: 0 | BA8: 0 | BB8: 0 | BC8: 0 | BD8: 0 | BE8: 0 | BF8: 0 | BG8: 0 | BH8: 0 | BI8: 0 | BJ8: 0 | BK8: 0 | BL8: 0 | BM8: 0 | BO8: 46082 | BP8: 0 | BQ8: 0 | BR8: 0 | BS8: 0 | BU8: 0 | BV8: 0 | BW8: 0 | BX8: 0 | BY8: 0 | CA8: 0 | CB8: 46082 | CC8: 46082 | CD8: E1194
A9: 1195 | B9: I | C9: N | D9: 46082 | E9: 1 | F9: 91010 | G9: N | I9: 81-9790 | J9: สฎ | K9: 0 | L9: รถสำรอง | M9: 0 | N9: 18 | O9: 004 | P9: 004 | R9: 913 | S9: N | T9: N | U9: N | V9: FFB | W9: 0 | X9: 0 | Y9: 0 | Z9: 46082.632 | AA9: 15 | AB9: 4150 | AC9: 46082.627 | AD9: 14 | AE9: 11140 | AF9: 6990 | AG9: 0 | AH9: 0 | AI9: 0 | AJ9: 0 | AK9: 0 | AL9: 0 | AM9: 0 | AN9: 0 | AP9: 257 | AQ9: 0 | AR9: 0 | AZ9: 0 | BA9: 0 | BB9: 0 | BC9: 0 | BD9: 0 | BE9: 0 | BF9: 0 | BG9: 0 | BH9: 0 | BI9: 0 | BJ9: 0 | BK9: 0 | BL9: 0 | BM9: 0 | BO9: 46082 | BP9: 0 | BQ9: 0 | BR9: 0 | BS9: 0 | BU9: 0 | BV9: 0 | BW9: 0 | BX9: 0 | BY9: 0 | CA9: 0 | CB9: 46082 | CC9: 46082 | CD9: E1195
A10: 1196 | B10: I | C10: N | D10: 46083 | E10: 1 | F10: 22455 | G10: N | I10: ผต1807 | J10: สฎ | K10: 0 | L10: ชัชพิสิฐ มวนนามอญ | M10: 0 | N10: 18 | O10: 004 | P10: 004 | S10: N | T10: N | U10: N | V10: FFB | W10: 6.4 | X10: 0 | Y10: 0 | Z10: 46083.352 | AA10: 2 | AB10: 2100 | AC10: 46083.344 | AD10: 1 | AE10: 4590 | AF10: 2490 | AG10: 0 | AH10: 0 | AI10: 0 | AJ10: 0 | AK10: 0 | AL10: 0 | AM10: 0 | AN10: 0 | AP10: 0 | AQ10: 0 | AR10: 0 | AZ10: 0 | BA10: 0 | BB10: 0 | BC10: 0 | BD10: 0 | BE10: 0 | BF10: 0 | BG10: 0 | BH10: 0 | BI10: 0 | BJ10: 0 | BK10: 0 | BL10: 0 | BM10: 0 | BO10: 46083 | BP10: 0 | BQ10: 0 | BR10: 0 | BS10: 0 | BU10: 0 | BV10: 0 | BW10: 0 | BX10: 0 | BY10: 0 | CA10: 0 | CB10: 46083 | CC10: 46083 | CD10: E1196
A11: 1197 | B11: I | C11: N | D11: 46083 | E11: 1 | F11: 22456 | G11: N | I11: ผบ6288 | J11: สฎ | K11: 0 | L11: สมศักดิ์ รอกระโทก | M11: 0 | N11: 18 | O11: 004 | P11: 004 | S11: N | T11: N | U11: N | V11: FFB | W11: 6.3 | X11: 0 | Y11: 0 | Z11: 46083.406 | AA11: 4 | AB11: 2100 | AC11: 46083.4 | AD11: 3 | AE11: 3700 | AF11: 1600 | AG11: 0 | AH11: 0 | AI11: 0 | AJ11: 0 | AK11: 0 | AL11: 0 | AM11: 0 | AN11: 0 | AP11: 0 | AQ11: 0 | AR11: 0 | AZ11: 0 | BA11: 0 | BB11: 0 | BC11: 0 | BD11: 0 | BE11: 0 | BF11: 0 | BG11: 0 | BH11: 0 | BI11: 0 | BJ11: 0 | BK11: 0 | BL11: 0 | BM11: 0 | BO11: 46083 | BP11: 0 | BQ11: 0 | BR11: 0 | BS11: 0 | BU11: 0 | BV11: 0 | BW11: 0 | BX11: 0 | BY11: 0 | CA11: 0 | CB11: 46083 | CC11: 46083 | CD11: E1197
A12: 1198 | B12: O | C12: N | D12: 46083 | E12: 1 | F12: 99000 | G12: N | I12: 81-1941 | J12: สฎ | K12: 0 | L12: นายประจักษ์ กิ่งก้าน | M12: 0 | N12: 18 | O12: 004 | P12: 004 | S12: N | T12: N | U12: N | V12: FFB | W12: 0 | X12: 0 | Y12: 0 | Z12: 46083.439 | AA12: 5 | AB12: 10980 | AC12: 46083.501 | AD12: 15 | AE12: 24930 | AF12: 13950 | AG12: 0 | AH12: 0 | AI12: 0 | AJ12: 0 | AK12: 0 | AL12: 0 | AM12: 0 | AN12: 0 | AP12: 0 | AQ12: 0 | AR12: 0 | AZ12: 0 | BA12: 0 | BB12: 0 | BC12: 0 | BD12: 0 | BE12: 0 | BF12: 0 | BG12: 0 | BH12: 0 | BI12: 0 | BJ12: 0 | BK12: 0 | BL12: 0 | BM12: 0 | BN12: 01990 | BO12: 46083 | BP12: 18 | BQ12: 10970 | BR12: 24850 | BS12: 13880 | BU12: 0 | BV12: 0 | BW12: 0 | BX12: 0 | BY12: 0 | BZ12: SPC | CA12: 0 | CB12: 46083.583 | CC12: 46083.594 | CD12: E1198
A13: 1199 | B13: I | C13: N | D13: 46083 | E13: 1 | F13: 92002 | G13: N | I13: 81-9344 | J13: สฎ | K13: 0 | L13: ทวีศักดิ์ วิโรจน์ | M13: 0 | N13: 18 | O13: 004 | P13: 004 | R13: 922_5 | S13: N | T13: N | U13: N | V13: FFB | W13: 0 | X13: 0 | Y13: 0 | Z13: 46083.443 | AA13: 7 | AB13: 3430 | AC13: 46083.441 | AD13: 6 | AE13: 7840 | AF13: 4410 | AG13: 0 | AH13: 0 | AI13: 0 | AJ13: 0 | AK13: 0 | AL13: 0 | AM13: 0 | AN13: 0 | AP13: 245 | AQ13: 0 | AR13: 0 | AZ13: 0 | BA13: 0 | BB13: 0 | BC13: 0 | BD13: 0 | BE13: 0 | BF13: 0 | BG13: 0 | BH13: 0 | BI13: 0 | BJ13: 0 | BK13: 0 | BL13: 0 | BM13: 0 | BO13: 46083 | BP13: 0 | BQ13: 0 | BR13: 0 | BS13: 0 | BU13: 0 | BV13: 0 | BW13: 0 | BX13: 0 | BY13: 0 | CA13: 0 | CB13: 46083 | CC13: 46083 | CD13: E1199
A14: 1200 | B14: I | C14: N | D14: 46083 | E14: 1 | F14: 22456 | G14: N | I14: 81-0395 | J14: สฎ | K14: 0 | L14: สมศักดิ์ รอกระโทก | M14: 0 | N14: 18 | O14: 004 | P14: 004 | S14: N | T14: N | U14: N | V14: FFB | W14: 6.3 | X14: 0 | Y14: 0 | Z14: 46083.47 | AA14: 9 | AB14: 4060 | AC14: 46083.468 | AD14: 8 | AE14: 7310 | AF14: 3250 | AG14: 0 | AH14: 0 | AI14: 0 | AJ14: 0 | AK14: 0 | AL14: 0 | AM14: 0 | AN14: 0 | AP14: 0 | AQ14: 0 | AR14: 0 | AZ14: 0 | BA14: 0 | BB14: 0 | BC14: 0 | BD14: 0 | BE14: 0 | BF14: 0 | BG14: 0 | BH14: 0 | BI14: 0 | BJ14: 0 | BK14: 0 | BL14: 0 | BM14: 0 | BO14: 46083 | BP14: 0 | BQ14: 0 | BR14: 0 | BS14: 0 | BU14: 0 | BV14: 0 | BW14: 0 | BX14: 0 | BY14: 0 | CA14: 0 | CB14: 46083 | CC14: 46083 | CD14: E1200
A15: 1201 | B15: I | C15: N | D15: 46083 | E15: 1 | F15: 22455 | G15: N | I15: ผต1807 | J15: สฎ | K15: 0 | L15: ชัชพิสิฐ มวนนามอญ | M15: 0 | N15: 18 | O15: 004 | P15: 004 | S15: N | T15: N | U15: N | V15: FFB | W15: 6.4 | X15: 0 | Y15: 0 | Z15: 46083.491 | AA15: 11 | AB15: 2140 | AC15: 46083.483 | AD15: 10 | AE15: 5460 | AF15: 3320 | AG15: 0 | AH15: 0 | AI15: 0 | AJ15: 0 | AK15: 0 | AL15: 0 | AM15: 0 | AN15: 0 | AP15: 0 | AQ15: 2 | AR15: 0 | AZ15: 0 | BA15: 0 | BB15: 0 | BC15: 0 | BD15: 0 | BE15: 0 | BF15: 0 | BG15: 0 | BH15: 0 | BI15: 0 | BJ15: 0 | BK15: 0 | BL15: 0 | BM15: 0 | BO15: 46083 | BP15: 0 | BQ15: 0 | BR15: 0 | BS15: 0 | BU15: 0 | BV15: 0 | BW15: 0 | BX15: 0 | BY15: 0 | CA15: 0 | CB15: 46083 | CC15: 46083 | CD15: E1201
A16: 1202 | B16: I | C16: N | D16: 46083 | E16: 1 | F16: 95001 | G16: N | I16: 81-1797 | J16: สฎ | K16: 0 | L16: นายบัญญัติ ศรีสุข | M16: 0 | N16: 18 | O16: 004 | P16: 004 | R16: 952 | S16: N | T16: N | U16: N | V16: FFB | W16: 0 | X16: 0 | Y16: 0 | Z16: 46083.495 | AA16: 13 | AB16: 6370 | AC16: 46083.493 | AD16: 12 | AE16: 8220 | AF16: 1850 | AG16: 0 | AH16: 0 | AI16: 0 | AJ16: 0 | AK16: 0 | AL16: 0 | AM16: 0 | AN16: 0 | AP16: 75 | AQ16: 0 | AR16: 0 | AZ16: 0 | BA16: 0 | BB16: 0 | BC16: 0 | BD16: 0 | BE16: 0 | BF16: 0 | BG16: 0 | BH16: 0 | BI16: 0 | BJ16: 0 | BK16: 0 | BL16: 0 | BM16: 0 | BO16: 46083 | BP16: 0 | BQ16: 0 | BR16: 0 | BS16: 0 | BU16: 0 | BV16: 0 | BW16: 0 | BX16: 0 | BY16: 0 | CA16: 0 | CB16: 46083 | CC16: 46083 | CD16: E1202
A17: 1203 | B17: O | C17: N | D17: 46083 | E17: 3 | F17: 99000 | G17: N | I17: 83-5636,83-5637 | J17: สฎ | K17: 0 | L17: ประฏิพัทธิ์ คุณสุทธิ์ | M17: 0 | N17: 18 | O17: 004 | P17: 004 | S17: N | T17: N | U17: N | V17: FFB | W17: 0 | X17: 0 | Y17: 0 | Z17: 46083.497 | AA17: 14 | AB17: 22950 | AC17: 46083.608 | AD17: 36 | AE17: 50470 | AF17: 27520 | AG17: 0 | AH17: 0 | AI17: 0 | AJ17: 0 | AK17: 0 | AL17: 0 | AM17: 0 | AN17: 0 | AP17: 0 | AQ17: 0 | AR17: 0 | AZ17: 0 | BA17: 0 | BB17: 0 | BC17: 0 | BD17: 0 | BE17: 0 | BF17: 0 | BG17: 0 | BH17: 0 | BI17: 0 | BJ17: 0 | BK17: 0 | BL17: 0 | BM17: 0 | BN17: 01996 | BO17: 46083 | BP17: 18 | BQ17: 22910 | BR17: 50290 | BS17: 27380 | BU17: 0 | BV17: 0 | BW17: 0 | BX17: 0 | BY17: 0 | BZ17: SPC | CA17: 0 | CB17: 46083.656 | CC17: 46083.664 | CD17: E1203
A18: 1204 | B18: I | C18: N | D18: 46083 | E18: 1 | F18: 90009 | G18: N | I18: ผบ3033 | J18: สฎ | K18: 0 | L18: อุทุมพร วิเชียร | M18: 0 | N18: 18 | O18: 004 | P18: 004 | R18: 902_6 | S18: N | T18: N | U18: N | V18: FFB | W18: 0 | X18: 0 | Y18: 0 | Z18: 46083.519 | AA18: 20 | AB18: 1860 | AC18: 46083.503 | AD18: 16 | AE18: 5020 | AF18: 3160 | AG18: 0 | AH18: 0 | AI18: 0 | AJ18: 0 | AK18: 0 | AL18: 0 | AM18: 0 | AN18: 0 | AP18: 205 | AQ18: 0 | AR18: 0 | AZ18: 0 | BA18: 0 | BB18: 0 | BC18: 0 | BD18: 0 | BE18: 0 | BF18: 0 | BG18: 0 | BH18: 0 | BI18: 0 | BJ18: 0 | BK18: 0 | BL18: 0 | BM18: 0 | BO18: 46083 | BP18: 0 | BQ18: 0 | BR18: 0 | BS18: 0 | BU18: 0 | BV18: 0 | BW18: 0 | BX18: 0 | BY18: 0 | CA18: 0 | CB18: 46083 | CC18: 46083 | CD18: E1204
A19: 1205 | B19: I | C19: N | D19: 46083 | E19: 1 | F19: 22455 | G19: N | I19: ผท1425 | J19: สฎ | K19: 0 | M19: 0 | N19: 18 | O19: 004 | P19: 004 | S19: N | T19: N | U19: N | V19: FFB | W19: 6.4 | X19: 0 | Y19: 0 | Z19: 46083.518 | AA19: 19 | AB19: 2000 | AC19: 46083.508 | AD19: 18 | AE19: 5280 | AF19: 3280 | AG19: 0 | AH19: 0 | AI19: 0 | AJ19: 0 | AK19: 0 | AL19: 0 | AM19: 0 | AN19: 0 | AP19: 0 | AQ19: 0 | AR19: 0 | AZ19: 0 | BA19: 0 | BB19: 0 | BC19: 0 | BD19: 0 | BE19: 0 | BF19: 0 | BG19: 0 | BH19: 0 | BI19: 0 | BJ19: 0 | BK19: 0 | BL19: 0 | BM19: 0 | BO19: 46083 | BP19: 0 | BQ19: 0 | BR19: 0 | BS19: 0 | BU19: 0 | BV19: 0 | BW19: 0 | BX19: 0 | BY19: 0 | CA19: 0 | CB19: 46083 | CC19: 46083 | CD19: E1205
A20: 1206 | B20: I | C20: N | D20: 46083 | E20: 1 | F20: 91011_2 | G20: N | I20: 82-5318 | J20: สฎ | K20: 0 | L20: นายพรชัย ช่วยจำ | M20: 0 | N20: 18 | O20: 004 | P20: 004 | R20: 911_4 | S20: N | T20: N | U20: N | V20: FFB | W20: 0 | X20: 0 | Y20: 0 | Z20: 46083.535 | AA20: 23 | AB20: 5100 | AC20: 46083.532 | AD20: 21 | AE20: 7850 | AF20: 2750 | AG20: 0 | AH20: 0 | AI20: 0 | AJ20: 0 | AK20: 0 | AL20: 0 | AM20: 0 | AN20: 0 | AP20: 813 | AQ20: 0 | AR20: 0 | AZ20: 0 | BA20: 0 | BB20: 0 | BC20: 0 | BD20: 0 | BE20: 0 | BF20: 0 | BG20: 0 | BH20: 0 | BI20: 0 | BJ20: 0 | BK20: 0 | BL20: 0 | BM20: 0 | BO20: 46083 | BP20: 0 | BQ20: 0 | BR20: 0 | BS20: 0 | BU20: 0 | BV20: 0 | BW20: 0 | BX20: 0 | BY20: 0 | CA20: 0 | CB20: 46083 | CC20: 46083 | CD20: E1206
A21: 1207 | B21: I | C21: N | D21: 46083 | E21: 1 | F21: 90012 | G21: N | I21: บร2653 | J21: สฎ | K21: 0 | L21: สันติภาพ | M21: 0 | N21: 18 | O21: 004 | P21: 004 | R21: 902 | S21: N | T21: N | U21: N | V21: FFB | W21: 0 | X21: 0 | Y21: 0 | Z21: 46083.554 | AA21: 25 | AB21: 1540 | AC21: 46083.544 | AD21: 24 | AE21: 4290 | AF21: 2750 | AG21: 0 | AH21: 0 | AI21: 0 | AJ21: 0 | AK21: 0 | AL21: 0 | AM21: 0 | AN21: 0 | AP21: 120 | AQ21: 0 | AR21: 0 | AZ21: 0 | BA21: 0 | BB21: 0 | BC21: 0 | BD21: 0 | BE21: 0 | BF21: 0 | BG21: 0 | BH21: 0 | BI21: 0 | BJ21: 0 | BK21: 0 | BL21: 0 | BM21: 0 | BO21: 46083 | BP21: 0 | BQ21: 0 | BR21: 0 | BS21: 0 | BU21: 0 | BV21: 0 | BW21: 0 | BX21: 0 | BY21: 0 | CA21: 0 | CB21: 46083 | CC21: 46083 | CD21: E1207
A22: 1208 | B22: I | C22: N | D22: 46083 | E22: 1 | F22: 94009_2 | G22: N | I22: ผท9991 | J22: สฎ | K22: 0 | M22: 0 | N22: 18 | O22: 004 | P22: 004 | R22: 942_3 | S22: N | T22: N | U22: N | V22: FFB | W22: 0 | X22: 0 | Y22: 0 | Z22: 46083.562 | AA22: 27 | AB22: 2100 | AC22: 46083.56 | AD22: 26 | AE22: 3990 | AF22: 1890 | AG22: 0 | AH22: 0 | AI22: 0 | AJ22: 0 | AK22: 0 | AL22: 0 | AM22: 0 | AN22: 0 | AP22: 348 | AQ22: 0 | AR22: 0 | AZ22: 0 | BA22: 0 | BB22: 0 | BC22: 0 | BD22: 0 | BE22: 0 | BF22: 0 | BG22: 0 | BH22: 0 | BI22: 0 | BJ22: 0 | BK22: 0 | BL22: 0 | BM22: 0 | BO22: 46083 | BP22: 0 | BQ22: 0 | BR22: 0 | BS22: 0 | BU22: 0 | BV22: 0 | BW22: 0 | BX22: 0 | BY22: 0 | CA22: 0 | CB22: 46083 | CC22: 46083 | CD22: E1208
A23: 1209 | B23: I | C23: N | D23: 46083 | E23: 1 | F23: 92002 | G23: N | I23: 81-9344 | J23: สฎ | K23: 0 | L23: ทวีศักดิ์ วิโรจน์ | M23: 0 | N23: 18 | O23: 004 | P23: 004 | R23: 922_5 | S23: N | T23: N | U23: N | V23: FFB | W23: 0 | X23: 0 | Y23: 0 | Z23: 46083.579 | AA23: 30 | AB23: 3460 | AC23: 46083.576 | AD23: 28 | AE23: 9150 | AF23: 5690 | AG23: 0 | AH23: 0 | AI23: 0 | AJ23: 0 | AK23: 0 | AL23: 0 | AM23: 0 | AN23: 0 | AP23: 319 | AQ23: 0 | AR23: 0 | AZ23: 0 | BA23: 0 | BB23: 0 | BC23: 0 | BD23: 0 | BE23: 0 | BF23: 0 | BG23: 0 | BH23: 0 | BI23: 0 | BJ23: 0 | BK23: 0 | BL23: 0 | BM23: 0 | BO23: 46083 | BP23: 0 | BQ23: 0 | BR23: 0 | BS23: 0 | BU23: 0 | BV23: 0 | BW23: 0 | BX23: 0 | BY23: 0 | CA23: 0 | CB23: 46083 | CC23: 46083 | CD23: E1209
A24: 1210 | B24: I | C24: N | D24: 46083 | E24: 1 | F24: 91010 | G24: N | I24: 81-9790 | J24: สฎ | K24: 0 | L24: รถสำรอง | M24: 0 | N24: 18 | O24: 004 | P24: 004 | R24: 913 | S24: N | T24: N | U24: N | V24: FFB | W24: 0 | X24: 0 | Y24: 0 | Z24: 46083.58 | AA24: 31 | AB24: 4160 | AC24: 46083.577 | AD24: 29 | AE24: 10630 | AF24: 6470 | AG24: 0 | AH24: 0 | AI24: 0 | AJ24: 0 | AK24: 0 | AL24: 0 | AM24: 0 | AN24: 0 | AP24: 265 | AQ24: 0 | AR24: 0 | AZ24: 0 | BA24: 0 | BB24: 0 | BC24: 0 | BD24: 0 | BE24: 0 | BF24: 0 | BG24: 0 | BH24: 0 | BI24: 0 | BJ24: 0 | BK24: 0 | BL24: 0 | BM24: 0 | BO24: 46083 | BP24: 0 | BQ24: 0 | BR24: 0 | BS24: 0 | BU24: 0 | BV24: 0 | BW24: 0 | BX24: 0 | BY24: 0 | CA24: 0 | CB24: 46083 | CC24: 46083 | CD24: E1210
A25: 1211 | B25: I | C25: N | D25: 46083 | E25: 1 | F25: 22456 | G25: N | I25: 81-2209 | J25: สฎ | K25: 0 | L25: นายสุธีร์ เกตุแย้ม | M25: 0 | N25: 18 | O25: 004 | S25: N | T25: N | U25: N | V25: FFB | W25: 6.3 | X25: 0 | Y25: 0 | Z25: 46083.588 | AA25: 33 | AB25: 4450 | AC25: 46083.586 | AD25: 32 | AE25: 9150 | AF25: 4700 | AG25: 0 | AH25: 0 | AI25: 0 | AJ25: 0 | AK25: 0 | AL25: 0 | AM25: 0 | AN25: 0 | AP25: 0 | AQ25: 0 | AR25: 0 | AZ25: 0 | BA25: 0 | BB25: 0 | BC25: 0 | BD25: 0 | BE25: 0 | BF25: 0 | BG25: 0 | BH25: 0 | BI25: 0 | BJ25: 0 | BK25: 0 | BL25: 0 | BM25: 0 | BO25: 46083 | BP25: 0 | BQ25: 0 | BR25: 0 | BS25: 0 | BU25: 0 | BV25: 0 | BW25: 0 | BX25: 0 | BY25: 0 | CA25: 0 | CB25: 46083 | CC25: 46083 | CD25: E1211
A26: 1212 | B26: I | C26: N | D26: 46083 | E26: 1 | F26: 91004 | G26: N | I26: ผธ236 | J26: สฎ | K26: 0 | L26: ธนาวุฒิ เพชรสังวาลย์ | M26: 0 | N26: 18 | O26: 004 | P26: 004 | R26: 917 | S26: N | T26: N | U26: N | V26: FFB | W26: 0 | X26: 0 | Y26: 0 | Z26: 46083.611 | AA26: 41 | AB26: 1590 | AC26: 46083.592 | AD26: 34 | AE26: 4610 | AF26: 3020 | AG26: 0 | AH26: 0 | AI26: 0 | AJ26: 0 | AK26: 0 | AL26: 0 | AM26: 0 | AN26: 0 | AP26: 207 | AQ26: 0 | AR26: 0 | AZ26: 0 | BA26: 0 | BB26: 0 | BC26: 0 | BD26: 0 | BE26: 0 | BF26: 0 | BG26: 0 | BH26: 0 | BI26: 0 | BJ26: 0 | BK26: 0 | BL26: 0 | BM26: 0 | BO26: 46083 | BP26: 0 | BQ26: 0 | BR26: 0 | BS26: 0 | BU26: 0 | BV26: 0 | BW26: 0 | BX26: 0 | BY26: 0 | CA26: 0 | CB26: 46083 | CC26: 46083 | CD26: E1212
A27: 1213 | B27: I | C27: N | D27: 46083 | E27: 1 | F27: 91004 | G27: N | I27: ผพ229 | J27: สฎ | K27: 0 | M27: 0 | N27: 18 | O27: 004 | P27: 004 | R27: 917 | S27: N | T27: N | U27: N | V27: FFB | W27: 0 | X27: 0 | Y27: 0 | Z27: 46083.612 | AA27: 42 | AB27: 1560 | AC27: 46083.594 | AD27: 35 | AE27: 3990 | AF27: 2430 | AG27: 0 | AH27: 0 | AI27: 0 | AJ27: 0 | AK27: 0 | AL27: 0 | AM27: 0 | AN27: 0 | AP27: 134 | AQ27: 0 | AR27: 0 | AZ27: 0 | BA27: 0 | BB27: 0 | BC27: 0 | BD27: 0 | BE27: 0 | BF27: 0 | BG27: 0 | BH27: 0 | BI27: 0 | BJ27: 0 | BK27: 0 | BL27: 0 | BM27: 0 | BO27: 46083 | BP27: 0 | BQ27: 0 | BR27: 0 | BS27: 0 | BU27: 0 | BV27: 0 | BW27: 0 | BX27: 0 | BY27: 0 | CA27: 0 | CB27: 46083 | CC27: 46083 | CD27: E1213
A28: 1214 | B28: I | C28: N | D28: 46083 | E28: 1 | F28: 22455 | G28: N | I28: ผต1807 | J28: สฎ | K28: 0 | L28: ชัชพิสิฐ มวนนามอญ | M28: 0 | N28: 18 | O28: 004 | P28: 004 | S28: N | T28: N | U28: N | V28: FFB | W28: 6.4 | X28: 0 | Y28: 0 | Z28: 46083.621 | AA28: 47 | AB28: 2150 | AC28: 46083.609 | AD28: 37 | AE28: 6060 | AF28: 3910 | AG28: 0 | AH28: 0 | AI28: 0 | AJ28: 0 | AK28: 0 | AL28: 0 | AM28: 0 | AN28: 0 | AP28: 0 | AQ28: 5 | AR28: 0 | AZ28: 0 | BA28: 0 | BB28: 0 | BC28: 0 | BD28: 0 | BE28: 0 | BF28: 0 | BG28: 0 | BH28: 0 | BI28: 0 | BJ28: 0 | BK28: 0 | BL28: 0 | BM28: 0 | BO28: 46083 | BP28: 0 | BQ28: 0 | BR28: 0 | BS28: 0 | BU28: 0 | BV28: 0 | BW28: 0 | BX28: 0 | BY28: 0 | CA28: 0 | CB28: 46083 | CC28: 46083 | CD28: E1214
A29: 1215 | B29: I | C29: N | D29: 46083 | E29: 1 | F29: 90009 | G29: N | I29: ผบ3033 | J29: สฎ | K29: 0 | L29: อุทุมพร วิเชียร | M29: 0 | N29: 18 | O29: 004 | P29: 004 | R29: 902_6 | S29: N | T29: N | U29: N | V29: FFB | W29: 0 | X29: 0 | Y29: 0 | Z29: 46083.618 | AA29: 46 | AB29: 1850 | AC29: 46083.61 | AD29: 39 | AE29: 4290 | AF29: 2440 | AG29: 0 | AH29: 0 | AI29: 0 | AJ29: 0 | AK29: 0 | AL29: 0 | AM29: 0 | AN29: 0 | AP29: 124 | AQ29: 0 | AR29: 0 | AZ29: 0 | BA29: 0 | BB29: 0 | BC29: 0 | BD29: 0 | BE29: 0 | BF29: 0 | BG29: 0 | BH29: 0 | BI29: 0 | BJ29: 0 | BK29: 0 | BL29: 0 | BM29: 0 | BO29: 46083 | BP29: 0 | BQ29: 0 | BR29: 0 | BS29: 0 | BU29: 0 | BV29: 0 | BW29: 0 | BX29: 0 | BY29: 0 | CA29: 0 | CB29: 46083 | CC29: 46083 | CD29: E1215
A30: 1216 | B30: I | C30: N | D30: 46083 | E30: 1 | F30: 22424 | G30: N | I30: 82-0528 | J30: สฎ | K30: 0 | M30: 0 | N30: 18 | O30: 004 | S30: N | T30: N | U30: N | V30: FFB | W30: 6.5 | X30: 0 | Y30: 0 | Z30: 46083.614 | AA30: 43 | AB30: 5100 | AC30: 46083.61 | AD30: 40 | AE30: 8960 | AF30: 3860 | AG30: 0 | AH30: 0 | AI30: 0 | AJ30: 0 | AK30: 0 | AL30: 0 | AM30: 0 | AN30: 0 | AP30: 0 | AQ30: 0 | AR30: 0 | AZ30: 0 | BA30: 0 | BB30: 0 | BC30: 0 | BD30: 0 | BE30: 0 | BF30: 0 | BG30: 0 | BH30: 0 | BI30: 0 | BJ30: 0 | BK30: 0 | BL30: 0 | BM30: 0 | BO30: 46083 | BP30: 0 | BQ30: 0 | BR30: 0 | BS30: 0 | BU30: 0 | BV30: 0 | BW30: 0 | BX30: 0 | BY30: 0 | CA30: 0 | CB30: 46083 | CC30: 46083 | CD30: E1216
A31: 1217 | B31: O | C31: N | D31: 46083 | E31: 3 | F31: 99000 | G31: N | I31: 82-8675,82-9420 | J31: สฎ | K31: 0 | L31: ธานี ช่วงโชค | M31: 0 | N31: 18 | O31: 004 | P31: 004 | S31: N | T31: N | U31: N | V31: FFB | W31: 0 | X31: 0 | Y31: 0 | Z31: 46083.615 | AA31: 44 | AB31: 21260 | AC31: 46083.641 | AD31: 55 | AE31: 43290 | AF31: 22030 | AG31: 0 | AH31: 0 | AI31: 0 | AJ31: 0 | AK31: 0 | AL31: 0 | AM31: 0 | AN31: 0 | AP31: 0 | AQ31: 0 | AR31: 0 | AZ31: 0 | BA31: 0 | BB31: 0 | BC31: 0 | BD31: 0 | BE31: 0 | BF31: 0 | BG31: 0 | BH31: 0 | BI31: 0 | BJ31: 0 | BK31: 0 | BL31: 0 | BM31: 0 | BN31: 01999 | BO31: 46083 | BP31: 18 | BQ31: 21240 | BR31: 43180 | BS31: 21940 | BU31: 0 | BV31: 0 | BW31: 0 | BX31: 0 | BY31: 0 | BZ31: SPC | CA31: 0 | CB31: 46083.686 | CC31: 46083.701 | CD31: E1217
A32: 1218 | B32: I | C32: N | D32: 46083 | E32: 1 | F32: 90012 | G32: N | I32: ผบ5011 | J32: สฎ | K32: 0 | L32: สันติภาพ | M32: 0 | N32: 18 | O32: 004 | P32: 004 | R32: 902 | S32: N | T32: N | U32: N | V32: FFB | W32: 0 | X32: 0 | Y32: 0 | Z32: 46083.627 | AA32: 49 | AB32: 2060 | AC32: 46083.616 | AD32: 45 | AE32: 4740 | AF32: 2680 | AG32: 0 | AH32: 0 | AI32: 0 | AJ32: 0 | AK32: 0 | AL32: 0 | AM32: 0 | AN32: 0 | AP32: 137 | AQ32: 0 | AR32: 0 | AZ32: 0 | BA32: 0 | BB32: 0 | BC32: 0 | BD32: 0 | BE32: 0 | BF32: 0 | BG32: 0 | BH32: 0 | BI32: 0 | BJ32: 0 | BK32: 0 | BL32: 0 | BM32: 0 | BO32: 46083 | BP32: 0 | BQ32: 0 | BR32: 0 | BS32: 0 | BU32: 0 | BV32: 0 | BW32: 0 | BX32: 0 | BY32: 0 | CA32: 0 | CB32: 46083 | CC32: 46083 | CD32: E1218
A33: 1219 | B33: I | C33: N | D33: 46083 | E33: 1 | F33: 90004 | G33: N | I33: 83-5638 | J33: สฎ | K33: 0 | L33: นฤพน สินธู | M33: 0 | N33: 18 | O33: 004 | P33: 004 | R33: 902_3 | S33: N | T33: N | U33: N | V33: FFB | W33: 0 | X33: 0 | Y33: 0 | Z33: 46083.628 | AA33: 50 | AB33: 5540 | AC33: 46083.625 | AD33: 48 | AE33: 13000 | AF33: 7460 | AG33: 0 | AH33: 0 | AI33: 0 | AJ33: 0 | AK33: 0 | AL33: 0 | AM33: 0 | AN33: 0 | AP33: 358 | AQ33: 0 | AR33: 0 | AZ33: 0 | BA33: 0 | BB33: 0 | BC33: 0 | BD33: 0 | BE33: 0 | BF33: 0 | BG33: 0 | BH33: 0 | BI33: 0 | BJ33: 0 | BK33: 0 | BL33: 0 | BM33: 0 | BO33: 46083 | BP33: 0 | BQ33: 0 | BR33: 0 | BS33: 0 | BU33: 0 | BV33: 0 | BW33: 0 | BX33: 0 | BY33: 0 | CA33: 0 | CB33: 46083 | CC33: 46083 | CD33: E1219
A34: 1220 | B34: I | C34: N | D34: 46083 | E34: 1 | F34: 22455 | G34: N | I34: ผท1425 | J34: สฎ | K34: 0 | M34: 0 | N34: 18 | O34: 004 | P34: 004 | S34: N | T34: N | U34: N | V34: FFB | W34: 6.4 | X34: 0 | Y34: 0 | Z34: 46083.644 | AA34: 56 | AB34: 2000 | AC34: 46083.632 | AD34: 51 | AE34: 5410 | AF34: 3410 | AG34: 0 | AH34: 0 | AI34: 0 | AJ34: 0 | AK34: 0 | AL34: 0 | AM34: 0 | AN34: 0 | AP34: 0 | AQ34: 0 | AR34: 0 | AZ34: 0 | BA34: 0 | BB34: 0 | BC34: 0 | BD34: 0 | BE34: 0 | BF34: 0 | BG34: 0 | BH34: 0 | BI34: 0 | BJ34: 0 | BK34: 0 | BL34: 0 | BM34: 0 | BO34: 46083 | BP34: 0 | BQ34: 0 | BR34: 0 | BS34: 0 | BU34: 0 | BV34: 0 | BW34: 0 | BX34: 0 | BY34: 0 | CA34: 0 | CB34: 46083 | CC34: 46083 | CD34: E1220
A35: 1221 | B35: I | C35: N | D35: 46083 | E35: 1 | F35: 94008_2 | G35: N | I35: 81-7041 | J35: สฎ | K35: 0 | L35: นฤพล สินธู | M35: 0 | N35: 18 | O35: 004 | P35: 004 | R35: 942_1 | S35: N | T35: N | U35: N | V35: FFB | W35: 0 | X35: 0 | Y35: 0 | Z35: 46083.638 | AA35: 54 | AB35: 4330 | AC35: 46083.634 | AD35: 53 | AE35: 8900 | AF35: 4570 | AG35: 0 | AH35: 0 | AI35: 0 | AJ35: 0 | AK35: 0 | AL35: 0 | AM35: 0 | AN35: 0 | AP35: 874 | AQ35: 0 | AR35: 0 | AZ35: 0 | BA35: 0 | BB35: 0 | BC35: 0 | BD35: 0 | BE35: 0 | BF35: 0 | BG35: 0 | BH35: 0 | BI35: 0 | BJ35: 0 | BK35: 0 | BL35: 0 | BM35: 0 | BO35: 46083 | BP35: 0 | BQ35: 0 | BR35: 0 | BS35: 0 | BU35: 0 | BV35: 0 | BW35: 0 | BX35: 0 | BY35: 0 | CA35: 0 | CB35: 46083 | CC35: 46083 | CD35: E1221
A36: 1222 | B36: I | C36: N | D36: 46083 | E36: 1 | F36: 22456 | G36: N | I36: 81-2209 | J36: สฎ | K36: 0 | L36: นายสุธีร์ เกตุแย้ม | M36: 0 | N36: 18 | O36: 004 | P36: 004 | S36: N | T36: N | U36: N | V36: FFB | W36: 6.3 | X36: 0 | Y36: 0 | Z36: 46083.652 | AA36: 59 | AB36: 4450 | AC36: 46083.651 | AD36: 57 | AE36: 6520 | AF36: 2070 | AG36: 0 | AH36: 0 | AI36: 0 | AJ36: 0 | AK36: 0 | AL36: 0 | AM36: 0 | AN36: 0 | AP36: 0 | AQ36: 0 | AR36: 0 | AZ36: 0 | BA36: 0 | BB36: 0 | BC36: 0 | BD36: 0 | BE36: 0 | BF36: 0 | BG36: 0 | BH36: 0 | BI36: 0 | BJ36: 0 | BK36: 0 | BL36: 0 | BM36: 0 | BO36: 46083 | BP36: 0 | BQ36: 0 | BR36: 0 | BS36: 0 | BU36: 0 | BV36: 0 | BW36: 0 | BX36: 0 | BY36: 0 | CA36: 0 | CB36: 46083 | CC36: 46083 | CD36: E1222
A37: 1223 | B37: I | C37: N | D37: 46083 | E37: 1 | F37: 22455 | G37: N | I37: ผต1807 | J37: สฎ | K37: 0 | L37: ชัชพิสิฐ มวนนามอญ | M37: 0 | N37: 18 | O37: 004 | P37: 004 | S37: N | T37: N | U37: N | V37: FFB | W37: 6.4 | X37: 0 | Y37: 0 | Z37: 46083.67 | AA37: 62 | AB37: 2130 | AC37: 46083.667 | AD37: 60 | AE37: 2610 | AF37: 480 | AG37: 0 | AH37: 0 | AI37: 0 | AJ37: 0 | AK37: 0 | AL37: 0 | AM37: 0 | AN37: 0 | AP37: 0 | AQ37: 1 | AR37: 0 | AZ37: 0 | BA37: 0 | BB37: 0 | BC37: 0 | BD37: 0 | BE37: 0 | BF37: 0 | BG37: 0 | BH37: 0 | BI37: 0 | BJ37: 0 | BK37: 0 | BL37: 0 | BM37: 0 | BO37: 46083 | BP37: 0 | BQ37: 0 | BR37: 0 | BS37: 0 | BU37: 0 | BV37: 0 | BW37: 0 | BX37: 0 | BY37: 0 | CA37: 0 | CB37: 46083 | CC37: 46083 | CD37: E1223
A38: 1224 | B38: I | C38: N | D38: 46083 | E38: 1 | F38: 90009 | G38: N | I38: ผบ3033 | J38: สฎ | K38: 0 | L38: อุทุมพร วิเชียร | M38: 0 | N38: 18 | O38: 004 | P38: 004 | R38: 902_6 | S38: N | T38: N | U38: N | V38: FFB | W38: 0 | X38: 0 | Y38: 0 | Z38: 46083.679 | AA38: 65 | AB38: 1870 | AC38: 46083.673 | AD38: 63 | AE38: 3600 | AF38: 1730 | AG38: 0 | AH38: 0 | AI38: 0 | AJ38: 0 | AK38: 0 | AL38: 0 | AM38: 0 | AN38: 0 | AP38: 100 | AQ38: 0 | AR38: 0 | AZ38: 0 | BA38: 0 | BB38: 0 | BC38: 0 | BD38: 0 | BE38: 0 | BF38: 0 | BG38: 0 | BH38: 0 | BI38: 0 | BJ38: 0 | BK38: 0 | BL38: 0 | BM38: 0 | BO38: 46083 | BP38: 0 | BQ38: 0 | BR38: 0 | BS38: 0 | BU38: 0 | BV38: 0 | BW38: 0 | BX38: 0 | BY38: 0 | CA38: 0 | CB38: 46083 | CC38: 46083 | CD38: E1224
A39: 1225 | B39: I | C39: N | D39: 46083 | E39: 1 | F39: 90012 | G39: N | I39: บร2653 | J39: สฎ | K39: 0 | L39: สันติภาพ | M39: 0 | N39: 18 | O39: 004 | P39: 004 | R39: 902 | S39: N | T39: N | U39: N | V39: FFB | W39: 0 | X39: 0 | Y39: 0 | Z39: 46083.68 | AA39: 66 | AB39: 1530 | AC39: 46083.674 | AD39: 64 | AE39: 4480 | AF39: 2950 | AG39: 0 | AH39: 0 | AI39: 0 | AJ39: 0 | AK39: 0 | AL39: 0 | AM39: 0 | AN39: 0 | AP39: 127 | AQ39: 0 | AR39: 0 | AZ39: 0 | BA39: 0 | BB39: 0 | BC39: 0 | BD39: 0 | BE39: 0 | BF39: 0 | BG39: 0 | BH39: 0 | BI39: 0 | BJ39: 0 | BK39: 0 | BL39: 0 | BM39: 0 | BO39: 46083 | BP39: 0 | BQ39: 0 | BR39: 0 | BS39: 0 | BU39: 0 | BV39: 0 | BW39: 0 | BX39: 0 | BY39: 0 | CA39: 0 | CB39: 46083 | CC39: 46083 | CD39: E1225
A40: 1226 | B40: I | C40: N | D40: 46083 | E40: 1 | F40: 94009_2 | G40: N | I40: ผท9991 | J40: สฎ | K40: 0 | M40: 0 | N40: 18 | O40: 004 | P40: 004 | R40: 942_3 | S40: N | T40: N | U40: N | V40: FFB | W40: 0 | X40: 0 | Y40: 0 | Z40: 46083.685 | AA40: 69 | AB40: 2120 | AC40: 46083.682 | AD40: 68 | AE40: 3600 | AF40: 1480 | AG40: 0 | AH40: 0 | AI40: 0 | AJ40: 0 | AK40: 0 | AL40: 0 | AM40: 0 | AN40: 0 | AP40: 305 | AQ40: 0 | AR40: 0 | AZ40: 0 | BA40: 0 | BB40: 0 | BC40: 0 | BD40: 0 | BE40: 0 | BF40: 0 | BG40: 0 | BH40: 0 | BI40: 0 | BJ40: 0 | BK40: 0 | BL40: 0 | BM40: 0 | BO40: 46083 | BP40: 0 | BQ40: 0 | BR40: 0 | BS40: 0 | BU40: 0 | BV40: 0 | BW40: 0 | BX40: 0 | BY40: 0 | CA40: 0 | CB40: 46083 | CC40: 46083 | CD40: E1226
A41: 1227 | B41: O | C41: N | D41: 46083 | E41: 3 | F41: 99000 | G41: N | I41: 82-8674,83-2576 | J41: สฎ | K41: 0 | L41: พยุงศักดิ์ สมเพชร | M41: 0 | N41: 18 | O41: 004 | P41: 004 | S41: N | T41: N | U41: N | V41: FFB | W41: 0 | X41: 0 | Y41: 0 | Z41: 46083.687 | AA41: 70 | AB41: 29780 | AC41: 46083.715 | AD41: 74 | AE41: 43200 | AF41: 13420 | AG41: 0 | AH41: 0 | AI41: 0 | AJ41: 0 | AK41: 0 | AL41: 0 | AM41: 0 | AN41: 0 | AP41: 0 | AQ41: 0 | AR41: 0 | AZ41: 0 | BA41: 0 | BB41: 0 | BC41: 0 | BD41: 0 | BE41: 0 | BF41: 0 | BG41: 0 | BH41: 0 | BI41: 0 | BJ41: 0 | BK41: 0 | BL41: 0 | BM41: 0 | BN41: N02004 | BO41: 46083 | BP41: 18 | BQ41: 29720 | BR41: 43120 | BS41: 13400 | BU41: 0 | BV41: 0 | BW41: 0 | BX41: 0 | BY41: 0 | BZ41: SPC | CA41: 0 | CB41: 46083.762 | CC41: 46083.785 | CD41: E1227
A42: 1228 | B42: I | C42: N | D42: 46083 | E42: 1 | F42: 90012 | G42: N | I42: ผบ5011 | J42: สฎ | K42: 0 | L42: สันติภาพ | M42: 0 | N42: 18 | O42: 004 | P42: 004 | R42: 902 | S42: N | T42: N | U42: N | V42: FFB | W42: 0 | X42: 0 | Y42: 0 | Z42: 46083.709 | AA42: 72 | AB42: 2070 | AC42: 46083.702 | AD42: 71 | AE42: 4800 | AF42: 2730 | AG42: 0 | AH42: 0 | AI42: 0 | AJ42: 0 | AK42: 0 | AL42: 0 | AM42: 0 | AN42: 0 | AP42: 130 | AQ42: 0 | AR42: 0 | AZ42: 0 | BA42: 0 | BB42: 0 | BC42: 0 | BD42: 0 | BE42: 0 | BF42: 0 | BG42: 0 | BH42: 0 | BI42: 0 | BJ42: 0 | BK42: 0 | BL42: 0 | BM42: 0 | BO42: 46083 | BP42: 0 | BQ42: 0 | BR42: 0 | BS42: 0 | BU42: 0 | BV42: 0 | BW42: 0 | BX42: 0 | BY42: 0 | CA42: 0 | CB42: 46083 | CC42: 46083 | CD42: E1228
A43: 1230 | B43: O | C43: N | D43: 46083 | E43: 3 | F43: 99000 | G43: N | I43: 82-8675,82-9420 | J43: สฎ | K43: 0 | L43: ธานี ช่วงโชค | M43: 0 | N43: 18 | O43: 004 | P43: 004 | S43: N | T43: N | U43: N | V43: FFB | W43: 0 | X43: 0 | Y43: 0 | Z43: 46083.74 | AA43: 76 | AB43: 21240 | AC43: 46083.761 | AD43: 80 | AE43: 37980 | AF43: 16740 | AG43: 0 | AH43: 0 | AI43: 0 | AJ43: 0 | AK43: 0 | AL43: 0 | AM43: 0 | AN43: 0 | AP43: 0 | AQ43: 0 | AR43: 0 | AZ43: 0 | BA43: 0 | BB43: 0 | BC43: 0 | BD43: 0 | BE43: 0 | BF43: 0 | BG43: 0 | BH43: 0 | BI43: 0 | BJ43: 0 | BK43: 0 | BL43: 0 | BM43: 0 | BN43: 02005 | BO43: 46083 | BP43: 18 | BQ43: 21210 | BR43: 37920 | BS43: 16710 | BU43: 0 | BV43: 0 | BW43: 0 | BX43: 0 | BY43: 0 | BZ43: SPC | CA43: 0 | CB43: 46083.803 | CC43: 46083.817 | CD43: E1230
A44: 1231 | B44: I | C44: N | D44: 46083 | E44: 1 | F44: 90012 | G44: N | I44: ผบ5011 | J44: สฎ | K44: 0 | L44: สันติภาพ | M44: 0 | N44: 18 | O44: 004 | P44: 004 | R44: 902 | S44: N | T44: N | U44: N | V44: FFB | W44: 0 | X44: 0 | Y44: 0 | Z44: 46083.748 | AA44: 78 | AB44: 2050 | AC44: 46083.744 | AD44: 77 | AE44: 3330 | AF44: 1280 | AG44: 0 | AH44: 0 | AI44: 0 | AJ44: 0 | AK44: 0 | AL44: 0 | AM44: 0 | AN44: 0 | AP44: 50 | AQ44: 0 | AR44: 0 | AZ44: 0 | BA44: 0 | BB44: 0 | BC44: 0 | BD44: 0 | BE44: 0 | BF44: 0 | BG44: 0 | BH44: 0 | BI44: 0 | BJ44: 0 | BK44: 0 | BL44: 0 | BM44: 0 | BO44: 46083 | BP44: 0 | BQ44: 0 | BR44: 0 | BS44: 0 | BU44: 0 | BV44: 0 | BW44: 0 | BX44: 0 | BY44: 0 | CA44: 0 | CB44: 46083 | CC44: 46083 | CD44: E1231
A45: 1232 | B45: I | C45: N | D45: 46085 | E45: 1 | F45: 22455 | G45: N | I45: ผต1807 | J45: สฎ | K45: 0 | L45: ชัชพิสิฐ มวนนามอญ | M45: 0 | N45: 18 | O45: 004 | P45: 004 | S45: N | T45: N | U45: N | V45: FFB | W45: 6.4 | X45: 0 | Y45: 0 | Z45: 46085.348 | AA45: 2 | AB45: 2260 | AC45: 46085.336 | AD45: 1 | AE45: 5810 | AF45: 3550 | AG45: 0 | AH45: 0 | AI45: 0 | AJ45: 0 | AK45: 0 | AL45: 0 | AM45: 0 | AN45: 0 | AP45: 0 | AQ45: 1 | AR45: 6 | AZ45: 0 | BA45: 0 | BB45: 0 | BC45: 0 | BD45: 0 | BE45: 0 | BF45: 0 | BG45: 0 | BH45: 0 | BI45: 0 | BJ45: 0 | BK45: 0 | BL45: 0 | BM45: 0 | BO45: 46085 | BP45: 0 | BQ45: 0 | BR45: 0 | BS45: 0 | BU45: 0 | BV45: 0 | BW45: 0 | BX45: 0 | BY45: 0 | CA45: 0 | CB45: 46085 | CC45: 46085 | CD45: E1232
A46: 1233 | B46: I | C46: N | D46: 46085 | E46: 1 | F46: 91005_2 | G46: N | I46: ผน1871 | J46: สฎ | K46: 0 | M46: 0 | N46: 18 | O46: 004 | P46: 004 | R46: 911_2 | S46: N | T46: N | U46: N | V46: FFB | W46: 0 | X46: 0 | Y46: 0 | Z46: 46085.453 | AA46: 6 | AB46: 2150 | AC46: 46085.446 | AD46: 3 | AE46: 3800 | AF46: 1650 | AG46: 0 | AH46: 0 | AI46: 0 | AJ46: 0 | AK46: 0 | AL46: 0 | AM46: 0 | AN46: 0 | AP46: 340 | AQ46: 0 | AR46: 0 | AZ46: 0 | BA46: 0 | BB46: 0 | BC46: 0 | BD46: 0 | BE46: 0 | BF46: 0 | BG46: 0 | BH46: 0 | BI46: 0 | BJ46: 0 | BK46: 0 | BL46: 0 | BM46: 0 | BO46: 46085 | BP46: 0 | BQ46: 0 | BR46: 0 | BS46: 0 | BU46: 0 | BV46: 0 | BW46: 0 | BX46: 0 | BY46: 0 | CA46: 0 | CB46: 46085 | CC46: 46085 | CD46: E1233
A47: 1234 | B47: I | C47: N | D47: 46085 | E47: 1 | F47: 22456 | G47: N | I47: ผบ6288 | J47: สฎ | K47: 0 | L47: สมศักดิ์ รอกระโทก | M47: 0 | N47: 18 | O47: 004 | P47: 004 | S47: N | T47: N | U47: N | V47: FFB | W47: 6.4 | X47: 0 | Y47: 0 | Z47: 46085.458 | AA47: 8 | AB47: 2090 | AC47: 46085.45 | AD47: 4 | AE47: 3290 | AF47: 1200 | AG47: 0 | AH47: 0 | AI47: 0 | AJ47: 0 | AK47: 0 | AL47: 0 | AM47: 0 | AN47: 0 | AP47: 0 | AQ47: 0 | AR47: 0 | AZ47: 0 | BA47: 0 | BB47: 0 | BC47: 0 | BD47: 0 | BE47: 0 | BF47: 0 | BG47: 0 | BH47: 0 | BI47: 0 | BJ47: 0 | BK47: 0 | BL47: 0 | BM47: 0 | BO47: 46085 | BP47: 0 | BQ47: 0 | BR47: 0 | BS47: 0 | BU47: 0 | BV47: 0 | BW47: 0 | BX47: 0 | BY47: 0 | CA47: 0 | CB47: 46085 | CC47: 46085 | CD47: E1234
A48: 1235 | B48: I | C48: N | D48: 46085 | E48: 1 | F48: 91002_2 | G48: N | I48: บร5489 | J48: สฎ | K48: 0 | M48: 0 | N48: 18 | O48: 004 | P48: 004 | R48: 911_2 | S48: N | T48: N | U48: N | V48: FFB | W48: 0 | X48: 0 | Y48: 0 | Z48: 46085.462 | AA48: 9 | AB48: 2110 | AC48: 46085.452 | AD48: 5 | AE48: 4430 | AF48: 2320 | AG48: 0 | AH48: 0 | AI48: 0 | AJ48: 0 | AK48: 0 | AL48: 0 | AM48: 0 | AN48: 0 | AP48: 323 | AQ48: 0 | AR48: 0 | AZ48: 0 | BA48: 0 | BB48: 0 | BC48: 0 | BD48: 0 | BE48: 0 | BF48: 0 | BG48: 0 | BH48: 0 | BI48: 0 | BJ48: 0 | BK48: 0 | BL48: 0 | BM48: 0 | BO48: 46085 | BP48: 0 | BQ48: 0 | BR48: 0 | BS48: 0 | BU48: 0 | BV48: 0 | BW48: 0 | BX48: 0 | BY48: 0 | CA48: 0 | CB48: 46085 | CC48: 46085 | CD48: E1235
A49: 1236 | B49: O | C49: N | D49: 46085 | E49: 3 | F49: 99000 | G49: N | I49: 83-5636,83-5637 | J49: สฎ | K49: 0 | L49: ประฏิพัทธิ์ คุณสุทธิ์ | M49: 0 | N49: 18 | O49: 004 | P49: 004 | S49: N | T49: N | U49: N | V49: FFB | W49: 0 | X49: 0 | Y49: 0 | Z49: 46085.456 | AA49: 7 | AB49: 22920 | AC49: 46085.524 | AD49: 22 | AE49: 50470 | AF49: 27550 | AG49: 0 | AH49: 0 | AI49: 0 | AJ49: 0 | AK49: 0 | AL49: 0 | AM49: 0 | AN49: 0 | AP49: 0 | AQ49: 0 | AR49: 0 | AZ49: 0 | BA49: 0 | BB49: 0 | BC49: 0 | BD49: 0 | BE49: 0 | BF49: 0 | BG49: 0 | BH49: 0 | BI49: 0 | BJ49: 0 | BK49: 0 | BL49: 0 | BM49: 0 | BN49: 02047 | BO49: 46085 | BP49: 18 | BQ49: 22900 | BR49: 50340 | BS49: 27440 | BU49: 0 | BV49: 0 | BW49: 0 | BX49: 0 | BY49: 0 | BZ49: SPC | CA49: 0 | CB49: 46085.574 | CC49: 46085.596 | CD49: E1236
A50: 1237 | B50: I | C50: N | D50: 46085 | E50: 1 | F50: 22455 | G50: N | I50: ผท1425 | J50: สฎ | K50: 0 | M50: 0 | N50: 18 | O50: 004 | P50: 004 | S50: N | T50: N | U50: N | V50: FFB | W50: 6.5 | X50: 0 | Y50: 0 | Z50: 46085.48 | AA50: 11 | AB50: 2000 | AC50: 46085.471 | AD50: 10 | AE50: 5240 | AF50: 3240 | AG50: 0 | AH50: 0 | AI50: 0 | AJ50: 0 | AK50: 0 | AL50: 0 | AM50: 0 | AN50: 0 | AP50: 0 | AQ50: 0 | AR50: 0 | AZ50: 0 | BA50: 0 | BB50: 0 | BC50: 0 | BD50: 0 | BE50: 0 | BF50: 0 | BG50: 0 | BH50: 0 | BI50: 0 | BJ50: 0 | BK50: 0 | BL50: 0 | BM50: 0 | BO50: 46085 | BP50: 0 | BQ50: 0 | BR50: 0 | BS50: 0 | BU50: 0 | BV50: 0 | BW50: 0 | BX50: 0 | BY50: 0 | CA50: 0 | CB50: 46085 | CC50: 46085 | CD50: E1237
A51: 1238 | B51: I | C51: N | D51: 46085 | E51: 1 | F51: 22455 | G51: N | I51: ผต1807 | J51: สฎ | K51: 0 | L51: ชัชพิสิฐ มวนนามอญ | M51: 0 | N51: 18 | O51: 004 | P51: 004 | S51: N | T51: N | U51: N | V51: FFB | W51: 6.5 | X51: 0 | Y51: 0 | Z51: 46085.492 | AA51: 13 | AB51: 2140 | AC51: 46085.483 | AD51: 12 | AE51: 5320 | AF51: 3180 | AG51: 0 | AH51: 0 | AI51: 0 | AJ51: 0 | AK51: 0 | AL51: 0 | AM51: 0 | AN51: 0 | AP51: 0 | AQ51: 0 | AR51: 0 | AZ51: 0 | BA51: 0 | BB51: 0 | BC51: 0 | BD51: 0 | BE51: 0 | BF51: 0 | BG51: 0 | BH51: 0 | BI51: 0 | BJ51: 0 | BK51: 0 | BL51: 0 | BM51: 0 | BO51: 46085 | BP51: 0 | BQ51: 0 | BR51: 0 | BS51: 0 | BU51: 0 | BV51: 0 | BW51: 0 | BX51: 0 | BY51: 0 | CA51: 0 | CB51: 46085 | CC51: 46085 | CD51: E1238
A52: 1239 | B52: I | C52: N | D52: 46085 | E52: 1 | F52: 90012 | G52: N | I52: บร2653 | J52: สฎ | K52: 0 | L52: สันติภาพ | M52: 0 | N52: 18 | O52: 004 | P52: 004 | R52: 902 | S52: N | T52: N | U52: N | V52: FFB | W52: 0 | X52: 0 | Y52: 0 | Z52: 46085.502 | AA52: 19 | AB52: 1540 | AC52: 46085.494 | AD52: 14 | AE52: 4120 | AF52: 2580 | AG52: 0 | AH52: 0 | AI52: 0 | AJ52: 0 | AK52: 0 | AL52: 0 | AM52: 0 | AN52: 0 | AP52: 115 | AQ52: 0 | AR52: 0 | AZ52: 0 | BA52: 0 | BB52: 0 | BC52: 0 | BD52: 0 | BE52: 0 | BF52: 0 | BG52: 0 | BH52: 0 | BI52: 0 | BJ52: 0 | BK52: 0 | BL52: 0 | BM52: 0 | BO52: 46085 | BP52: 0 | BQ52: 0 | BR52: 0 | BS52: 0 | BU52: 0 | BV52: 0 | BW52: 0 | BX52: 0 | BY52: 0 | CA52: 0 | CB52: 46085 | CC52: 46085 | CD52: E1239
A53: 1240 | B53: I | C53: N | D53: 46085 | E53: 1 | F53: 90009 | G53: N | I53: ผบ3033 | J53: สฎ | K53: 0 | L53: อุทุมพร วิเชียร | M53: 0 | N53: 18 | O53: 004 | P53: 004 | R53: 902_6 | S53: N | T53: N | U53: N | V53: FFB | W53: 0 | X53: 0 | Y53: 0 | Z53: 46085.511 | AA53: 20 | AB53: 1850 | AC53: 46085.495 | AD53: 15 | AE53: 4900 | AF53: 3050 | AG53: 0 | AH53: 0 | AI53: 0 | AJ53: 0 | AK53: 0 | AL53: 0 | AM53: 0 | AN53: 0 | AP53: 197 | AQ53: 0 | AR53: 0 | AZ53: 0 | BA53: 0 | BB53: 0 | BC53: 0 | BD53: 0 | BE53: 0 | BF53: 0 | BG53: 0 | BH53: 0 | BI53: 0 | BJ53: 0 | BK53: 0 | BL53: 0 | BM53: 0 | BO53: 46085 | BP53: 0 | BQ53: 0 | BR53: 0 | BS53: 0 | BU53: 0 | BV53: 0 | BW53: 0 | BX53: 0 | BY53: 0 | CA53: 0 | CB53: 46085 | CC53: 46085 | CD53: E1240
A54: 1241 | B54: I | C54: N | D54: 46085 | E54: 1 | F54: 91013 | G54: N | I54: 82-2952 | J54: สฎ | K54: 0 | L54: ธวัชชัย ชูจอน | M54: 0 | N54: 18 | O54: 004 | P54: 004 | R54: 919 | S54: N | T54: N | U54: N | V54: FFB | W54: 0 | X54: 0 | Y54: 0 | Z54: 46085.498 | AA54: 17 | AB54: 7240 | AC54: 46085.496 | AD54: 16 | AE54: 15110 | AF54: 7870 | AG54: 0 | AH54: 0 | AI54: 0 | AJ54: 0 | AK54: 0 | AL54: 0 | AM54: 0 | AN54: 0 | AP54: 298 | AQ54: 0 | AR54: 0 | AZ54: 0 | BA54: 0 | BB54: 0 | BC54: 0 | BD54: 0 | BE54: 0 | BF54: 0 | BG54: 0 | BH54: 0 | BI54: 0 | BJ54: 0 | BK54: 0 | BL54: 0 | BM54: 0 | BO54: 46085 | BP54: 0 | BQ54: 0 | BR54: 0 | BS54: 0 | BU54: 0 | BV54: 0 | BW54: 0 | BX54: 0 | BY54: 0 | CA54: 0 | CB54: 46085 | CC54: 46085 | CD54: E1241
A55: 1242 | B55: I | C55: N | D55: 46085 | E55: 1 | F55: 91004 | G55: N | I55: ผธ236 | J55: สฎ | K55: 0 | L55: ธนาวุฒิ เพชรสังวาลย์ | M55: 0 | N55: 18 | O55: 004 | P55: 004 | R55: 917 | S55: N | T55: N | U55: N | V55: FFB | W55: 0 | X55: 0 | Y55: 0 | Z55: 46085.515 | AA55: 21 | AB55: 1580 | AC55: 46085.501 | AD55: 18 | AE55: 4420 | AF55: 2840 | AG55: 0 | AH55: 0 | AI55: 0 | AJ55: 0 | AK55: 0 | AL55: 0 | AM55: 0 | AN55: 0 | AP55: 195 | AQ55: 0 | AR55: 0 | AZ55: 0 | BA55: 0 | BB55: 0 | BC55: 0 | BD55: 0 | BE55: 0 | BF55: 0 | BG55: 0 | BH55: 0 | BI55: 0 | BJ55: 0 | BK55: 0 | BL55: 0 | BM55: 0 | BO55: 46085 | BP55: 0 | BQ55: 0 | BR55: 0 | BS55: 0 | BU55: 0 | BV55: 0 | BW55: 0 | BX55: 0 | BY55: 0 | CA55: 0 | CB55: 46085 | CC55: 46085 | CD55: E1242
A56: 1243 | B56: I | C56: N | D56: 46085 | E56: 1 | F56: 90013 | G56: N | I56: 81-9344 | J56: สฎ | K56: 0 | L56: ทวีศักดิ์ วิโรจน์ | M56: 0 | N56: 18 | O56: 004 | P56: 004 | R56: 902_2 | S56: N | T56: N | U56: N | V56: FFB | W56: 0 | X56: 0 | Y56: 0 | Z56: 46085.539 | AA56: 24 | AB56: 3450 | AC56: 46085.536 | AD56: 23 | AE56: 7900 | AF56: 4450 | AG56: 0 | AH56: 0 | AI56: 0 | AJ56: 0 | AK56: 0 | AL56: 0 | AM56: 0 | AN56: 0 | AP56: 193 | AQ56: 0 | AR56: 0 | AZ56: 0 | BA56: 0 | BB56: 0 | BC56: 0 | BD56: 0 | BE56: 0 | BF56: 0 | BG56: 0 | BH56: 0 | BI56: 0 | BJ56: 0 | BK56: 0 | BL56: 0 | BM56: 0 | BO56: 46085 | BP56: 0 | BQ56: 0 | BR56: 0 | BS56: 0 | BU56: 0 | BV56: 0 | BW56: 0 | BX56: 0 | BY56: 0 | CA56: 0 | CB56: 46085 | CC56: 46085 | CD56: E1243
A57: 1244 | B57: I | C57: N | D57: 46085 | E57: 1 | F57: 93007 | G57: N | I57: 81-1797 | J57: สฎ | K57: 0 | L57: นายบัญญัติ ศรีสุข | M57: 0 | N57: 18 | O57: 004 | P57: 004 | R57: 931_3 | S57: N | T57: N | U57: N | V57: FFB | W57: 0 | X57: 0 | Y57: 0 | Z57: 46085.569 | AA57: 26 | AB57: 6450 | AC57: 46085.566 | AD57: 25 | AE57: 14180 | AF57: 7730 | AG57: 0 | AH57: 0 | AI57: 0 | AJ57: 0 | AK57: 0 | AL57: 0 | AM57: 0 | AN57: 0 | AP57: 370 | AQ57: 0 | AR57: 0 | AZ57: 0 | BA57: 0 | BB57: 0 | BC57: 0 | BD57: 0 | BE57: 0 | BF57: 0 | BG57: 0 | BH57: 0 | BI57: 0 | BJ57: 0 | BK57: 0 | BL57: 0 | BM57: 0 | BO57: 46085 | BP57: 0 | BQ57: 0 | BR57: 0 | BS57: 0 | BU57: 0 | BV57: 0 | BW57: 0 | BX57: 0 | BY57: 0 | CA57: 0 | CB57: 46085 | CC57: 46085 | CD57: E1244
A58: 1245 | B58: I | C58: N | D58: 46085 | E58: 1 | F58: 22455 | G58: N | I58: ผต1807 | J58: สฎ | K58: 0 | L58: ชัชพิสิฐ มวนนามอญ | M58: 0 | N58: 18 | O58: 004 | P58: 004 | S58: N | T58: N | U58: N | V58: FFB | W58: 6.5 | X58: 0 | Y58: 0 | Z58: 46085.579 | AA58: 29 | AB58: 2150 | AC58: 46085.572 | AD58: 27 | AE58: 5210 | AF58: 3060 | AG58: 0 | AH58: 0 | AI58: 0 | AJ58: 0 | AK58: 0 | AL58: 0 | AM58: 0 | AN58: 0 | AP58: 0 | AQ58: 3 | AR58: 0 | AZ58: 0 | BA58: 0 | BB58: 0 | BC58: 0 | BD58: 0 | BE58: 0 | BF58: 0 | BG58: 0 | BH58: 0 | BI58: 0 | BJ58: 0 | BK58: 0 | BL58: 0 | BM58: 0 | BO58: 46085 | BP58: 0 | BQ58: 0 | BR58: 0 | BS58: 0 | BU58: 0 | BV58: 0 | BW58: 0 | BX58: 0 | BY58: 0 | CA58: 0 | CB58: 46085 | CC58: 46085 | CD58: E1245
A59: 1246 | B59: I | C59: N | D59: 46085 | E59: 1 | F59: 94009_2 | G59: N | I59: ผท9991 | J59: สฎ | K59: 0 | M59: 0 | N59: 18 | O59: 004 | P59: 004 | R59: 942_3 | S59: N | T59: N | U59: N | V59: FFB | W59: 0 | X59: 0 | Y59: 0 | Z59: 46085.581 | AA59: 31 | AB59: 2150 | AC59: 46085.578 | AD59: 28 | AE59: 4600 | AF59: 2450 | AG59: 0 | AH59: 0 | AI59: 0 | AJ59: 0 | AK59: 0 | AL59: 0 | AM59: 0 | AN59: 0 | AP59: 482 | AQ59: 0 | AR59: 0 | AZ59: 0 | BA59: 0 | BB59: 0 | BC59: 0 | BD59: 0 | BE59: 0 | BF59: 0 | BG59: 0 | BH59: 0 | BI59: 0 | BJ59: 0 | BK59: 0 | BL59: 0 | BM59: 0 | BO59: 46085 | BP59: 0 | BQ59: 0 | BR59: 0 | BS59: 0 | BU59: 0 | BV59: 0 | BW59: 0 | BX59: 0 | BY59: 0 | CA59: 0 | CB59: 46085 | CC59: 46085 | CD59: E1246
A60: 1247 | B60: O | C60: N | D60: 46085 | E60: 3 | F60: 99000 | G60: N | I60: 82-8674,83-2576 | J60: สฎ | K60: 0 | L60: พยุงศักดิ์ สมเพชร | M60: 0 | N60: 18 | O60: 004 | P60: 004 | S60: N | T60: N | U60: N | V60: FFB | W60: 0 | X60: 0 | Y60: 0 | Z60: 46085.58 | AA60: 30 | AB60: 20980 | AC60: 46085.605 | AD60: 38 | AE60: 43230 | AF60: 22250 | AG60: 0 | AH60: 0 | AI60: 0 | AJ60: 0 | AK60: 0 | AL60: 0 | AM60: 0 | AN60: 0 | AP60: 0 | AQ60: 0 | AR60: 0 | AZ60: 0 | BA60: 0 | BB60: 0 | BC60: 0 | BD60: 0 | BE60: 0 | BF60: 0 | BG60: 0 | BH60: 0 | BI60: 0 | BJ60: 0 | BK60: 0 | BL60: 0 | BM60: 0 | BN60: 02054 | BO60: 46085 | BP60: 18 | BQ60: 20960 | BR60: 43110 | BS60: 22150 | BU60: 0 | BV60: 0 | BW60: 0 | BX60: 0 | BY60: 0 | BZ60: SPC | CA60: 0 | CB60: 46085.653 | CC60: 46085.667 | CD60: E1247
A61: 1248 | B61: I | C61: N | D61: 46085 | E61: 1 | F61: 22456 | G61: N | I61: 81-2209 | J61: สฎ | K61: 0 | L61: นายสุธีร์ เกตุแย้ม | M61: 0 | N61: 18 | O61: 004 | P61: 004 | S61: N | T61: N | U61: N | V61: FFB | W61: 6.4 | X61: 0 | Y61: 0 | Z61: 46085.585 | AA61: 33 | AB61: 4500 | AC61: 46085.582 | AD61: 32 | AE61: 8520 | AF61: 4020 | AG61: 0 | AH61: 0 | AI61: 0 | AJ61: 0 | AK61: 0 | AL61: 0 | AM61: 0 | AN61: 0 | AP61: 0 | AQ61: 0 | AR61: 0 | AZ61: 0 | BA61: 0 | BB61: 0 | BC61: 0 | BD61: 0 | BE61: 0 | BF61: 0 | BG61: 0 | BH61: 0 | BI61: 0 | BJ61: 0 | BK61: 0 | BL61: 0 | BM61: 0 | BO61: 46085 | BP61: 0 | BQ61: 0 | BR61: 0 | BS61: 0 | BU61: 0 | BV61: 0 | BW61: 0 | BX61: 0 | BY61: 0 | CA61: 0 | CB61: 46085 | CC61: 46085 | CD61: E1248
A62: 1249_1 | B62: I | C62: N | D62: 46085 | E62: 1 | F62: 91014 | G62: N | I62: 81-9790 | J62: สฎ | K62: 0 | L62: รถสำรอง | N62: 18 | O62: 004 | P62: 004 | R62: 914 | S62: N | T62: N | U62: N | V62: FFB | W62: 0 | Y62: 0 | Z62: 46085.593 | AA62: 37 | AB62: 4260 | AC62: 46085.586 | AD62: 34 | AE62: 10510 | AF62: 6250 | AP62: 372 | AQ62: 0 | AR62: 0 | AZ62: 0 | BA62: 0 | BB62: 0 | BC62: 0 | BD62: 0 | BE62: 0 | BF62: 0 | BG62: 0 | BH62: 0 | BI62: 0 | BJ62: 0 | BK62: 0 | BL62: 0 | BM62: 0 | BO62: 46085 | BP62: 0 | BQ62: 0 | BR62: 0 | BS62: 0 | BU62: 0 | BV62: 0 | BW62: 0 | BX62: 0 | BY62: 0 | CA62: 0 | CD62: E1249_1
A63: 1249_2 | B63: I | C63: N | D63: 46085 | E63: 1 | F63: 91014_1 | G63: N | I63: 81-9790 | J63: สฎ | K63: 0 | L63: รถสำรอง | N63: 18 | O63: 004 | P63: 004 | R63: 911 | S63: N | T63: N | U63: N | V63: FFB | W63: 0 | X63: 0 | Y63: 0 | Z63: 46085.593 | AA63: 37 | AB63: 4160 | AC63: 46085.586 | AD63: 34 | AE63: 4260 | AF63: 100 | AP63: 4 | AQ63: 0 | AR63: 0 | AZ63: 0 | BA63: 0 | BB63: 0 | BC63: 0 | BD63: 0 | BE63: 0 | BF63: 0 | BG63: 0 | BH63: 0 | BI63: 0 | BJ63: 0 | BK63: 0 | BL63: 0 | BM63: 0 | BO63: 46085 | BP63: 0 | BQ63: 0 | BR63: 0 | BS63: 0 | BU63: 0 | BV63: 0 | BW63: 0 | BX63: 0 | BY63: 0 | CA63: 0 | CD63: E1249_2
A64: 1250 | B64: I | C64: N | D64: 46085 | E64: 1 | F64: 90012 | G64: N | I64: ผบ5011 | J64: สฎ | K64: 0 | L64: สันติภาพ | M64: 0 | N64: 18 | O64: 004 | P64: 004 | R64: 902 | S64: N | T64: N | U64: N | V64: FFB | W64: 0 | X64: 0 | Y64: 0 | Z64: 46085.606 | AA64: 39 | AB64: 2040 | AC64: 46085.59 | AD64: 36 | AE64: 4230 | AF64: 2190 | AG64: 0 | AH64: 0 | AI64: 0 | AJ64: 0 | AK64: 0 | AL64: 0 | AM64: 0 | AN64: 0 | AP64: 110 | AQ64: 0 | AR64: 0 | AZ64: 0 | BA64: 0 | BB64: 0 | BC64: 0 | BD64: 0 | BE64: 0 | BF64: 0 | BG64: 0 | BH64: 0 | BI64: 0 | BJ64: 0 | BK64: 0 | BL64: 0 | BM64: 0 | BO64: 46085 | BP64: 0 | BQ64: 0 | BR64: 0 | BS64: 0 | BU64: 0 | BV64: 0 | BW64: 0 | BX64: 0 | BY64: 0 | CA64: 0 | CB64: 46085 | CC64: 46085 | CD64: E1250
A65: 1251 | B65: I | C65: N | D65: 46085 | E65: 1 | F65: 22455 | G65: N | I65: ผท1425 | J65: สฎ | K65: 0 | M65: 0 | N65: 18 | O65: 004 | P65: 004 | S65: N | T65: N | U65: N | V65: FFB | W65: 6.5 | X65: 0 | Y65: 0 | Z65: 46085.614 | AA65: 42 | AB65: 1990 | AC65: 46085.608 | AD65: 41 | AE65: 4940 | AF65: 2950 | AG65: 0 | AH65: 0 | AI65: 0 | AJ65: 0 | AK65: 0 | AL65: 0 | AM65: 0 | AN65: 0 | AP65: 0 | AQ65: 0 | AR65: 0 | AZ65: 0 | BA65: 0 | BB65: 0 | BC65: 0 | BD65: 0 | BE65: 0 | BF65: 0 | BG65: 0 | BH65: 0 | BI65: 0 | BJ65: 0 | BK65: 0 | BL65: 0 | BM65: 0 | BO65: 46085 | BP65: 0 | BQ65: 0 | BR65: 0 | BS65: 0 | BU65: 0 | BV65: 0 | BW65: 0 | BX65: 0 | BY65: 0 | CA65: 0 | CB65: 46085 | CC65: 46085 | CD65: E1251
A66: 1252 | B66: I | C66: N | D66: 46085 | E66: 1 | F66: 22424 | G66: N | I66: ผน979 | J66: สฎ | K66: 0 | M66: 0 | N66: 18 | O66: 004 | P66: 004 | S66: N | T66: N | U66: N | V66: FFB | W66: 6.6 | X66: 0 | Y66: 0 | Z66: 46085.63 | AA66: 47 | AB66: 2280 | AC66: 46085.622 | AD66: 43 | AE66: 5280 | AF66: 3000 | AG66: 0 | AH66: 0 | AI66: 0 | AJ66: 0 | AK66: 0 | AL66: 0 | AM66: 0 | AN66: 0 | AP66: 0 | AQ66: 0 | AR66: 0 | AZ66: 0 | BA66: 0 | BB66: 0 | BC66: 0 | BD66: 0 | BE66: 0 | BF66: 0 | BG66: 0 | BH66: 0 | BI66: 0 | BJ66: 0 | BK66: 0 | BL66: 0 | BM66: 0 | BO66: 46085 | BP66: 0 | BQ66: 0 | BR66: 0 | BS66: 0 | BU66: 0 | BV66: 0 | BW66: 0 | BX66: 0 | BY66: 0 | CA66: 0 | CB66: 46085 | CC66: 46085 | CD66: E1252
A67: 1253 | B67: I | C67: N | D67: 46085 | E67: 1 | F67: 90009 | G67: N | I67: ผบ3033 | J67: สฎ | K67: 0 | L67: อุทุมพร วิเชียร | M67: 0 | N67: 18 | O67: 004 | P67: 004 | R67: 902_6 | S67: N | T67: N | U67: N | V67: FFB | W67: 0 | X67: 0 | Y67: 0 | Z67: 46085.646 | AA67: 48 | AB67: 1840 | AC67: 46085.626 | AD67: 44 | AE67: 4920 | AF67: 3080 | AG67: 0 | AH67: 0 | AI67: 0 | AJ67: 0 | AK67: 0 | AL67: 0 | AM67: 0 | AN67: 0 | AP67: 195 | AQ67: 0 | AR67: 0 | AZ67: 0 | BA67: 0 | BB67: 0 | BC67: 0 | BD67: 0 | BE67: 0 | BF67: 0 | BG67: 0 | BH67: 0 | BI67: 0 | BJ67: 0 | BK67: 0 | BL67: 0 | BM67: 0 | BO67: 46085 | BP67: 0 | BQ67: 0 | BR67: 0 | BS67: 0 | BU67: 0 | BV67: 0 | BW67: 0 | BX67: 0 | BY67: 0 | CA67: 0 | CB67: 46085 | CC67: 46085 | CD67: E1253
A68: 1254 | B68: I | C68: N | D68: 46085 | E68: 1 | F68: 94008_2 | G68: N | I68: 81-7041 | J68: สฎ | K68: 0 | L68: นฤพล สินธู | M68: 0 | N68: 18 | O68: 004 | P68: 004 | R68: 942_1 | S68: N | T68: N | U68: N | V68: FFB | W68: 0 | X68: 0 | Y68: 0 | Z68: 46085.629 | AA68: 46 | AB68: 4320 | AC68: 46085.627 | AD68: 45 | AE68: 9110 | AF68: 4790 | AG68: 0 | AH68: 0 | AI68: 0 | AJ68: 0 | AK68: 0 | AL68: 0 | AM68: 0 | AN68: 0 | AP68: 964 | AQ68: 0 | AR68: 0 | AZ68: 0 | BA68: 0 | BB68: 0 | BC68: 0 | BD68: 0 | BE68: 0 | BF68: 0 | BG68: 0 | BH68: 0 | BI68: 0 | BJ68: 0 | BK68: 0 | BL68: 0 | BM68: 0 | BO68: 46085 | BP68: 0 | BQ68: 0 | BR68: 0 | BS68: 0 | BU68: 0 | BV68: 0 | BW68: 0 | BX68: 0 | BY68: 0 | CA68: 0 | CB68: 46085 | CC68: 46085 | CD68: E1254
A69: 1255 | B69: I | C69: N | D69: 46085 | E69: 1 | F69: 90013 | G69: N | I69: 81-9344 | J69: สฎ | K69: 0 | L69: ทวีศักดิ์ วิโรจน์ | M69: 0 | N69: 18 | O69: 004 | P69: 004 | R69: 902_2 | S69: N | T69: N | U69: N | V69: FFB | W69: 0 | X69: 0 | Y69: 0 | Z69: 46085.657 | AA69: 52 | AB69: 3440 | AC69: 46085.652 | AD69: 49 | AE69: 6660 | AF69: 3220 | AG69: 0 | AH69: 0 | AI69: 0 | AJ69: 0 | AK69: 0 | AL69: 0 | AM69: 0 | AN69: 0 | AP69: 114 | AQ69: 0 | AR69: 0 | AZ69: 0 | BA69: 0 | BB69: 0 | BC69: 0 | BD69: 0 | BE69: 0 | BF69: 0 | BG69: 0 | BH69: 0 | BI69: 0 | BJ69: 0 | BK69: 0 | BL69: 0 | BM69: 0 | BO69: 46085 | BP69: 0 | BQ69: 0 | BR69: 0 | BS69: 0 | BU69: 0 | BV69: 0 | BW69: 0 | BX69: 0 | BY69: 0 | CA69: 0 | CB69: 46085 | CC69: 46085 | CD69: E1255
